run,km,model,fit,p10,p90,n_points,inside,scored
"v10b pass (160 Mm3, 4% water)",0.9,336.37,237.90,128.20,363.60,5,1,1
"v10b pass (160 Mm3, 4% water)",1.0,336.62,237.90,128.20,363.60,5,1,1
"v10b pass (160 Mm3, 4% water)",1.1,336.87,237.90,128.20,363.60,5,1,1
"v10b pass (160 Mm3, 4% water)",1.2,337.12,237.90,128.20,363.60,5,1,1
"v10b pass (160 Mm3, 4% water)",1.3,320.83,237.90,128.20,363.60,5,1,1
"v10b pass (160 Mm3, 4% water)",1.4,304.53,237.90,128.20,363.60,5,1,1
"v10b pass (160 Mm3, 4% water)",1.5,288.24,237.90,128.20,363.60,5,1,1
"v10b pass (160 Mm3, 4% water)",1.6,271.95,237.90,128.20,363.60,5,1,1
"v10b pass (160 Mm3, 4% water)",1.7,264.49,237.90,128.20,363.60,5,1,1
"v10b pass (160 Mm3, 4% water)",1.8,257.04,237.90,128.20,363.60,5,1,1
"v10b pass (160 Mm3, 4% water)",1.9,249.59,237.90,128.20,363.60,5,1,1
"v10b pass (160 Mm3, 4% water)",2.0,242.14,237.90,128.20,363.60,5,1,1
"v10b pass (160 Mm3, 4% water)",2.1,239.96,237.90,128.20,363.60,5,1,1
"v10b pass (160 Mm3, 4% water)",11.3,226.12,138.80,88.40,164.90,6,0,1
"v10b pass (160 Mm3, 4% water)",11.4,224.90,138.80,100.50,179.40,8,0,1
"v10b pass (160 Mm3, 4% water)",11.5,223.68,138.80,79.80,179.40,10,0,1
"v10b pass (160 Mm3, 4% water)",11.6,222.46,138.80,66.90,196.50,12,0,1
"v10b pass (160 Mm3, 4% water)",11.7,220.40,138.80,65.70,194.40,14,0,1
"v10b pass (160 Mm3, 4% water)",11.8,218.33,138.80,66.00,191.50,16,0,1
"v10b pass (160 Mm3, 4% water)",11.9,216.27,142.00,66.20,190.00,17,0,1
"v10b pass (160 Mm3, 4% water)",12.0,214.21,148.70,66.40,188.60,18,0,1
"v10b pass (160 Mm3, 4% water)",12.1,212.54,142.00,66.50,187.10,19,0,1
"v10b pass (160 Mm3, 4% water)",12.2,210.87,148.70,66.70,185.70,20,0,1
"v10b pass (160 Mm3, 4% water)",12.3,209.20,145.40,68.20,183.60,22,0,1
"v10b pass (160 Mm3, 4% water)",12.4,207.53,145.40,71.00,182.30,24,0,1
"v10b pass (160 Mm3, 4% water)",12.5,207.63,145.40,73.70,181.10,26,0,1
"v10b pass (160 Mm3, 4% water)",12.6,207.74,145.40,76.50,179.90,28,0,1
"v10b pass (160 Mm3, 4% water)",12.7,207.84,152.10,79.20,178.60,30,0,1
"v10b pass (160 Mm3, 4% water)",12.8,207.94,149.00,80.60,178.00,31,0,1
"v10b pass (160 Mm3, 4% water)",12.9,209.43,148.90,80.70,177.90,32,0,1
"v10b pass (160 Mm3, 4% water)",13.0,210.91,148.80,80.90,177.80,33,0,1
"v10b pass (160 Mm3, 4% water)",13.1,212.40,145.40,80.70,177.90,32,0,1
"v10b pass (160 Mm3, 4% water)",13.2,213.88,149.00,82.20,181.40,31,0,1
"v10b pass (160 Mm3, 4% water)",13.3,216.12,148.80,80.90,180.70,33,0,1
"v10b pass (160 Mm3, 4% water)",13.4,218.36,148.80,80.90,180.70,33,0,1
"v10b pass (160 Mm3, 4% water)",13.5,220.59,137.70,80.90,177.80,33,0,1
"v10b pass (160 Mm3, 4% water)",13.6,222.83,136.40,85.40,177.20,30,0,1
"v10b pass (160 Mm3, 4% water)",13.7,224.44,137.40,91.90,176.10,29,0,1
"v10b pass (160 Mm3, 4% water)",13.8,226.04,136.20,91.00,175.90,30,0,1
"v10b pass (160 Mm3, 4% water)",13.9,227.65,137.40,90.50,176.10,29,0,1
"v10b pass (160 Mm3, 4% water)",14.0,229.26,135.10,90.50,176.10,29,0,1
"v10b pass (160 Mm3, 4% water)",14.1,230.54,135.00,89.90,176.20,28,0,1
"v10b pass (160 Mm3, 4% water)",14.2,231.82,135.10,90.50,176.10,29,0,1
"v10b pass (160 Mm3, 4% water)",14.3,233.10,137.40,91.60,175.80,31,0,1
"v10b pass (160 Mm3, 4% water)",14.4,234.38,140.10,93.40,177.10,31,0,1
"v10b pass (160 Mm3, 4% water)",14.5,235.12,138.70,97.00,176.10,30,0,1
"v10b pass (160 Mm3, 4% water)",14.6,235.86,138.70,95.80,172.60,28,0,1
"v10b pass (160 Mm3, 4% water)",14.7,236.60,136.10,95.80,171.70,28,0,1
"v10b pass (160 Mm3, 4% water)",14.8,237.34,134.90,96.40,170.70,29,0,1
"v10b pass (160 Mm3, 4% water)",14.9,238.14,134.90,96.40,170.70,29,0,1
"v10b pass (160 Mm3, 4% water)",15.0,238.95,134.90,96.40,170.70,29,0,1
"v10b pass (160 Mm3, 4% water)",15.1,239.75,134.50,90.00,171.70,28,0,1
"v10b pass (160 Mm3, 4% water)",15.2,240.55,133.30,90.00,168.40,28,0,1
"v10b pass (160 Mm3, 4% water)",15.3,241.96,131.80,91.10,168.30,30,0,1
"v10b pass (160 Mm3, 4% water)",15.4,243.37,132.50,96.40,168.40,29,0,1
"v10b pass (160 Mm3, 4% water)",15.5,244.78,133.30,101.90,168.40,28,0,1
"v10b pass (160 Mm3, 4% water)",15.6,246.18,134.20,103.70,168.60,25,0,1
"v10b pass (160 Mm3, 4% water)",15.7,249.39,133.30,103.30,168.60,24,0,1
"v10b pass (160 Mm3, 4% water)",15.8,252.59,133.30,103.30,168.60,24,0,1
"v10b pass (160 Mm3, 4% water)",15.9,255.79,134.20,108.40,168.70,23,0,1
"v10b pass (160 Mm3, 4% water)",16.0,259.00,134.20,108.40,166.10,23,0,1
"v10b pass (160 Mm3, 4% water)",16.1,261.59,134.20,105.90,168.30,21,0,1
"v10b pass (160 Mm3, 4% water)",16.2,264.18,133.30,107.10,167.20,22,0,1
"v10b pass (160 Mm3, 4% water)",16.3,266.77,131.10,105.90,157.30,21,0,1
"v10b pass (160 Mm3, 4% water)",16.4,269.37,127.80,104.80,154.50,18,0,1
"v10b pass (160 Mm3, 4% water)",16.5,270.18,130.80,105.10,154.50,19,0,1
"v10b pass (160 Mm3, 4% water)",16.6,271.00,122.90,103.20,148.40,18,0,1
"v10b pass (160 Mm3, 4% water)",16.7,271.82,121.80,103.50,146.70,20,0,1
"v10b pass (160 Mm3, 4% water)",16.8,272.63,121.40,103.50,145.60,20,0,1
"v10b pass (160 Mm3, 4% water)",16.9,273.02,117.50,103.10,140.60,20,0,1
"v10b pass (160 Mm3, 4% water)",17.0,273.41,116.40,102.30,139.70,22,0,1
"v10b pass (160 Mm3, 4% water)",17.1,273.80,116.40,97.60,144.40,23,0,1
"v10b pass (160 Mm3, 4% water)",17.2,274.19,116.40,102.40,144.40,23,0,1
"v10b pass (160 Mm3, 4% water)",17.3,274.56,116.40,102.30,145.00,22,0,1
"v10b pass (160 Mm3, 4% water)",17.4,274.93,117.50,102.50,155.60,20,0,1
"v10b pass (160 Mm3, 4% water)",17.5,275.30,118.50,103.20,154.90,21,0,1
"v10b pass (160 Mm3, 4% water)",17.6,275.67,118.10,102.50,155.60,20,0,1
"v10b pass (160 Mm3, 4% water)",17.7,276.55,119.80,103.20,154.90,21,0,1
"v10b pass (160 Mm3, 4% water)",17.8,277.42,120.90,103.20,154.10,22,0,1
"v10b pass (160 Mm3, 4% water)",17.9,278.30,120.90,103.20,154.10,22,0,1
"v10b pass (160 Mm3, 4% water)",18.0,279.17,121.90,103.30,153.20,23,0,1
"v10b pass (160 Mm3, 4% water)",18.1,281.06,121.90,103.30,160.40,23,0,1
"v10b pass (160 Mm3, 4% water)",18.2,282.96,123.30,103.30,162.00,24,0,1
"v10b pass (160 Mm3, 4% water)",18.3,284.85,120.90,103.30,162.00,24,0,1
"v10b pass (160 Mm3, 4% water)",18.4,286.74,121.90,103.30,162.10,23,0,1
"v10b pass (160 Mm3, 4% water)",18.5,288.57,124.00,103.30,162.00,24,0,1
"v10b pass (160 Mm3, 4% water)",18.6,290.39,126.20,103.40,166.20,25,0,1
"v10b pass (160 Mm3, 4% water)",18.7,292.21,133.20,103.40,173.00,25,0,1
"v10b pass (160 Mm3, 4% water)",18.8,294.04,136.50,103.30,178.00,25,0,1
"v10b pass (160 Mm3, 4% water)",18.9,295.21,141.00,106.10,181.00,23,0,1
"v10b pass (160 Mm3, 4% water)",19.0,296.38,143.00,107.30,180.70,24,0,1
"v10b pass (160 Mm3, 4% water)",19.1,297.56,145.00,117.00,181.00,23,0,1
"v10b pass (160 Mm3, 4% water)",19.2,298.73,146.50,119.70,181.60,21,0,1
"v10b pass (160 Mm3, 4% water)",19.3,299.12,146.50,119.70,181.60,21,0,1
"v10b pass (160 Mm3, 4% water)",19.4,299.51,149.00,120.40,183.50,22,0,1
"v10b pass (160 Mm3, 4% water)",19.5,299.90,151.40,121.00,183.30,23,0,1
"v10b pass (160 Mm3, 4% water)",19.6,300.30,164.00,121.70,186.10,24,0,1
"v10b pass (160 Mm3, 4% water)",19.7,298.59,163.20,120.70,185.80,25,0,1
"v10b pass (160 Mm3, 4% water)",19.8,296.89,151.40,111.20,185.10,27,0,1
"v10b pass (160 Mm3, 4% water)",19.9,295.18,151.40,101.80,185.10,27,0,1
"v10b pass (160 Mm3, 4% water)",20.0,293.48,151.40,101.80,185.10,27,0,1
"v10b pass (160 Mm3, 4% water)",20.1,301.22,157.30,101.40,185.50,26,0,1
"v10b pass (160 Mm3, 4% water)",20.2,308.96,148.20,100.50,186.10,24,0,1
"v10b pass (160 Mm3, 4% water)",20.3,316.69,142.80,95.30,185.50,26,0,1
"v10b pass (160 Mm3, 4% water)",20.4,324.43,140.50,94.60,185.80,25,0,1
"v10b pass (160 Mm3, 4% water)",20.5,334.41,140.50,94.60,185.80,25,0,1
"v10b pass (160 Mm3, 4% water)",20.6,344.38,145.90,93.90,186.10,24,0,1
"v10b pass (160 Mm3, 4% water)",20.7,354.35,136.50,91.10,188.60,20,0,1
"v10b pass (160 Mm3, 4% water)",20.8,364.33,136.50,91.10,188.60,20,0,1
"v10b pass (160 Mm3, 4% water)",20.9,372.92,136.50,88.10,181.50,16,0,1
"v10b pass (160 Mm3, 4% water)",21.0,381.51,136.50,88.10,181.50,16,0,1
"v10b pass (160 Mm3, 4% water)",21.1,390.11,132.50,87.30,182.60,15,0,1
"v10b pass (160 Mm3, 4% water)",21.2,398.70,122.20,85.80,184.90,13,0,1
"v10b pass (160 Mm3, 4% water)",21.3,406.70,122.20,85.80,184.90,13,0,1
"v10b pass (160 Mm3, 4% water)",21.4,414.69,120.20,84.30,175.80,11,0,1
"v10b pass (160 Mm3, 4% water)",21.5,422.69,120.20,84.30,175.80,11,0,1
"v10b pass (160 Mm3, 4% water)",21.6,430.69,109.70,83.80,177.00,10,0,1
"v10b pass (160 Mm3, 4% water)",21.7,437.24,95.30,81.80,109.70,6,0,1
"v10b pass (160 Mm3, 4% water)",21.8,443.79,95.30,81.80,109.70,6,0,1
"v10b pass (160 Mm3, 4% water)",22.1,400.44,98.00,81.40,111.60,5,0,1
"v10b pass (160 Mm3, 4% water)",22.2,343.98,95.00,76.90,109.40,6,0,1
"v10b pass (160 Mm3, 4% water)",22.3,287.53,91.90,77.40,107.30,7,0,1
"v10b pass (160 Mm3, 4% water)",22.6,166.85,79.40,71.30,91.70,5,0,1
"v10b pass (160 Mm3, 4% water)",22.7,134.74,80.80,71.80,95.80,6,0,1
"v10b pass (160 Mm3, 4% water)",22.8,102.63,82.20,72.30,109.70,7,1,1
"v10b pass (160 Mm3, 4% water)",22.9,96.58,82.20,72.30,109.70,7,1,1
"v10b pass (160 Mm3, 4% water)",23.0,90.53,87.90,72.80,110.90,8,1,1
"v10b pass (160 Mm3, 4% water)",23.1,84.48,87.90,72.80,110.90,8,1,1
"v10b pass (160 Mm3, 4% water)",23.2,78.43,87.90,72.80,110.90,8,1,1
"v10b pass (160 Mm3, 4% water)",23.3,80.72,93.70,73.30,133.70,9,1,1
"v10b pass (160 Mm3, 4% water)",23.4,83.00,92.10,73.80,130.50,10,1,1
"v10b pass (160 Mm3, 4% water)",23.5,85.29,93.70,74.40,127.20,11,1,1
"v10b pass (160 Mm3, 4% water)",23.6,87.58,93.70,74.40,127.20,11,1,1
"v10b pass (160 Mm3, 4% water)",23.7,88.72,92.10,69.70,124.90,12,1,1
"v10b pass (160 Mm3, 4% water)",23.8,89.87,90.60,66.80,122.60,13,1,1
"v10b pass (160 Mm3, 4% water)",23.9,91.02,92.10,66.50,124.90,12,1,1
"v10b pass (160 Mm3, 4% water)",24.0,92.17,92.10,66.50,124.90,12,1,1
"v10b pass (160 Mm3, 4% water)",24.1,92.94,92.10,66.50,124.90,12,1,1
"v10b pass (160 Mm3, 4% water)",24.2,93.72,90.60,58.30,127.20,11,1,1
"v10b pass (160 Mm3, 4% water)",24.3,94.49,90.60,58.30,127.20,11,1,1
"v10b pass (160 Mm3, 4% water)",24.4,95.27,90.60,58.30,127.20,11,1,1
"v10b pass (160 Mm3, 4% water)",24.5,95.11,85.30,59.00,124.90,12,1,1
"v10b pass (160 Mm3, 4% water)",24.6,94.94,85.30,59.00,124.90,12,1,1
"v10b pass (160 Mm3, 4% water)",24.7,94.78,85.30,57.70,130.50,10,1,1
"v10b pass (160 Mm3, 4% water)",24.8,94.61,85.30,57.70,130.50,10,1,1
"v10b pass (160 Mm3, 4% water)",24.9,94.35,80.00,57.10,115.10,9,1,1
"v10b pass (160 Mm3, 4% water)",25.0,94.10,80.00,57.10,115.10,9,1,1
"v10b pass (160 Mm3, 4% water)",25.1,93.84,80.00,57.10,111.40,9,1,1
"v10b pass (160 Mm3, 4% water)",25.2,93.58,80.00,57.10,111.40,9,1,1
"v10b pass (160 Mm3, 4% water)",25.3,93.20,77.80,57.70,105.40,10,1,1
"v10b pass (160 Mm3, 4% water)",25.4,92.82,71.00,57.70,100.10,10,1,1
"v10b pass (160 Mm3, 4% water)",25.5,92.44,71.00,58.80,105.60,12,1,1
"v10b pass (160 Mm3, 4% water)",25.6,92.06,71.00,58.80,104.80,12,1,1
"v10b pass (160 Mm3, 4% water)",25.7,91.61,75.50,58.30,106.30,11,1,1
"v10b pass (160 Mm3, 4% water)",25.8,91.17,75.50,58.30,106.30,11,1,1
"v10b pass (160 Mm3, 4% water)",25.9,90.72,75.50,58.30,106.30,11,1,1
"v10b pass (160 Mm3, 4% water)",26.0,90.28,74.10,58.80,104.80,12,1,1
"v10b pass (160 Mm3, 4% water)",26.1,89.70,74.10,58.80,104.80,12,1,1
"v10b pass (160 Mm3, 4% water)",26.2,89.12,75.50,63.60,106.30,11,1,1
"v10b pass (160 Mm3, 4% water)",26.3,88.54,75.50,63.60,106.30,11,1,1
"v10b pass (160 Mm3, 4% water)",26.4,87.97,76.30,62.10,107.00,10,1,1
"v10b pass (160 Mm3, 4% water)",26.5,87.77,80.00,63.60,106.30,11,1,1
"v10b pass (160 Mm3, 4% water)",26.6,87.57,78.40,63.80,105.90,12,1,1
"v10b pass (160 Mm3, 4% water)",26.7,87.37,78.40,63.80,105.90,12,1,1
"v10b pass (160 Mm3, 4% water)",26.8,87.17,80.40,64.00,105.70,13,1,1
"v10b pass (160 Mm3, 4% water)",26.9,87.14,84.50,64.40,105.00,15,1,1
"v10b pass (160 Mm3, 4% water)",27.0,87.11,82.50,64.60,104.70,16,1,1
"v10b pass (160 Mm3, 4% water)",27.1,87.08,84.60,65.00,104.10,18,1,1
"v10b pass (160 Mm3, 4% water)",27.2,87.05,84.60,65.00,104.10,18,1,1
"v10b pass (160 Mm3, 4% water)",27.3,87.38,84.60,65.40,103.50,20,1,1
"v10b pass (160 Mm3, 4% water)",27.4,87.71,85.60,69.90,102.90,18,1,1
"v10b pass (160 Mm3, 4% water)",27.5,88.04,84.70,63.40,102.80,19,1,1
"v10b pass (160 Mm3, 4% water)",27.6,88.37,84.70,68.60,102.10,17,1,1
"v10b pass (160 Mm3, 4% water)",27.7,88.82,85.60,67.60,102.20,16,1,1
"v10b pass (160 Mm3, 4% water)",27.8,89.26,84.70,66.70,102.10,17,1,1
"v10b pass (160 Mm3, 4% water)",27.9,89.71,85.60,71.10,102.20,16,1,1
"v10b pass (160 Mm3, 4% water)",28.0,90.15,84.70,68.70,102.10,17,1,1
"v10b pass (160 Mm3, 4% water)",28.1,90.21,85.60,68.50,102.20,16,1,1
"v10b pass (160 Mm3, 4% water)",28.2,90.26,85.60,68.50,102.20,16,1,1
"v10b pass (160 Mm3, 4% water)",28.3,90.32,85.60,68.50,102.20,16,1,1
"v10b pass (160 Mm3, 4% water)",28.4,90.37,85.60,68.50,102.20,16,1,1
"v10b pass (160 Mm3, 4% water)",28.5,90.39,85.60,68.50,102.20,16,1,1
"v10b pass (160 Mm3, 4% water)",28.6,90.41,86.50,68.30,102.30,15,1,1
"v10b pass (160 Mm3, 4% water)",28.7,90.43,86.50,67.90,101.00,13,1,1
"v10b pass (160 Mm3, 4% water)",28.8,90.45,86.50,67.90,101.00,13,1,1
"v10b pass (160 Mm3, 4% water)",28.9,90.47,84.20,67.00,98.60,10,1,1
"v10b pass (160 Mm3, 4% water)",29.0,90.50,84.20,67.00,98.60,10,1,1
"v10b pass (160 Mm3, 4% water)",29.1,90.52,90.30,66.50,98.90,9,1,1
"v10b pass (160 Mm3, 4% water)",29.2,90.54,73.30,65.00,96.00,6,1,1
"v10b pass (160 Mm3, 4% water)",29.3,90.55,73.30,65.00,96.00,6,1,1
"v10b pass (160 Mm3, 4% water)",29.9,90.43,66.60,61.20,67.40,5,0,1
"v10b pass (160 Mm3, 4% water)",30.0,90.38,67.00,61.80,70.00,6,0,1
"v10b pass (160 Mm3, 4% water)",30.1,90.45,65.70,58.00,69.90,6,0,1
"v10b pass (160 Mm3, 4% water)",30.2,90.53,64.70,58.10,69.40,7,0,1
"v10b pass (160 Mm3, 4% water)",30.3,90.60,64.60,58.30,68.90,8,0,1
"v10b pass (160 Mm3, 4% water)",30.4,90.68,64.40,58.50,68.40,9,0,1
"v10b pass (160 Mm3, 4% water)",30.5,90.83,64.00,56.70,67.80,10,0,1
"v10b pass (160 Mm3, 4% water)",30.6,90.98,64.40,57.00,72.50,11,0,1
"v10b pass (160 Mm3, 4% water)",30.7,91.14,63.60,53.70,71.50,13,0,1
"v10b pass (160 Mm3, 4% water)",30.8,91.29,63.00,54.10,70.40,15,0,1
"v10b pass (160 Mm3, 4% water)",30.9,90.89,59.90,54.60,69.40,17,0,1
"v10b pass (160 Mm3, 4% water)",31.0,90.49,59.40,53.20,68.90,18,0,1
"v10b pass (160 Mm3, 4% water)",31.1,90.09,58.90,53.20,68.40,19,0,1
"v10b pass (160 Mm3, 4% water)",31.2,89.70,59.40,53.20,71.80,20,0,1
"v10b pass (160 Mm3, 4% water)",31.3,88.89,59.40,53.20,71.80,20,0,1
"v10b pass (160 Mm3, 4% water)",31.4,88.09,58.90,53.10,71.70,21,0,1
"v10b pass (160 Mm3, 4% water)",31.5,87.28,58.90,48.70,71.30,22,0,1
"v10b pass (160 Mm3, 4% water)",31.6,86.48,58.80,48.20,70.80,23,0,1
"v10b pass (160 Mm3, 4% water)",31.7,85.64,58.70,48.20,70.40,24,0,1
"v10b pass (160 Mm3, 4% water)",31.8,84.81,58.40,48.20,69.50,26,0,1
"v10b pass (160 Mm3, 4% water)",31.9,83.97,57.40,48.20,69.90,25,0,1
"v10b pass (160 Mm3, 4% water)",32.0,83.14,57.40,48.20,69.00,27,0,1
"v10b pass (160 Mm3, 4% water)",32.1,82.52,57.90,48.20,67.30,28,0,1
"v10b pass (160 Mm3, 4% water)",32.2,81.90,58.30,48.20,67.80,27,0,1
"v10b pass (160 Mm3, 4% water)",32.3,81.27,58.40,48.20,73.00,28,0,1
"v10b pass (160 Mm3, 4% water)",32.4,80.65,58.40,48.20,72.10,30,0,1
"v10b pass (160 Mm3, 4% water)",32.5,80.10,58.40,48.20,72.10,30,0,1
"v10b pass (160 Mm3, 4% water)",32.6,79.54,58.80,48.20,76.10,31,0,1
"v10b pass (160 Mm3, 4% water)",32.7,78.99,59.30,48.20,76.60,30,0,1
"v10b pass (160 Mm3, 4% water)",32.8,78.43,60.90,48.20,81.50,30,1,1
"v10b pass (160 Mm3, 4% water)",32.9,78.07,60.90,48.30,80.70,32,1,1
"v10b pass (160 Mm3, 4% water)",33.0,77.70,62.60,48.30,80.70,32,1,1
"v10b pass (160 Mm3, 4% water)",33.1,77.33,63.20,48.90,81.20,31,1,1
"v10b pass (160 Mm3, 4% water)",33.2,76.97,64.60,48.90,81.00,32,1,1
"v10b pass (160 Mm3, 4% water)",33.3,76.79,64.60,48.90,84.30,32,1,1
"v10b pass (160 Mm3, 4% water)",33.4,76.61,64.70,49.00,84.00,33,1,1
"v10b pass (160 Mm3, 4% water)",33.5,76.43,65.90,49.50,84.30,32,1,1
"v10b pass (160 Mm3, 4% water)",33.6,76.25,67.10,51.80,84.30,32,1,1
"v10b pass (160 Mm3, 4% water)",33.7,75.87,67.30,56.30,86.80,32,1,1
"v10b pass (160 Mm3, 4% water)",33.8,75.48,68.10,55.60,87.10,30,1,1
"v10b pass (160 Mm3, 4% water)",33.9,75.10,68.60,56.30,87.00,31,1,1
"v10b pass (160 Mm3, 4% water)",34.0,74.71,69.40,57.20,87.10,30,1,1
"v10b pass (160 Mm3, 4% water)",34.1,74.44,70.30,58.50,87.10,29,1,1
"v10b pass (160 Mm3, 4% water)",34.2,74.16,71.60,58.30,87.20,28,1,1
"v10b pass (160 Mm3, 4% water)",34.3,73.89,71.70,58.20,85.60,27,1,1
"v10b pass (160 Mm3, 4% water)",34.4,73.62,71.70,58.50,85.80,29,1,1
"v10b pass (160 Mm3, 4% water)",34.5,73.34,72.20,59.20,86.10,27,1,1
"v10b pass (160 Mm3, 4% water)",34.6,73.05,72.60,60.30,85.90,28,1,1
"v10b pass (160 Mm3, 4% water)",34.7,72.77,72.20,60.10,85.00,27,1,1
"v10b pass (160 Mm3, 4% water)",34.8,72.49,71.30,59.40,84.00,24,1,1
"v10b pass (160 Mm3, 4% water)",34.9,71.93,70.90,59.60,83.50,25,1,1
"v10b pass (160 Mm3, 4% water)",35.0,71.36,71.00,61.30,84.00,24,1,1
"v10b pass (160 Mm3, 4% water)",35.1,70.79,70.00,62.00,84.00,24,1,1
"v10b pass (160 Mm3, 4% water)",35.2,70.22,70.00,59.70,83.10,26,1,1
"v10b pass (160 Mm3, 4% water)",35.3,69.76,69.70,58.90,80.60,23,1,1
"v10b pass (160 Mm3, 4% water)",35.4,69.29,69.70,58.90,80.60,23,1,1
"v10b pass (160 Mm3, 4% water)",35.5,68.83,68.60,58.70,80.30,22,1,1
"v10b pass (160 Mm3, 4% water)",35.6,68.36,68.60,58.70,80.30,22,1,1
"v10b pass (160 Mm3, 4% water)",35.7,68.10,67.50,58.00,78.50,23,1,1
"v10b pass (160 Mm3, 4% water)",35.8,67.83,69.70,58.40,78.50,21,1,1
"v10b pass (160 Mm3, 4% water)",35.9,67.56,70.00,58.70,78.20,22,1,1
"v10b pass (160 Mm3, 4% water)",36.0,67.29,70.30,58.70,78.20,22,1,1
"v10b pass (160 Mm3, 4% water)",36.1,67.60,70.90,60.90,78.50,21,1,1
"v10b pass (160 Mm3, 4% water)",36.2,67.91,71.30,64.00,78.50,20,1,1
"v10b pass (160 Mm3, 4% water)",36.3,68.22,70.30,62.80,76.80,18,1,1
"v10b pass (160 Mm3, 4% water)",36.4,68.53,69.70,63.40,76.50,19,1,1
"v10b pass (160 Mm3, 4% water)",36.5,69.91,70.90,63.40,79.10,19,1,1
"v10b pass (160 Mm3, 4% water)",36.6,71.29,71.80,64.00,80.50,20,1,1
"v10b pass (160 Mm3, 4% water)",36.7,72.67,71.80,63.40,80.50,20,1,1
"v10b pass (160 Mm3, 4% water)",36.8,74.05,71.80,62.30,80.70,18,1,1
"v10b pass (160 Mm3, 4% water)",36.9,75.88,70.90,58.30,80.60,19,1,1
"v10b pass (160 Mm3, 4% water)",37.0,77.72,71.80,58.30,80.70,18,1,1
"v10b pass (160 Mm3, 4% water)",37.1,79.55,71.80,58.30,80.70,18,1,1
"v10b pass (160 Mm3, 4% water)",37.2,81.39,72.60,58.20,80.70,17,0,1
"v10b pass (160 Mm3, 4% water)",37.3,83.13,72.60,60.30,80.90,15,0,1
"v10b pass (160 Mm3, 4% water)",37.4,84.88,72.60,60.30,80.90,15,0,1
"v10b pass (160 Mm3, 4% water)",37.5,86.63,71.80,58.40,80.80,16,0,1
"v10b pass (160 Mm3, 4% water)",37.6,88.38,71.00,58.50,80.70,17,0,1
"v10b pass (160 Mm3, 4% water)",37.7,87.99,72.60,58.70,82.60,19,0,1
"v10b pass (160 Mm3, 4% water)",37.8,87.61,73.40,55.70,84.00,17,0,1
"v10b pass (160 Mm3, 4% water)",37.9,87.22,73.40,56.50,85.80,18,0,1
"v10b pass (160 Mm3, 4% water)",38.0,86.84,73.40,55.70,86.10,17,0,1
"v10b pass (160 Mm3, 4% water)",38.1,87.31,73.40,55.70,87.10,17,0,1
"v10b pass (160 Mm3, 4% water)",38.2,87.78,71.10,57.30,86.90,19,0,1
"v10b pass (160 Mm3, 4% water)",38.3,88.25,71.00,56.50,87.00,18,0,1
"v10b pass (160 Mm3, 4% water)",38.4,88.72,71.00,57.30,86.90,19,0,1
"v10b pass (160 Mm3, 4% water)",38.5,88.15,71.00,57.30,86.90,19,0,1
"v10b pass (160 Mm3, 4% water)",38.6,87.59,70.90,56.50,85.40,18,0,1
"v10b pass (160 Mm3, 4% water)",38.7,87.02,70.80,55.70,85.60,17,0,1
"v10b pass (160 Mm3, 4% water)",38.8,86.45,70.80,54.10,85.90,15,0,1
"v10b pass (160 Mm3, 4% water)",38.9,85.42,70.90,59.90,86.10,14,1,1
"v10b pass (160 Mm3, 4% water)",39.0,84.39,70.90,59.90,86.10,14,1,1
"v10b pass (160 Mm3, 4% water)",39.1,83.35,70.90,59.90,86.10,14,1,1
"v10b pass (160 Mm3, 4% water)",39.2,82.32,70.80,59.50,86.30,13,1,1
"v10b pass (160 Mm3, 4% water)",39.3,81.96,69.60,59.20,86.40,12,1,1
"v10b pass (160 Mm3, 4% water)",39.4,81.61,69.60,59.20,86.40,12,1,1
"v10b pass (160 Mm3, 4% water)",39.5,81.25,68.00,59.50,86.30,13,1,1
"v10b pass (160 Mm3, 4% water)",39.6,80.90,69.60,62.10,86.40,12,1,1
"v10b pass (160 Mm3, 4% water)",39.7,80.41,71.10,62.20,86.60,11,1,1
"v10b pass (160 Mm3, 4% water)",39.8,79.93,69.60,65.00,85.40,8,1,1
"v10b pass (160 Mm3, 4% water)",39.9,79.44,68.00,64.60,80.70,7,1,1
"v10b pass (160 Mm3, 4% water)",40.0,78.96,68.00,64.60,80.70,7,1,1
"v10b pass (160 Mm3, 4% water)",40.1,78.31,67.50,61.40,79.70,8,1,1
"v10b pass (160 Mm3, 4% water)",40.2,77.66,67.00,61.10,73.40,7,0,1
"v10b pass (160 Mm3, 4% water)",40.3,77.01,66.20,60.60,72.90,5,0,1
"v10b pass (160 Mm3, 4% water)",41.1,70.87,62.20,28.10,65.60,5,0,1
"v10b pass (160 Mm3, 4% water)",41.2,70.31,60.90,22.80,65.40,6,0,1
"v10b pass (160 Mm3, 4% water)",41.3,69.96,60.90,22.80,65.40,6,0,1
"v10b pass (160 Mm3, 4% water)",41.4,69.62,59.50,11.70,65.10,7,0,1
"v10b pass (160 Mm3, 4% water)",41.5,69.27,59.50,11.70,65.10,7,0,1
"v10b pass (160 Mm3, 4% water)",41.6,68.93,49.00,11.00,65.40,6,0,1
"v10b pass (160 Mm3, 4% water)",41.7,68.62,49.00,11.00,65.40,6,0,1
"v10b pass (160 Mm3, 4% water)",41.8,68.31,49.00,11.00,65.40,6,0,1
"v10b pass (160 Mm3, 4% water)",41.9,68.01,49.00,11.00,65.40,6,0,1
"v10b pass (160 Mm3, 4% water)",42.0,67.70,49.00,11.00,65.40,6,0,1
"v10b pass (160 Mm3, 4% water)",42.1,67.22,49.00,11.00,65.40,6,0,1
"v10b pass (160 Mm3, 4% water)",42.2,66.74,38.60,10.20,65.60,5,0,1
"v10b pass (160 Mm3, 4% water)",42.3,66.25,38.60,10.20,65.60,5,0,1
"v10b pass (160 Mm3, 4% water)",42.4,65.77,51.30,11.00,72.00,6,1,1
"v10b pass (160 Mm3, 4% water)",42.5,65.15,51.30,11.00,72.00,6,1,1
"v10b pass (160 Mm3, 4% water)",42.6,64.53,64.10,11.70,70.90,7,1,1
"v10b pass (160 Mm3, 4% water)",42.7,63.91,59.70,12.50,69.90,8,1,1
"v10b pass (160 Mm3, 4% water)",42.8,63.29,55.40,11.70,70.90,7,1,1
"v10b pass (160 Mm3, 4% water)",42.9,62.95,55.40,11.70,70.90,7,1,1
"v10b pass (160 Mm3, 4% water)",43.0,62.61,55.40,11.70,70.90,7,1,1
"v10b pass (160 Mm3, 4% water)",43.1,62.27,55.40,11.70,81.10,7,1,1
"v10b pass (160 Mm3, 4% water)",43.2,61.92,66.20,29.00,93.20,7,1,1
"v10b pass (160 Mm3, 4% water)",43.3,61.44,77.30,39.10,105.10,7,1,1
"v10b pass (160 Mm3, 4% water)",43.4,60.96,86.80,61.80,105.10,7,0,1
"v10b pass (160 Mm3, 4% water)",43.5,60.48,90.70,62.90,104.60,8,0,1
"v10b pass (160 Mm3, 4% water)",43.6,60.00,86.80,64.00,104.00,9,0,1
"v10b pass (160 Mm3, 4% water)",43.7,59.74,83.40,55.40,102.90,11,1,1
"v10b pass (160 Mm3, 4% water)",43.8,59.49,77.30,52.60,102.00,13,1,1
"v10b pass (160 Mm3, 4% water)",43.9,59.23,77.30,52.60,102.00,13,1,1
"v10b pass (160 Mm3, 4% water)",44.0,58.98,71.80,53.30,101.10,15,1,1
"v10b pass (160 Mm3, 4% water)",44.1,58.80,74.90,54.00,100.20,17,1,1
"v10b pass (160 Mm3, 4% water)",44.2,58.62,73.30,54.30,99.70,18,1,1
"v10b pass (160 Mm3, 4% water)",44.3,58.44,74.90,54.70,99.30,19,1,1
"v10b pass (160 Mm3, 4% water)",44.4,58.26,74.90,54.70,99.30,19,1,1
"v10b pass (160 Mm3, 4% water)",44.5,58.08,73.30,53.30,98.80,20,1,1
"v10b pass (160 Mm3, 4% water)",44.6,57.91,71.80,53.50,98.40,21,1,1
"v10b pass (160 Mm3, 4% water)",44.7,57.73,73.30,53.30,98.80,20,1,1
"v10b pass (160 Mm3, 4% water)",44.8,57.55,71.80,52.00,98.40,21,1,1
"v10b pass (160 Mm3, 4% water)",44.9,57.86,73.30,52.10,98.00,22,1,1
"v10b pass (160 Mm3, 4% water)",45.0,58.17,73.30,50.00,97.20,24,1,1
"v10b pass (160 Mm3, 4% water)",45.1,58.47,73.30,50.00,97.20,24,1,1
"v10b pass (160 Mm3, 4% water)",45.2,58.78,71.80,49.70,97.60,23,1,1
"v10b pass (160 Mm3, 4% water)",45.3,58.37,71.60,49.20,90.30,21,1,1
"v10b pass (160 Mm3, 4% water)",45.4,57.96,70.00,48.00,87.50,20,1,1
"v10b pass (160 Mm3, 4% water)",45.5,57.55,70.00,39.90,90.00,22,1,1
"v10b pass (160 Mm3, 4% water)",45.6,57.14,67.00,41.00,86.50,23,1,1
"v10b pass (160 Mm3, 4% water)",45.7,56.75,65.80,42.00,84.90,24,1,1
"v10b pass (160 Mm3, 4% water)",45.8,56.35,67.70,40.20,86.40,22,1,1
"v10b pass (160 Mm3, 4% water)",45.9,55.95,67.70,42.70,84.90,24,1,1
"v10b pass (160 Mm3, 4% water)",46.0,55.56,67.70,45.20,83.30,26,1,1
"v10b pass (160 Mm3, 4% water)",46.1,55.30,67.70,43.90,84.10,25,1,1
"v10b pass (160 Mm3, 4% water)",46.2,55.05,65.10,42.70,84.90,24,1,1
"v10b pass (160 Mm3, 4% water)",46.3,54.79,64.60,41.40,79.30,23,1,1
"v10b pass (160 Mm3, 4% water)",46.4,54.54,64.60,41.40,78.30,23,1,1
"v10b pass (160 Mm3, 4% water)",46.5,54.32,65.50,43.90,79.20,25,1,1
"v10b pass (160 Mm3, 4% water)",46.6,54.10,65.90,41.80,82.30,26,1,1
"v10b pass (160 Mm3, 4% water)",46.7,53.88,65.90,41.80,82.50,26,1,1
"v10b pass (160 Mm3, 4% water)",46.8,53.66,68.80,48.00,91.20,26,1,1
"v10b pass (160 Mm3, 4% water)",46.9,53.38,67.70,48.70,90.80,27,1,1
"v10b pass (160 Mm3, 4% water)",47.0,53.10,67.70,50.10,92.40,29,1,1
"v10b pass (160 Mm3, 4% water)",47.1,52.82,67.00,49.70,93.00,28,1,1
"v10b pass (160 Mm3, 4% water)",47.2,52.54,67.70,50.30,92.40,29,1,1
"v10b pass (160 Mm3, 4% water)",47.3,52.20,67.70,51.40,91.30,31,1,1
"v10b pass (160 Mm3, 4% water)",47.4,51.85,67.70,46.90,90.30,33,1,1
"v10b pass (160 Mm3, 4% water)",47.5,51.51,67.00,47.50,89.90,34,1,1
"v10b pass (160 Mm3, 4% water)",47.6,51.16,67.00,51.70,86.50,34,0,1
"v10b pass (160 Mm3, 4% water)",47.7,50.88,68.60,51.70,86.50,34,0,1
"v10b pass (160 Mm3, 4% water)",47.8,50.60,69.50,45.80,86.60,31,1,1
"v10b pass (160 Mm3, 4% water)",47.9,50.31,67.70,45.80,86.60,31,1,1
"v10b pass (160 Mm3, 4% water)",48.0,50.03,66.30,46.80,86.50,33,1,1
"v10b pass (160 Mm3, 4% water)",48.1,49.61,64.60,46.80,86.50,33,1,1
"v10b pass (160 Mm3, 4% water)",48.2,49.18,63.60,46.20,86.50,34,1,1
"v10b pass (160 Mm3, 4% water)",48.3,48.75,60.70,45.00,86.50,34,1,1
"v10b pass (160 Mm3, 4% water)",48.4,48.33,60.60,41.30,86.40,35,1,1
"v10b pass (160 Mm3, 4% water)",48.5,47.93,60.50,39.60,86.40,37,1,1
"v10b pass (160 Mm3, 4% water)",48.6,47.53,57.10,39.60,86.50,37,1,1
"v10b pass (160 Mm3, 4% water)",48.7,47.13,57.00,39.60,86.30,37,1,1
"v10b pass (160 Mm3, 4% water)",48.8,46.73,56.00,39.60,81.00,36,1,1
"v10b pass (160 Mm3, 4% water)",48.9,46.43,55.80,39.60,74.70,35,1,1
"v10b pass (160 Mm3, 4% water)",49.0,46.14,55.80,39.60,75.90,37,1,1
"v10b pass (160 Mm3, 4% water)",49.1,45.84,55.60,39.50,74.20,37,1,1
"v10b pass (160 Mm3, 4% water)",49.2,45.55,54.80,38.90,73.90,38,1,1
"v10b pass (160 Mm3, 4% water)",49.3,45.29,52.60,34.70,69.90,37,1,1
"v10b pass (160 Mm3, 4% water)",49.4,45.04,53.30,34.30,68.80,36,1,1
"v10b pass (160 Mm3, 4% water)",49.5,44.78,52.60,31.50,68.50,37,1,1
"v10b pass (160 Mm3, 4% water)",49.6,44.53,54.00,31.50,68.50,37,1,1
"v10b pass (160 Mm3, 4% water)",49.7,44.48,52.40,31.30,65.70,36,1,1
"v10b pass (160 Mm3, 4% water)",49.8,44.43,50.90,30.80,63.80,33,1,1
"v10b pass (160 Mm3, 4% water)",49.9,44.38,48.20,27.40,63.80,33,1,1
"v10b pass (160 Mm3, 4% water)",50.0,44.33,47.10,26.30,63.30,35,1,1
"v10b pass (160 Mm3, 4% water)",50.1,44.12,46.00,25.90,61.60,33,1,1
"v10b pass (160 Mm3, 4% water)",50.2,43.91,45.30,25.80,61.80,32,1,1
"v10b pass (160 Mm3, 4% water)",50.3,43.70,44.60,25.40,62.90,29,1,1
"v10b pass (160 Mm3, 4% water)",50.4,43.49,46.00,25.20,64.00,27,1,1
"v10b pass (160 Mm3, 4% water)",50.5,42.98,46.00,25.20,64.00,27,1,1
"v10b pass (160 Mm3, 4% water)",50.6,42.47,48.20,25.00,65.00,25,1,1
"v10b pass (160 Mm3, 4% water)",50.7,41.96,48.20,24.90,61.60,23,1,1
"v10b pass (160 Mm3, 4% water)",50.8,41.45,43.00,24.30,62.90,19,1,1
"v10b pass (160 Mm3, 4% water)",50.9,40.95,40.30,24.10,63.50,18,1,1
"v10b pass (160 Mm3, 4% water)",51.0,40.46,40.30,24.10,63.50,18,1,1
"v10b pass (160 Mm3, 4% water)",51.1,39.97,37.00,23.70,61.20,16,1,1
"v10b pass (160 Mm3, 4% water)",51.2,39.47,37.00,24.90,59.50,14,1,1
"v10b pass (160 Mm3, 4% water)",51.3,39.30,39.60,23.80,60.70,10,1,1
"v10b pass (160 Mm3, 4% water)",51.4,39.12,30.40,22.90,58.00,9,1,1
"v10b pass (160 Mm3, 4% water)",51.5,38.94,30.40,22.90,58.00,9,1,1
"v10b pass (160 Mm3, 4% water)",51.6,38.76,38.90,22.00,58.50,8,1,1
"v10b pass (160 Mm3, 4% water)",51.7,38.58,29.00,21.10,53.90,7,1,1
"v10b pass (160 Mm3, 4% water)",51.8,38.39,28.10,20.20,50.30,6,1,1
"v10b pass (160 Mm3, 4% water)",54.6,31.53,24.70,18.60,32.70,5,1,1
"v10b pass (160 Mm3, 4% water)",54.7,31.31,24.70,18.80,37.70,7,1,1
"v10b pass (160 Mm3, 4% water)",54.8,31.09,24.70,18.80,37.70,7,1,1
"v10b pass (160 Mm3, 4% water)",54.9,31.16,23.60,13.70,37.70,8,1,1
"v10b pass (160 Mm3, 4% water)",55.0,31.23,23.60,11.30,37.60,10,1,1
"v10b pass (160 Mm3, 4% water)",55.1,31.30,23.60,11.30,37.60,10,1,1
"v10b pass (160 Mm3, 4% water)",55.2,31.37,24.80,11.30,37.60,10,1,1
"v10b pass (160 Mm3, 4% water)",55.3,31.35,24.80,11.30,37.60,10,1,1
"v10b pass (160 Mm3, 4% water)",55.4,31.33,24.90,11.60,37.90,11,1,1
"v10b pass (160 Mm3, 4% water)",55.5,31.31,24.90,11.60,37.90,11,1,1
"v10b pass (160 Mm3, 4% water)",55.6,31.30,24.80,11.10,37.90,12,1,1
"v10b pass (160 Mm3, 4% water)",55.7,31.21,24.70,11.20,37.80,13,1,1
"v10b pass (160 Mm3, 4% water)",55.8,31.12,24.90,11.30,39.80,15,1,1
"v10b pass (160 Mm3, 4% water)",55.9,31.04,24.80,11.30,39.50,16,1,1
"v10b pass (160 Mm3, 4% water)",56.0,30.95,24.90,11.40,39.20,17,1,1
"v10b pass (160 Mm3, 4% water)",56.1,30.85,24.90,11.50,38.60,19,1,1
"v10b pass (160 Mm3, 4% water)",56.2,30.74,25.20,11.60,38.20,20,1,1
"v10b pass (160 Mm3, 4% water)",56.3,30.64,26.30,12.10,40.80,22,1,1
"v10b pass (160 Mm3, 4% water)",56.4,30.53,27.30,12.50,40.50,23,1,1
"v10b pass (160 Mm3, 4% water)",56.5,30.52,27.30,13.40,40.90,25,1,1
"v10b pass (160 Mm3, 4% water)",56.6,30.51,27.30,12.90,41.00,24,1,1
"v10b pass (160 Mm3, 4% water)",56.7,30.50,27.30,12.90,41.00,24,1,1
"v10b pass (160 Mm3, 4% water)",56.8,30.50,27.30,11.20,41.00,24,1,1
"v10b pass (160 Mm3, 4% water)",56.9,30.78,27.40,13.40,40.90,25,1,1
"v10b pass (160 Mm3, 4% water)",57.0,31.06,27.40,13.80,40.90,26,1,1
"v10b pass (160 Mm3, 4% water)",57.1,31.34,27.30,16.60,40.90,25,1,1
"v10b pass (160 Mm3, 4% water)",57.2,31.62,27.30,16.70,40.90,26,1,1
"v10b pass (160 Mm3, 4% water)",57.3,32.01,27.40,16.90,43.60,27,1,1
"v10b pass (160 Mm3, 4% water)",57.4,32.40,27.40,16.90,42.00,27,1,1
"v10b pass (160 Mm3, 4% water)",57.5,32.79,27.40,16.90,42.00,27,1,1
"v10b pass (160 Mm3, 4% water)",57.6,33.18,27.40,16.90,42.00,27,1,1
"v10b pass (160 Mm3, 4% water)",57.7,33.40,29.00,18.00,42.00,27,1,1
"v10b pass (160 Mm3, 4% water)",57.8,33.62,29.80,18.30,42.30,25,1,1
"v10b pass (160 Mm3, 4% water)",57.9,33.84,30.20,18.50,42.60,24,1,1
"v10b pass (160 Mm3, 4% water)",58.0,34.06,30.60,18.60,42.30,25,1,1
"v10b pass (160 Mm3, 4% water)",58.1,34.07,29.80,18.60,42.30,25,1,1
"v10b pass (160 Mm3, 4% water)",58.2,34.08,29.80,20.30,42.30,25,1,1
"v10b pass (160 Mm3, 4% water)",58.3,34.08,29.40,20.00,40.50,24,1,1
"v10b pass (160 Mm3, 4% water)",58.4,34.09,29.40,20.00,40.50,24,1,1
"v10b pass (160 Mm3, 4% water)",58.5,34.13,29.00,20.30,40.40,25,1,1
"v10b pass (160 Mm3, 4% water)",58.6,34.16,29.00,22.40,39.50,23,1,1
"v10b pass (160 Mm3, 4% water)",58.7,34.20,29.40,22.50,39.80,22,1,1
"v10b pass (160 Mm3, 4% water)",58.8,34.24,31.60,23.90,40.40,20,1,1
"v10b pass (160 Mm3, 4% water)",58.9,33.79,32.10,23.90,40.40,20,1,1
"v10b pass (160 Mm3, 4% water)",59.0,33.35,32.10,24.20,42.50,22,1,1
"v10b pass (160 Mm3, 4% water)",59.1,32.91,33.30,26.20,42.50,22,1,1
"v10b pass (160 Mm3, 4% water)",59.2,32.46,34.30,26.30,42.70,21,1,1
"v10b pass (160 Mm3, 4% water)",59.3,31.92,34.30,26.20,40.30,19,1,1
"v10b pass (160 Mm3, 4% water)",59.4,31.38,34.80,26.20,40.50,18,1,1
"v10b pass (160 Mm3, 4% water)",59.5,30.83,35.30,26.20,40.30,19,1,1
"v10b pass (160 Mm3, 4% water)",59.6,30.29,35.40,26.20,41.70,20,1,1
"v10b pass (160 Mm3, 4% water)",59.7,29.96,35.30,26.20,41.60,21,1,1
"v10b pass (160 Mm3, 4% water)",59.8,29.63,34.30,22.40,41.60,21,1,1
"v10b pass (160 Mm3, 4% water)",59.9,29.31,31.90,21.30,41.30,23,1,1
"v10b pass (160 Mm3, 4% water)",60.0,28.98,31.90,21.60,42.30,25,1,1
"v10b pass (160 Mm3, 4% water)",60.1,28.70,30.80,21.70,42.20,26,1,1
"v10b pass (160 Mm3, 4% water)",60.2,28.41,34.30,21.90,42.00,27,1,1
"v10b pass (160 Mm3, 4% water)",60.3,28.13,34.60,20.20,42.40,24,1,1
"v10b pass (160 Mm3, 4% water)",60.4,27.84,34.60,20.00,42.60,22,1,1
"v10b pass (160 Mm3, 4% water)",60.5,27.58,35.00,20.20,43.10,24,1,1
"v10b pass (160 Mm3, 4% water)",60.6,27.33,35.10,20.10,43.10,23,1,1
"v10b pass (160 Mm3, 4% water)",60.7,27.07,35.00,20.20,43.10,24,1,1
"v10b pass (160 Mm3, 4% water)",60.8,26.81,34.60,20.20,43.10,24,1,1
"v10b pass (160 Mm3, 4% water)",60.9,26.52,29.70,20.10,43.10,23,1,1
"v10b pass (160 Mm3, 4% water)",61.0,26.24,29.70,20.20,43.00,25,1,1
"v10b pass (160 Mm3, 4% water)",61.1,25.96,29.70,20.20,46.20,25,1,1
"v10b pass (160 Mm3, 4% water)",61.2,25.68,29.30,20.20,46.20,25,1,1
"v10b pass (160 Mm3, 4% water)",61.3,25.41,29.20,20.20,46.20,25,1,1
"v10b pass (160 Mm3, 4% water)",61.4,25.14,29.20,20.40,45.20,27,1,1
"v10b pass (160 Mm3, 4% water)",61.5,24.87,28.10,20.50,44.20,29,1,1
"v10b pass (160 Mm3, 4% water)",61.6,24.59,27.90,19.70,43.70,30,1,1
"v10b pass (160 Mm3, 4% water)",61.7,24.44,27.60,17.70,40.90,30,1,1
"v10b pass (160 Mm3, 4% water)",61.8,24.28,27.20,12.50,41.10,29,1,1
"v10b pass (160 Mm3, 4% water)",61.9,24.13,27.20,12.50,41.10,29,1,1
"v10b pass (160 Mm3, 4% water)",62.0,23.97,26.70,12.50,40.90,30,1,1
"v10b pass (160 Mm3, 4% water)",62.1,23.71,25.00,12.30,38.30,30,1,1
"v10b pass (160 Mm3, 4% water)",62.2,23.45,24.60,12.30,40.90,30,1,1
"v10b pass (160 Mm3, 4% water)",62.3,23.18,24.60,12.20,39.70,29,1,1
"v10b pass (160 Mm3, 4% water)",62.4,22.92,25.40,12.50,38.90,31,1,1
"v10b pass (160 Mm3, 4% water)",62.5,22.74,26.10,12.50,38.80,33,1,1
"v10b pass (160 Mm3, 4% water)",62.6,22.55,26.10,12.50,38.30,33,1,1
"v10b pass (160 Mm3, 4% water)",62.7,22.37,26.10,11.50,38.00,35,1,1
"v10b pass (160 Mm3, 4% water)",62.8,22.19,25.40,11.50,38.00,35,1,1
"v10b pass (160 Mm3, 4% water)",62.9,22.03,25.00,11.70,38.70,36,1,1
"v10b pass (160 Mm3, 4% water)",63.0,21.87,25.00,12.00,38.90,38,1,1
"v10b pass (160 Mm3, 4% water)",63.1,21.71,24.60,11.90,38.90,37,1,1
"v10b pass (160 Mm3, 4% water)",63.2,21.55,25.00,11.70,38.70,36,1,1
"v10b pass (160 Mm3, 4% water)",63.3,21.49,24.30,11.70,38.70,36,1,1
"v10b pass (160 Mm3, 4% water)",63.4,21.43,24.10,11.70,38.70,36,1,1
"v10b pass (160 Mm3, 4% water)",63.5,21.38,24.10,11.70,38.70,36,1,1
"v10b pass (160 Mm3, 4% water)",63.6,21.32,24.60,11.50,38.80,35,1,1
"v10b pass (160 Mm3, 4% water)",63.7,21.28,28.40,11.60,38.80,35,1,1
"v10b pass (160 Mm3, 4% water)",63.8,21.23,28.50,15.50,38.80,34,1,1
"v10b pass (160 Mm3, 4% water)",63.9,21.19,28.50,15.60,38.80,33,1,1
"v10b pass (160 Mm3, 4% water)",64.0,21.14,28.50,15.80,38.80,34,1,1
"v10b pass (160 Mm3, 4% water)",64.1,21.20,28.90,17.60,38.90,31,1,1
"v10b pass (160 Mm3, 4% water)",64.2,21.26,28.90,17.60,38.90,31,1,1
"v10b pass (160 Mm3, 4% water)",64.3,21.32,28.60,17.60,38.60,31,1,1
"v10b pass (160 Mm3, 4% water)",64.4,21.38,28.60,16.60,37.70,27,1,1
"v10b pass (160 Mm3, 4% water)",64.5,21.36,28.60,16.60,37.70,27,1,1
"v10b pass (160 Mm3, 4% water)",64.6,21.35,25.10,16.10,37.20,25,1,1
"v10b pass (160 Mm3, 4% water)",64.7,21.33,24.40,16.60,36.50,27,1,1
"v10b pass (160 Mm3, 4% water)",64.8,21.32,24.70,17.70,38.70,26,1,1
"v10b pass (160 Mm3, 4% water)",64.9,21.27,27.00,18.80,37.60,24,1,1
"v10b pass (160 Mm3, 4% water)",65.0,21.23,28.10,19.60,39.50,26,1,1
"v10b pass (160 Mm3, 4% water)",65.1,21.19,28.60,19.60,38.50,25,1,1
"v10b pass (160 Mm3, 4% water)",65.2,21.14,28.90,20.50,39.40,27,1,1
"v10b pass (160 Mm3, 4% water)",65.3,21.07,28.90,21.00,40.70,28,1,1
"v10b pass (160 Mm3, 4% water)",65.4,20.99,29.00,23.20,40.70,28,0,1
"v10b pass (160 Mm3, 4% water)",65.5,20.91,29.00,23.20,40.70,28,0,1
"v10b pass (160 Mm3, 4% water)",65.6,20.83,29.00,22.60,40.60,29,0,1
"v10b pass (160 Mm3, 4% water)",65.7,20.72,29.00,22.70,40.50,31,0,1
"v10b pass (160 Mm3, 4% water)",65.8,20.62,29.00,22.40,40.50,31,0,1
"v10b pass (160 Mm3, 4% water)",65.9,20.51,29.00,22.40,41.20,31,0,1
"v10b pass (160 Mm3, 4% water)",66.0,20.41,29.30,22.80,43.50,32,0,1
"v10b pass (160 Mm3, 4% water)",66.1,20.42,29.60,22.90,43.60,33,0,1
"v10b pass (160 Mm3, 4% water)",66.2,20.42,29.00,22.30,43.40,35,0,1
"v10b pass (160 Mm3, 4% water)",66.3,20.43,29.00,22.40,43.20,37,0,1
"v10b pass (160 Mm3, 4% water)",66.4,20.44,29.00,21.60,43.20,37,0,1
"v10b pass (160 Mm3, 4% water)",66.5,20.48,28.60,20.90,42.90,39,0,1
"v10b pass (160 Mm3, 4% water)",66.6,20.52,28.20,17.50,42.90,39,1,1
"v10b pass (160 Mm3, 4% water)",66.7,20.56,28.20,17.50,42.90,39,1,1
"v10b pass (160 Mm3, 4% water)",66.8,20.60,28.60,18.80,43.20,37,1,1
"v10b pass (160 Mm3, 4% water)",66.9,20.60,28.40,16.70,43.00,38,1,1
"v10b pass (160 Mm3, 4% water)",67.0,20.60,29.00,16.70,43.20,37,1,1
"v10b pass (160 Mm3, 4% water)",67.1,20.60,27.90,16.60,42.30,34,1,1
"v10b pass (160 Mm3, 4% water)",67.2,20.60,28.20,16.60,42.10,35,1,1
"v10b pass (160 Mm3, 4% water)",67.3,20.57,28.20,16.60,41.30,35,1,1
"v10b pass (160 Mm3, 4% water)",67.4,20.54,27.60,16.60,38.40,35,1,1
"v10b pass (160 Mm3, 4% water)",67.5,20.52,27.20,16.60,38.40,35,1,1
"v10b pass (160 Mm3, 4% water)",67.6,20.49,27.20,16.10,38.80,33,1,1
"v10b pass (160 Mm3, 4% water)",67.7,20.55,27.10,16.20,38.40,35,1,1
"v10b pass (160 Mm3, 4% water)",67.8,20.62,27.10,16.20,35.10,35,1,1
"v10b pass (160 Mm3, 4% water)",67.9,20.68,24.50,16.60,35.10,35,1,1
"v10b pass (160 Mm3, 4% water)",68.0,20.74,25.90,16.60,32.60,35,1,1
"v10b pass (160 Mm3, 4% water)",68.1,21.19,24.50,16.60,30.00,33,1,1
"v10b pass (160 Mm3, 4% water)",68.2,21.64,25.90,16.60,30.00,35,1,1
"v10b pass (160 Mm3, 4% water)",68.3,22.08,25.90,16.20,30.00,35,1,1
"v10b pass (160 Mm3, 4% water)",68.4,22.53,24.50,16.20,30.00,35,1,1
"v10b pass (160 Mm3, 4% water)",68.5,23.08,25.40,16.10,30.00,34,1,1
"v10b pass (160 Mm3, 4% water)",68.6,23.64,26.00,16.40,30.00,32,1,1
"v10b pass (160 Mm3, 4% water)",68.7,24.19,26.00,17.30,30.50,34,1,1
"v10b pass (160 Mm3, 4% water)",68.8,24.75,26.40,18.10,30.90,36,1,1
"v10b pass (160 Mm3, 4% water)",68.9,25.61,26.40,18.90,30.80,38,1,1
"v10b pass (160 Mm3, 4% water)",69.0,26.46,26.60,20.50,31.10,38,1,1
"v10b pass (160 Mm3, 4% water)",69.1,27.32,26.60,20.00,31.10,38,1,1
"v10b pass (160 Mm3, 4% water)",69.2,28.18,26.40,20.10,31.10,40,1,1
"v10b pass (160 Mm3, 4% water)",69.3,29.01,26.00,19.60,30.70,40,1,1
"v10b pass (160 Mm3, 4% water)",69.4,29.83,25.70,19.50,30.70,39,1,1
"v10b pass (160 Mm3, 4% water)",69.5,30.66,25.40,19.40,30.80,38,1,1
"v10b pass (160 Mm3, 4% water)",69.6,31.49,24.90,19.90,30.90,36,0,1
"v10b pass (160 Mm3, 4% water)",69.7,31.85,24.90,19.40,30.80,38,0,1
"v10b pass (160 Mm3, 4% water)",69.8,32.21,25.40,19.30,30.90,36,0,1
"v10b pass (160 Mm3, 4% water)",69.9,32.57,25.40,19.10,30.90,34,0,1
"v10b pass (160 Mm3, 4% water)",70.0,32.93,25.70,19.10,31.00,33,0,1
"v10b pass (160 Mm3, 4% water)",70.1,32.43,25.00,18.90,30.70,31,0,1
"v10b pass (160 Mm3, 4% water)",70.2,31.93,25.00,19.10,30.60,33,0,1
"v10b pass (160 Mm3, 4% water)",70.3,31.42,25.00,19.10,30.30,33,0,1
"v10b pass (160 Mm3, 4% water)",70.4,30.92,24.80,19.10,30.30,33,0,1
"v10b pass (160 Mm3, 4% water)",70.5,31.12,25.00,19.10,30.90,33,0,1
"v10b pass (160 Mm3, 4% water)",70.6,31.31,25.60,19.70,31.00,32,0,1
"v10b pass (160 Mm3, 4% water)",70.7,31.51,25.60,20.00,31.20,34,0,1
"v10b pass (160 Mm3, 4% water)",70.8,31.70,25.50,19.90,31.20,33,0,1
"v10b pass (160 Mm3, 4% water)",70.9,31.70,25.50,19.90,30.90,33,0,1
"v10b pass (160 Mm3, 4% water)",71.0,31.70,25.70,19.90,31.20,33,0,1
"v10b pass (160 Mm3, 4% water)",71.1,31.70,25.70,20.80,34.40,31,1,1
"v10b pass (160 Mm3, 4% water)",71.2,31.70,25.70,19.30,33.70,33,1,1
"v10b pass (160 Mm3, 4% water)",71.3,31.26,25.50,18.90,33.70,33,1,1
"v10b pass (160 Mm3, 4% water)",71.4,30.82,25.80,19.10,33.30,34,1,1
"v10b pass (160 Mm3, 4% water)",71.5,30.38,25.50,16.20,33.00,35,1,1
"v10b pass (160 Mm3, 4% water)",71.6,29.94,25.40,13.70,33.30,34,1,1
"v10b pass (160 Mm3, 4% water)",71.7,29.51,25.40,14.10,32.70,36,1,1
"v10b pass (160 Mm3, 4% water)",71.8,29.09,25.20,13.90,33.00,35,1,1
"v10b pass (160 Mm3, 4% water)",71.9,28.66,25.10,14.30,32.30,37,1,1
"v10b pass (160 Mm3, 4% water)",72.0,28.24,24.80,14.50,32.00,38,1,1
"v10b pass (160 Mm3, 4% water)",72.1,27.80,24.40,14.30,32.30,37,1,1
"v10b pass (160 Mm3, 4% water)",72.2,27.35,24.40,14.70,32.70,39,1,1
"v10b pass (160 Mm3, 4% water)",72.3,26.91,24.40,14.70,32.70,39,1,1
"v10b pass (160 Mm3, 4% water)",72.4,26.46,24.40,14.70,33.70,39,1,1
"v10b pass (160 Mm3, 4% water)",72.5,26.39,24.40,15.10,33.80,38,1,1
"v10b pass (160 Mm3, 4% water)",72.6,26.32,23.90,15.10,33.20,34,1,1
"v10b pass (160 Mm3, 4% water)",72.7,26.25,23.90,15.10,33.20,34,1,1
"v10b pass (160 Mm3, 4% water)",72.8,26.18,22.90,15.10,32.20,32,1,1
"v10b pass (160 Mm3, 4% water)",72.9,26.78,22.40,15.10,32.30,31,1,1
"v10b pass (160 Mm3, 4% water)",73.0,27.37,21.50,14.90,32.40,30,1,1
"v10b pass (160 Mm3, 4% water)",73.1,27.96,20.90,14.10,30.20,26,1,1
"v10b pass (160 Mm3, 4% water)",73.2,28.55,20.90,14.10,30.20,26,1,1
"v10b pass (160 Mm3, 4% water)",73.3,29.28,20.90,13.70,30.40,24,1,1
"v10b pass (160 Mm3, 4% water)",73.4,30.02,21.40,15.10,31.50,24,1,1
"v10b pass (160 Mm3, 4% water)",73.5,30.75,22.10,15.10,31.50,24,1,1
"v10b pass (160 Mm3, 4% water)",73.6,31.49,24.80,18.10,31.70,22,1,1
"v10b pass (160 Mm3, 4% water)",73.7,32.04,26.00,18.20,32.20,24,1,1
"v10b pass (160 Mm3, 4% water)",73.8,32.59,27.30,18.20,32.20,23,0,1
"v10b pass (160 Mm3, 4% water)",73.9,33.14,28.00,18.20,32.20,24,0,1
"v10b pass (160 Mm3, 4% water)",74.0,33.70,28.40,18.20,32.20,24,0,1
"v10b pass (160 Mm3, 4% water)",74.1,34.32,28.60,20.40,32.30,22,0,1
"v10b pass (160 Mm3, 4% water)",74.2,34.94,28.60,20.60,32.60,24,0,1
"v10b pass (160 Mm3, 4% water)",74.3,35.56,28.50,21.30,32.50,23,0,1
"v10b pass (160 Mm3, 4% water)",74.4,36.18,28.50,20.40,32.60,22,0,1
"v10b pass (160 Mm3, 4% water)",74.5,36.29,28.50,20.70,31.90,20,0,1
"v10b pass (160 Mm3, 4% water)",74.6,36.39,28.50,21.30,31.90,20,0,1
"v10b pass (160 Mm3, 4% water)",74.7,36.50,28.50,22.00,31.80,22,0,1
"v10b pass (160 Mm3, 4% water)",74.8,36.61,28.50,19.50,32.40,24,0,1
"v10b pass (160 Mm3, 4% water)",74.9,36.52,28.50,17.30,32.40,25,0,1
"v10b pass (160 Mm3, 4% water)",75.0,36.43,28.50,17.70,33.20,27,0,1
"v10b pass (160 Mm3, 4% water)",75.1,36.34,28.40,17.90,33.10,28,0,1
"v10b pass (160 Mm3, 4% water)",75.2,36.25,28.00,16.40,32.80,30,0,1
"v10b pass (160 Mm3, 4% water)",75.3,35.51,27.50,15.40,32.60,32,0,1
"v10b pass (160 Mm3, 4% water)",75.4,34.77,27.50,15.70,33.50,34,0,1
"v10b pass (160 Mm3, 4% water)",75.5,34.03,27.40,15.70,33.50,34,0,1
"v10b pass (160 Mm3, 4% water)",75.6,33.29,25.90,15.40,33.80,32,1,1
"v10b pass (160 Mm3, 4% water)",75.7,32.13,25.50,15.70,33.50,34,1,1
"v10b pass (160 Mm3, 4% water)",75.8,30.97,23.90,15.70,33.10,34,1,1
"v10b pass (160 Mm3, 4% water)",75.9,29.82,23.90,14.30,32.80,35,1,1
"v10b pass (160 Mm3, 4% water)",76.0,28.66,23.50,13.90,33.30,33,1,1
"v10b pass (160 Mm3, 4% water)",76.1,28.43,23.50,13.80,33.60,32,1,1
"v10b pass (160 Mm3, 4% water)",76.2,28.20,23.50,14.10,33.10,34,1,1
"v10b pass (160 Mm3, 4% water)",76.3,27.97,23.00,14.10,31.00,34,1,1
"v10b pass (160 Mm3, 4% water)",76.4,27.74,22.80,13.90,31.00,33,1,1
"v10b pass (160 Mm3, 4% water)",76.5,27.85,23.40,13.80,31.10,32,1,1
"v10b pass (160 Mm3, 4% water)",76.6,27.97,22.80,13.60,31.10,31,1,1
"v10b pass (160 Mm3, 4% water)",76.7,28.09,22.80,13.80,31.10,32,1,1
"v10b pass (160 Mm3, 4% water)",76.8,28.21,22.80,13.40,28.40,29,1,1
"v10b pass (160 Mm3, 4% water)",76.9,28.27,22.80,13.50,29.30,30,1,1
"v10b pass (160 Mm3, 4% water)",77.0,28.33,22.80,13.60,29.20,31,1,1
"v10b pass (160 Mm3, 4% water)",77.1,28.39,22.80,15.90,28.10,29,0,1
"v10b pass (160 Mm3, 4% water)",77.2,28.44,22.80,16.40,27.90,31,0,1
"v10b pass (160 Mm3, 4% water)",77.3,28.42,22.80,17.40,28.10,29,0,1
"v10b pass (160 Mm3, 4% water)",77.4,28.40,22.80,17.00,27.90,31,0,1
"v10b pass (160 Mm3, 4% water)",77.5,28.38,22.80,17.00,27.90,31,0,1
"v10b pass (160 Mm3, 4% water)",77.6,28.35,22.80,16.90,28.30,29,0,1
"v10b pass (160 Mm3, 4% water)",77.7,27.96,22.70,16.90,28.20,30,1,1
"v10b pass (160 Mm3, 4% water)",77.8,27.57,22.70,16.70,28.60,26,1,1
"v10b pass (160 Mm3, 4% water)",77.9,27.18,22.70,16.70,28.60,26,1,1
"v10b pass (160 Mm3, 4% water)",78.0,26.79,22.80,17.60,29.10,25,1,1
"v10b pass (160 Mm3, 4% water)",78.1,26.84,22.70,17.40,29.10,24,1,1
"v10b pass (160 Mm3, 4% water)",78.2,26.89,22.70,16.70,29.10,26,1,1
"v10b pass (160 Mm3, 4% water)",78.3,26.94,22.00,11.40,29.10,24,1,1
"v10b pass (160 Mm3, 4% water)",78.4,26.99,20.60,11.50,29.10,26,1,1
"v10b pass (160 Mm3, 4% water)",78.5,27.30,20.40,10.20,29.10,28,1,1
"v10b pass (160 Mm3, 4% water)",78.6,27.60,20.20,9.20,29.00,30,1,1
"v10b pass (160 Mm3, 4% water)",78.7,27.91,20.20,9.40,29.20,32,1,1
"v10b pass (160 Mm3, 4% water)",78.8,28.22,20.20,9.40,29.20,32,1,1
"v10b pass (160 Mm3, 4% water)",78.9,28.46,20.20,9.60,29.10,34,1,1
"v10b pass (160 Mm3, 4% water)",79.0,28.71,20.20,9.50,28.80,33,1,1
"v10b pass (160 Mm3, 4% water)",79.1,28.95,20.00,9.10,29.10,29,1,1
"v10b pass (160 Mm3, 4% water)",79.2,29.20,20.20,9.20,29.20,31,1,1
"v10b pass (160 Mm3, 4% water)",79.3,29.39,20.00,9.10,29.70,29,1,1
"v10b pass (160 Mm3, 4% water)",79.4,29.58,20.10,9.20,29.50,30,0,1
"v10b pass (160 Mm3, 4% water)",79.5,29.77,20.20,10.00,29.80,28,1,1
"v10b pass (160 Mm3, 4% water)",79.6,29.97,20.10,9.60,30.00,26,1,1
"v10b pass (160 Mm3, 4% water)",79.7,29.87,20.30,10.00,29.80,28,0,1
"v10b pass (160 Mm3, 4% water)",79.8,29.77,20.40,10.20,29.70,29,0,1
"v10b pass (160 Mm3, 4% water)",79.9,29.67,20.40,10.60,29.40,31,0,1
"v10b pass (160 Mm3, 4% water)",80.0,29.57,20.70,10.70,29.40,32,0,1
"v10b pass (160 Mm3, 4% water)",80.1,29.15,20.30,10.70,29.20,32,1,1
"v10b pass (160 Mm3, 4% water)",80.2,28.73,20.30,10.80,29.20,34,1,1
"v10b pass (160 Mm3, 4% water)",80.3,28.30,20.30,13.60,29.20,32,1,1
"v10b pass (160 Mm3, 4% water)",80.4,27.88,20.30,13.60,29.20,34,1,1
"v10b pass (160 Mm3, 4% water)",80.5,27.59,20.30,14.10,29.20,34,1,1
"v10b pass (160 Mm3, 4% water)",80.6,27.29,20.70,17.10,29.20,32,1,1
"v10b pass (160 Mm3, 4% water)",80.7,26.99,20.40,17.20,29.20,34,1,1
"v10b pass (160 Mm3, 4% water)",80.8,26.69,20.60,17.30,28.70,32,1,1
"v10b pass (160 Mm3, 4% water)",80.9,26.32,20.90,17.30,28.00,34,1,1
"v10b pass (160 Mm3, 4% water)",81.0,25.95,20.90,17.30,28.00,34,1,1
"v10b pass (160 Mm3, 4% water)",81.1,25.58,20.90,17.20,27.30,36,1,1
"v10b pass (160 Mm3, 4% water)",81.2,25.21,20.90,17.20,26.50,38,1,1
"v10b pass (160 Mm3, 4% water)",81.3,24.97,20.50,17.10,24.10,36,0,1
"v10b pass (160 Mm3, 4% water)",81.4,24.72,20.40,17.00,24.00,38,0,1
"v10b pass (160 Mm3, 4% water)",81.5,24.48,20.30,17.00,23.50,38,0,1
"v10b pass (160 Mm3, 4% water)",81.6,24.24,20.30,17.00,24.00,38,0,1
"v10b pass (160 Mm3, 4% water)",81.7,23.94,20.30,16.80,23.90,40,0,1
"v10b pass (160 Mm3, 4% water)",81.8,23.65,19.80,15.60,24.00,38,1,1
"v10b pass (160 Mm3, 4% water)",81.9,23.36,19.70,14.50,23.90,40,1,1
"v10b pass (160 Mm3, 4% water)",82.0,23.06,19.60,14.50,23.90,40,1,1
"v10b pass (160 Mm3, 4% water)",82.1,22.65,19.60,14.40,23.20,39,1,1
"v10b pass (160 Mm3, 4% water)",82.2,22.23,19.50,14.50,23.10,40,1,1
"v10b pass (160 Mm3, 4% water)",82.3,21.81,19.30,14.20,21.30,38,0,1
"v10b pass (160 Mm3, 4% water)",82.4,21.40,18.80,13.40,21.30,40,0,1
"v10b pass (160 Mm3, 4% water)",82.5,21.31,18.40,13.10,21.20,40,0,1
"v10b pass (160 Mm3, 4% water)",82.6,21.23,18.30,12.10,21.20,37,0,1
"v10b pass (160 Mm3, 4% water)",82.7,21.15,18.20,12.10,21.20,39,1,1
"v10b pass (160 Mm3, 4% water)",82.8,21.07,16.80,11.70,21.20,37,1,1
"v10b pass (160 Mm3, 4% water)",82.9,21.07,16.80,10.90,21.20,38,1,1
"v10b pass (160 Mm3, 4% water)",83.0,21.07,16.40,10.90,20.80,38,0,1
"v10b pass (160 Mm3, 4% water)",83.1,21.07,16.20,9.80,20.30,36,0,1
"v10b pass (160 Mm3, 4% water)",83.2,21.07,16.20,10.00,20.30,38,0,1
"v10b pass (160 Mm3, 4% water)",83.3,21.22,15.60,9.80,19.90,36,0,1
"v10b pass (160 Mm3, 4% water)",83.4,21.38,15.90,10.00,20.30,38,0,1
"v10b pass (160 Mm3, 4% water)",83.5,21.53,16.10,9.90,20.30,37,0,1
"v10b pass (160 Mm3, 4% water)",83.6,21.68,15.60,9.80,19.50,36,0,1
"v10b pass (160 Mm3, 4% water)",83.7,21.85,15.60,9.50,19.40,38,0,1
"v10b pass (160 Mm3, 4% water)",83.8,22.01,15.60,9.40,19.50,36,0,1
"v10b pass (160 Mm3, 4% water)",83.9,22.18,15.60,9.50,19.40,38,0,1
"v10b pass (160 Mm3, 4% water)",84.0,22.34,15.60,10.60,19.30,37,0,1
"v10b pass (160 Mm3, 4% water)",84.1,22.35,15.30,10.10,18.50,34,0,1
"v10b pass (160 Mm3, 4% water)",84.2,22.36,15.30,10.40,18.80,36,0,1
"v10b pass (160 Mm3, 4% water)",84.3,22.37,15.50,10.30,18.90,35,0,1
"v10b pass (160 Mm3, 4% water)",84.4,22.39,15.50,10.60,18.80,37,0,1
"v10b pass (160 Mm3, 4% water)",84.5,22.32,16.00,10.40,20.00,36,0,1
"v10b pass (160 Mm3, 4% water)",84.6,22.25,16.40,10.40,20.40,34,0,1
"v10b pass (160 Mm3, 4% water)",84.7,22.18,16.40,10.40,20.40,34,0,1
"v10b pass (160 Mm3, 4% water)",84.8,22.11,16.60,11.80,21.10,30,0,1
"v10b pass (160 Mm3, 4% water)",84.9,22.07,16.60,12.10,22.30,32,1,1
"v10b pass (160 Mm3, 4% water)",85.0,22.04,16.70,12.50,22.60,33,1,1
"v10b pass (160 Mm3, 4% water)",85.1,22.00,16.90,13.10,22.70,30,1,1
"v10b pass (160 Mm3, 4% water)",85.2,21.96,16.80,13.10,22.60,31,1,1
"v10b pass (160 Mm3, 4% water)",85.3,21.86,17.30,13.20,22.80,28,1,1
"v10b pass (160 Mm3, 4% water)",85.4,21.75,16.90,12.80,22.70,30,1,1
"v10b pass (160 Mm3, 4% water)",85.5,21.64,16.70,12.40,22.50,30,1,1
"v10b pass (160 Mm3, 4% water)",85.6,21.54,16.70,12.30,22.70,28,1,1
"v10b pass (160 Mm3, 4% water)",85.7,21.22,16.70,12.30,22.70,28,1,1
"v10b pass (160 Mm3, 4% water)",85.8,20.90,16.70,12.60,23.10,24,1,1
"v10b pass (160 Mm3, 4% water)",85.9,20.59,16.70,12.60,23.10,24,1,1
"v10b pass (160 Mm3, 4% water)",86.0,20.27,16.70,12.50,23.20,22,1,1
"v10b pass (160 Mm3, 4% water)",86.1,19.95,17.30,12.50,23.20,22,1,1
"v10b pass (160 Mm3, 4% water)",86.2,19.63,17.80,12.70,23.10,24,1,1
"v10b pass (160 Mm3, 4% water)",86.3,19.31,17.90,12.50,22.40,22,1,1
"v10b pass (160 Mm3, 4% water)",86.4,18.99,17.90,12.50,22.40,22,1,1
"v10b pass (160 Mm3, 4% water)",86.5,18.88,18.10,13.30,22.50,20,1,1
"v10b pass (160 Mm3, 4% water)",86.6,18.76,17.90,12.30,22.30,19,1,1
"v10b pass (160 Mm3, 4% water)",86.7,18.64,17.20,12.40,22.20,20,1,1
"v10b pass (160 Mm3, 4% water)",86.8,18.53,16.90,12.40,22.00,22,1,1
"v10b pass (160 Mm3, 4% water)",86.9,18.56,16.40,12.40,21.90,24,1,1
"v10b pass (160 Mm3, 4% water)",87.0,18.60,16.20,12.40,21.90,24,1,1
"v10b pass (160 Mm3, 4% water)",87.1,18.64,16.60,12.40,21.30,23,1,1
"v10b pass (160 Mm3, 4% water)",87.2,18.68,16.90,12.40,21.20,24,1,1
"v10b pass (160 Mm3, 4% water)",87.3,18.76,16.60,11.90,21.30,23,1,1
"v10b pass (160 Mm3, 4% water)",87.4,18.85,15.80,11.80,21.10,25,1,1
"v10b pass (160 Mm3, 4% water)",87.5,18.94,15.80,11.80,21.80,25,1,1
"v10b pass (160 Mm3, 4% water)",87.6,19.02,16.50,11.70,21.90,24,1,1
"v10b pass (160 Mm3, 4% water)",87.7,19.04,16.50,11.70,21.80,26,1,1
"v10b pass (160 Mm3, 4% water)",87.8,19.06,15.60,11.70,21.70,28,1,1
"v10b pass (160 Mm3, 4% water)",87.9,19.08,15.60,11.60,21.60,30,1,1
"v10b pass (160 Mm3, 4% water)",88.0,19.10,15.60,10.20,22.00,32,1,1
"v10b pass (160 Mm3, 4% water)",88.1,18.93,15.30,10.20,21.80,32,1,1
"v10b pass (160 Mm3, 4% water)",88.2,18.76,15.10,10.00,21.50,34,1,1
"v10b pass (160 Mm3, 4% water)",88.3,18.59,14.30,9.80,20.00,32,1,1
"v10b pass (160 Mm3, 4% water)",88.4,18.42,14.20,9.80,19.90,33,1,1
"v10b pass (160 Mm3, 4% water)",88.5,18.03,14.20,9.80,19.90,33,1,1
"v10b pass (160 Mm3, 4% water)",88.6,17.65,14.30,9.80,20.00,32,1,1
"v10b pass (160 Mm3, 4% water)",88.7,17.26,14.20,9.80,19.90,33,1,1
"v10b pass (160 Mm3, 4% water)",88.8,16.87,14.20,9.70,20.20,31,1,1
"v10b pass (160 Mm3, 4% water)",88.9,16.44,14.00,9.70,19.90,33,1,1
"v10b pass (160 Mm3, 4% water)",89.0,16.00,13.30,9.70,20.00,32,1,1
"v10b pass (160 Mm3, 4% water)",89.1,15.57,12.30,8.00,18.80,30,1,1
"v10b pass (160 Mm3, 4% water)",89.2,15.14,12.10,7.70,18.60,32,1,1
"v10b pass (160 Mm3, 4% water)",89.3,14.65,11.90,6.90,18.50,32,1,1
"v10b pass (160 Mm3, 4% water)",89.4,14.17,11.80,6.60,18.40,33,1,1
"v10b pass (160 Mm3, 4% water)",89.5,13.69,11.80,6.50,18.60,31,1,1
"v10b pass (160 Mm3, 4% water)",89.6,13.20,11.80,5.70,16.50,28,1,1
"v10b pass (160 Mm3, 4% water)",89.7,13.16,11.80,5.70,16.50,28,1,1
"v10b pass (160 Mm3, 4% water)",89.8,13.12,11.70,4.90,15.20,25,1,1
"v10b pass (160 Mm3, 4% water)",89.9,13.07,11.70,4.90,15.20,25,1,1
"v10b pass (160 Mm3, 4% water)",90.0,13.03,11.70,4.40,14.10,23,1,1
"v10b pass (160 Mm3, 4% water)",90.1,13.17,11.60,3.60,13.20,19,1,1
"v10b pass (160 Mm3, 4% water)",90.2,13.32,11.50,3.70,13.10,20,0,1
"v10b pass (160 Mm3, 4% water)",90.3,13.46,11.40,3.40,12.70,17,0,1
"v10b pass (160 Mm3, 4% water)",90.4,13.60,10.10,3.60,12.60,19,0,1
"v10b pass (160 Mm3, 4% water)",90.5,13.69,10.10,3.70,12.40,20,0,1
"v10b pass (160 Mm3, 4% water)",90.6,13.78,10.10,3.80,12.40,21,0,1
"v10b pass (160 Mm3, 4% water)",90.7,13.87,9.90,3.90,12.30,22,0,1
"v10b pass (160 Mm3, 4% water)",90.8,13.96,9.40,3.90,12.30,22,0,1
"v10b pass (160 Mm3, 4% water)",90.9,14.08,9.00,3.90,12.20,23,0,1
"v10b pass (160 Mm3, 4% water)",91.0,14.19,8.70,3.90,12.40,23,0,1
"v10b pass (160 Mm3, 4% water)",91.1,14.31,7.50,3.80,12.40,21,0,1
"v10b pass (160 Mm3, 4% water)",91.2,14.43,7.50,3.90,12.90,23,0,1
"v10b pass (160 Mm3, 4% water)",91.3,14.59,7.00,3.90,13.10,20,0,1
"v10b pass (160 Mm3, 4% water)",91.4,14.75,6.50,3.50,13.00,22,0,1
"v10b pass (160 Mm3, 4% water)",91.5,14.91,6.50,3.30,12.90,23,0,1
"v10b pass (160 Mm3, 4% water)",91.6,15.07,6.10,3.20,13.20,24,0,1
"v10b pass (160 Mm3, 4% water)",91.7,15.23,6.10,3.20,13.20,26,0,1
"v10b pass (160 Mm3, 4% water)",91.8,15.39,5.80,3.20,12.70,27,0,1
"v10b pass (160 Mm3, 4% water)",91.9,15.54,6.50,3.20,12.50,29,0,1
"v10b pass (160 Mm3, 4% water)",92.0,15.70,7.50,3.30,13.80,31,0,1
"v10b pass (160 Mm3, 4% water)",92.1,15.77,7.80,3.30,15.10,32,0,1
"v10b pass (160 Mm3, 4% water)",92.2,15.83,8.20,3.30,16.30,34,1,1
"v10b pass (160 Mm3, 4% water)",92.3,15.89,8.50,3.30,16.80,34,1,1
"v10b pass (160 Mm3, 4% water)",92.4,15.96,8.70,3.30,16.80,35,1,1
"v10b pass (160 Mm3, 4% water)",92.5,16.15,10.10,3.30,17.00,35,1,1
"v10b pass (160 Mm3, 4% water)",92.6,16.33,10.60,3.30,18.90,33,1,1
"v10b pass (160 Mm3, 4% water)",92.7,16.52,10.60,3.30,18.50,35,1,1
"v10b pass (160 Mm3, 4% water)",92.8,16.71,10.90,3.30,18.70,34,1,1
"v10b pass (160 Mm3, 4% water)",92.9,16.86,11.20,3.30,18.50,35,1,1
"v10b pass (160 Mm3, 4% water)",93.0,17.00,11.20,3.30,18.50,35,1,1
"v10b pass (160 Mm3, 4% water)",93.1,17.14,11.20,3.60,18.90,33,1,1
"v10b pass (160 Mm3, 4% water)",93.2,17.28,10.90,3.70,18.70,34,1,1
"v10b pass (160 Mm3, 4% water)",93.3,17.26,10.90,5.10,19.20,32,1,1
"v10b pass (160 Mm3, 4% water)",93.4,17.23,10.90,5.10,19.20,32,1,1
"v10b pass (160 Mm3, 4% water)",93.5,17.20,11.40,5.70,19.50,30,1,1
"v10b pass (160 Mm3, 4% water)",93.6,17.17,12.30,6.50,18.00,27,1,1
"v10b pass (160 Mm3, 4% water)",93.7,17.17,12.30,6.60,17.50,29,1,1
"v10b pass (160 Mm3, 4% water)",93.8,17.17,12.90,7.60,18.20,26,1,1
"v10b pass (160 Mm3, 4% water)",93.9,17.16,12.40,7.70,18.00,27,1,1
"v10b pass (160 Mm3, 4% water)",94.0,17.16,12.90,6.90,18.20,26,1,1
"v10b pass (160 Mm3, 4% water)",94.1,17.17,11.70,6.80,18.60,24,1,1
"v10b pass (160 Mm3, 4% water)",94.2,17.17,12.80,6.90,18.10,26,1,1
"v10b pass (160 Mm3, 4% water)",94.3,17.18,10.90,6.80,16.50,23,0,1
"v10b pass (160 Mm3, 4% water)",94.4,17.19,10.90,6.80,16.40,24,0,1
"v10b pass (160 Mm3, 4% water)",94.5,17.36,10.90,6.80,16.40,24,0,1
"v10b pass (160 Mm3, 4% water)",94.6,17.53,10.70,6.70,14.70,22,0,1
"v10b pass (160 Mm3, 4% water)",94.7,17.70,10.70,6.70,14.50,24,0,1
"v10b pass (160 Mm3, 4% water)",94.8,17.88,10.80,6.70,14.80,21,0,1
"v10b pass (160 Mm3, 4% water)",94.9,17.96,10.80,6.70,14.60,23,0,1
"v10b pass (160 Mm3, 4% water)",95.0,18.03,10.60,6.70,14.60,23,0,1
"v10b pass (160 Mm3, 4% water)",95.1,18.11,10.80,6.70,14.80,21,0,1
"v10b pass (160 Mm3, 4% water)",95.2,18.19,10.80,6.70,14.60,23,0,1
"v10b pass (160 Mm3, 4% water)",95.3,18.23,10.90,6.70,14.80,21,0,1
"v10b pass (160 Mm3, 4% water)",95.4,18.26,10.90,6.70,14.80,21,0,1
"v10b pass (160 Mm3, 4% water)",95.5,18.30,10.90,5.40,14.70,22,0,1
"v10b pass (160 Mm3, 4% water)",95.6,18.34,10.80,5.30,14.80,21,0,1
"v10b pass (160 Mm3, 4% water)",95.7,18.48,10.60,5.40,14.70,22,0,1
"v10b pass (160 Mm3, 4% water)",95.8,18.63,9.50,5.20,14.80,20,0,1
"v10b pass (160 Mm3, 4% water)",95.9,18.78,8.50,5.20,14.80,21,0,1
"v10b pass (160 Mm3, 4% water)",96.0,18.92,8.50,5.20,14.80,21,0,1
"v10b pass (160 Mm3, 4% water)",96.1,19.02,8.20,5.10,14.10,20,0,1
"v10b pass (160 Mm3, 4% water)",96.2,19.13,8.20,5.10,14.10,20,0,1
"v10b pass (160 Mm3, 4% water)",96.3,19.23,7.80,5.10,14.00,18,0,1
"v10b pass (160 Mm3, 4% water)",96.4,19.33,7.90,5.10,14.00,19,0,1
"v10b pass (160 Mm3, 4% water)",96.5,19.52,7.90,5.10,14.00,19,0,1
"v10b pass (160 Mm3, 4% water)",96.6,19.72,8.00,5.10,14.00,18,0,1
"v10b pass (160 Mm3, 4% water)",96.7,19.91,8.00,5.10,14.00,18,0,1
"v10b pass (160 Mm3, 4% water)",96.8,20.10,7.90,5.00,13.70,17,0,1
"v10b pass (160 Mm3, 4% water)",96.9,20.42,7.90,4.70,13.60,19,0,1
"v10b pass (160 Mm3, 4% water)",97.0,20.75,7.90,4.70,14.10,19,0,1
"v10b pass (160 Mm3, 4% water)",97.1,21.07,8.10,4.70,14.50,19,0,1
"v10b pass (160 Mm3, 4% water)",97.2,21.40,8.10,4.70,14.50,19,0,1
"v10b pass (160 Mm3, 4% water)",97.3,21.51,8.00,4.70,14.50,18,0,1
"v10b pass (160 Mm3, 4% water)",97.4,21.62,7.90,4.70,14.50,19,0,1
"v10b pass (160 Mm3, 4% water)",97.5,21.73,8.00,4.80,14.40,20,0,1
"v10b pass (160 Mm3, 4% water)",97.6,21.83,8.50,5.10,15.00,20,0,1
"v10b pass (160 Mm3, 4% water)",97.7,21.97,9.10,5.20,14.90,22,0,1
"v10b pass (160 Mm3, 4% water)",97.8,22.11,9.70,4.50,14.90,22,0,1
"v10b pass (160 Mm3, 4% water)",97.9,22.25,9.70,4.70,14.70,24,0,1
"v10b pass (160 Mm3, 4% water)",98.0,22.39,9.70,4.40,14.70,24,0,1
"v10b pass (160 Mm3, 4% water)",98.1,22.46,10.40,4.40,14.90,22,0,1
"v10b pass (160 Mm3, 4% water)",98.2,22.53,10.40,4.40,14.90,22,0,1
"v10b pass (160 Mm3, 4% water)",98.3,22.60,10.70,4.40,16.00,23,0,1
"v10b pass (160 Mm3, 4% water)",98.4,22.67,10.80,4.40,18.50,25,0,1
"v10b pass (160 Mm3, 4% water)",98.5,22.68,11.00,4.40,18.50,24,0,1
"v10b pass (160 Mm3, 4% water)",98.6,22.69,12.10,4.40,20.10,24,0,1
"v10b pass (160 Mm3, 4% water)",98.7,22.69,13.40,4.40,21.90,25,0,1
"v10b pass (160 Mm3, 4% water)",98.8,22.70,12.10,4.40,22.10,24,0,1
"v10b pass (160 Mm3, 4% water)",98.9,22.70,10.80,4.40,21.90,25,0,1
"v10b pass (160 Mm3, 4% water)",99.0,22.70,10.80,4.40,22.30,23,0,1
"v10b pass (160 Mm3, 4% water)",99.1,22.70,10.10,4.30,22.70,21,1,1
"v10b pass (160 Mm3, 4% water)",99.2,22.70,10.10,4.30,22.70,21,1,1
"v10b pass (160 Mm3, 4% water)",99.3,22.64,10.80,4.30,23.40,21,1,1
"v10b pass (160 Mm3, 4% water)",99.4,22.59,10.80,4.30,23.40,21,1,1
"v10b pass (160 Mm3, 4% water)",99.5,22.54,12.10,4.30,23.70,20,1,1
"v10b pass (160 Mm3, 4% water)",99.6,22.49,12.10,4.30,24.40,18,1,1
"v10b pass (160 Mm3, 4% water)",99.7,22.30,12.10,4.30,24.40,18,1,1
"v10b pass (160 Mm3, 4% water)",99.8,22.11,14.50,4.30,25.70,14,1,1
"v10b pass (160 Mm3, 4% water)",99.9,21.92,14.50,4.30,25.70,14,1,1
"v10b pass (160 Mm3, 4% water)",100.0,21.74,18.20,4.30,26.00,13,1,1
"v10b pass (160 Mm3, 4% water)",100.1,21.70,18.40,4.70,26.30,12,1,1
"v10b pass (160 Mm3, 4% water)",100.2,21.66,18.40,4.70,26.30,12,1,1
"v10b pass (160 Mm3, 4% water)",100.3,21.62,18.50,4.00,27.20,10,1,1
"v10b pass (160 Mm3, 4% water)",100.4,21.58,18.50,4.00,27.20,10,1,1
"v10b pass (160 Mm3, 4% water)",100.5,21.59,13.70,3.50,28.40,8,1,1
"v10b pass (160 Mm3, 4% water)",100.6,21.60,8.50,3.00,25.00,6,1,1
"v10b pass (160 Mm3, 4% water)",100.7,21.61,8.50,3.00,25.00,6,1,1
"v10b pass (160 Mm3, 4% water)",101.8,21.73,5.30,4.40,8.20,5,0,1
"v10b pass (160 Mm3, 4% water)",101.9,21.78,5.30,4.40,8.20,5,0,1
"v10b pass (160 Mm3, 4% water)",102.0,21.83,5.30,4.40,8.20,5,0,1
"v10b pass (160 Mm3, 4% water)",102.1,21.90,5.00,4.40,10.60,6,0,1
"v10b pass (160 Mm3, 4% water)",102.2,21.98,5.00,4.40,10.60,6,0,1
"v10b pass (160 Mm3, 4% water)",102.3,22.05,5.00,4.40,10.60,6,0,1
"v10b pass (160 Mm3, 4% water)",102.4,22.12,5.00,4.40,10.60,6,0,1
"v10b pass (160 Mm3, 4% water)",102.5,22.19,5.00,3.40,14.60,8,0,1
"v10b pass (160 Mm3, 4% water)",102.6,22.25,5.00,3.40,14.60,8,0,1
"v10b pass (160 Mm3, 4% water)",102.7,22.32,6.80,4.00,13.40,10,0,1
"v10b pass (160 Mm3, 4% water)",102.8,22.38,6.80,4.00,13.40,10,0,1
"v10b pass (160 Mm3, 4% water)",102.9,22.39,8.30,4.30,12.80,11,0,1
"v10b pass (160 Mm3, 4% water)",103.0,22.40,9.20,4.30,12.80,12,0,1
"v10b pass (160 Mm3, 4% water)",103.1,22.42,10.10,4.30,12.80,11,0,1
"v10b pass (160 Mm3, 4% water)",103.2,22.43,11.10,4.30,13.10,13,0,1
"v10b pass (160 Mm3, 4% water)",103.3,22.36,11.30,4.40,13.10,15,0,1
"v10b pass (160 Mm3, 4% water)",103.4,22.29,11.20,4.40,13.00,16,0,1
"v10b pass (160 Mm3, 4% water)",103.5,22.22,11.10,4.40,13.00,17,0,1
"v10b pass (160 Mm3, 4% water)",103.6,22.16,11.10,4.40,13.00,17,0,1
"v10b pass (160 Mm3, 4% water)",103.7,22.05,11.10,4.40,13.00,17,0,1
"v10b pass (160 Mm3, 4% water)",103.8,21.93,11.30,5.70,13.10,15,0,1
"v10b pass (160 Mm3, 4% water)",103.9,21.82,11.30,5.70,13.10,15,0,1
"v10b pass (160 Mm3, 4% water)",104.0,21.71,11.10,4.80,13.00,17,0,1
"v10b pass (160 Mm3, 4% water)",104.1,21.68,10.60,4.00,13.00,16,0,1
"v10b pass (160 Mm3, 4% water)",104.2,21.64,10.60,4.00,13.00,16,0,1
"v10b pass (160 Mm3, 4% water)",104.3,21.61,10.10,3.70,12.90,17,0,1
"v10b pass (160 Mm3, 4% water)",104.4,21.58,10.10,3.70,12.90,17,0,1
"v10b pass (160 Mm3, 4% water)",104.5,21.58,10.10,3.70,12.90,17,0,1
"v10b pass (160 Mm3, 4% water)",104.6,21.58,10.60,4.50,12.70,16,0,1
"v10b pass (160 Mm3, 4% water)",104.7,21.58,10.60,4.50,12.70,16,0,1
"v10b pass (160 Mm3, 4% water)",104.8,21.58,10.60,4.40,12.70,14,0,1
"v10b pass (160 Mm3, 4% water)",104.9,21.47,9.70,4.00,12.70,16,0,1
"v10b pass (160 Mm3, 4% water)",105.0,21.37,9.60,4.00,12.70,15,0,1
"v10b pass (160 Mm3, 4% water)",105.1,21.26,9.60,4.00,12.70,15,0,1
"v10b pass (160 Mm3, 4% water)",105.2,21.16,9.90,4.00,12.90,17,0,1
"v10b pass (160 Mm3, 4% water)",105.3,20.79,7.30,3.90,12.30,13,0,1
"v10b pass (160 Mm3, 4% water)",105.4,20.41,6.80,3.90,12.20,14,0,1
"v10b pass (160 Mm3, 4% water)",105.5,20.04,5.90,3.50,12.20,14,0,1
"v10b pass (160 Mm3, 4% water)",105.6,19.67,5.60,3.40,12.30,13,0,1
"v10b pass (160 Mm3, 4% water)",105.7,18.95,5.60,3.40,12.30,13,0,1
"v10b pass (160 Mm3, 4% water)",105.8,18.24,5.20,3.40,12.50,12,0,1
"v10b pass (160 Mm3, 4% water)",105.9,17.52,5.60,3.40,12.30,13,0,1
"v10b pass (160 Mm3, 4% water)",106.0,16.80,5.60,3.40,12.30,13,0,1
"v10b pass (160 Mm3, 4% water)",106.1,16.77,6.20,3.80,12.70,10,0,1
"v10b pass (160 Mm3, 4% water)",106.2,16.74,6.20,3.80,12.70,10,0,1
"v10b pass (160 Mm3, 4% water)",106.3,16.71,6.20,3.80,12.70,10,0,1
"v10b pass (160 Mm3, 4% water)",106.4,16.68,6.20,3.80,12.70,10,0,1
"v10b pass (160 Mm3, 4% water)",106.5,16.86,6.20,3.80,12.70,10,0,1
"v10b pass (160 Mm3, 4% water)",106.6,17.04,6.20,3.80,11.30,10,0,1
"v10b pass (160 Mm3, 4% water)",106.7,17.22,6.20,3.90,11.10,11,0,1
"v10b pass (160 Mm3, 4% water)",106.8,17.40,6.20,3.90,11.10,11,0,1
"v10b pass (160 Mm3, 4% water)",106.9,17.49,8.70,3.90,11.10,13,0,1
"v10b pass (160 Mm3, 4% water)",107.0,17.57,9.20,3.40,11.10,13,0,1
"v10b pass (160 Mm3, 4% water)",107.1,17.66,8.50,3.50,10.80,14,0,1
"v10b pass (160 Mm3, 4% water)",107.2,17.74,8.20,3.60,10.70,15,0,1
"v10b pass (160 Mm3, 4% water)",107.3,17.68,6.40,3.50,9.50,14,0,1
"v10b pass (160 Mm3, 4% water)",107.4,17.61,6.40,3.50,9.50,14,0,1
"v10b pass (160 Mm3, 4% water)",107.5,17.54,6.60,3.80,9.90,15,0,1
"v10b pass (160 Mm3, 4% water)",107.6,17.48,7.40,4.70,9.90,14,0,1
"v10b pass (160 Mm3, 4% water)",107.7,17.50,7.40,4.70,9.90,14,0,1
"v10b pass (160 Mm3, 4% water)",107.8,17.52,8.20,4.70,9.90,15,0,1
"v10b pass (160 Mm3, 4% water)",107.9,17.54,7.40,3.80,9.80,16,0,1
"v10b pass (160 Mm3, 4% water)",108.0,17.57,7.40,2.90,9.80,16,0,1
"v10b pass (160 Mm3, 4% water)",108.1,17.66,7.40,2.90,9.80,16,0,1
"v10b pass (160 Mm3, 4% water)",108.2,17.76,7.40,2.90,9.80,16,0,1
"v10b pass (160 Mm3, 4% water)",108.3,17.86,8.20,2.90,9.90,15,0,0
"v10b pass (160 Mm3, 4% water)",108.4,17.96,8.20,2.90,9.80,17,0,0
"v10b pass (160 Mm3, 4% water)",108.5,18.06,7.40,2.90,9.70,18,0,0
"v10b pass (160 Mm3, 4% water)",108.6,18.17,5.90,2.70,9.70,18,0,0
"v10b pass (160 Mm3, 4% water)",108.7,18.28,5.20,2.70,9.60,20,0,0
"v10b pass (160 Mm3, 4% water)",108.8,18.38,5.30,2.80,10.00,21,0,0
"v10b pass (160 Mm3, 4% water)",108.9,18.56,5.30,2.80,10.00,21,0,0
"v10b pass (160 Mm3, 4% water)",109.0,18.75,5.10,2.70,10.00,20,0,0
"v10b pass (160 Mm3, 4% water)",109.1,18.93,4.70,2.60,9.90,16,0,0
"v10b pass (160 Mm3, 4% water)",109.2,19.11,4.60,2.60,9.80,17,0,0
"v10b pass (160 Mm3, 4% water)",109.3,19.31,4.40,2.60,10.00,15,0,0
"v10b pass (160 Mm3, 4% water)",109.4,19.50,4.70,2.60,9.90,16,0,0
"v10b pass (160 Mm3, 4% water)",109.5,19.70,4.70,2.60,9.90,16,0,0
"v10b pass (160 Mm3, 4% water)",109.6,19.90,4.40,2.60,9.20,14,0,0
"v10b pass (160 Mm3, 4% water)",109.7,20.03,4.40,2.60,9.20,14,0,0
"v10b pass (160 Mm3, 4% water)",109.8,20.17,4.40,2.50,8.30,13,0,0
"v10b pass (160 Mm3, 4% water)",109.9,20.31,4.40,2.60,11.30,14,0,0
"v10b pass (160 Mm3, 4% water)",110.0,20.44,5.20,3.10,13.40,15,0,0
"v10b pass (160 Mm3, 4% water)",110.1,20.59,6.40,3.80,13.40,15,0,0
"v10b pass (160 Mm3, 4% water)",110.2,20.75,6.90,3.90,13.30,16,0,0
"v10b pass (160 Mm3, 4% water)",110.3,20.90,6.90,3.90,13.30,16,0,0
"v10b pass (160 Mm3, 4% water)",110.4,21.06,6.90,3.90,13.30,16,0,0
"v10b pass (160 Mm3, 4% water)",110.5,20.96,7.10,4.10,13.30,16,0,0
"v10b pass (160 Mm3, 4% water)",110.6,20.86,7.50,4.30,13.60,14,0,0
"v10b pass (160 Mm3, 4% water)",110.7,20.77,7.50,4.30,13.60,14,0,0
"v10b pass (160 Mm3, 4% water)",110.8,20.67,7.80,4.40,14.00,10,0,0
"v10b pass (160 Mm3, 4% water)",110.9,20.54,7.80,4.40,14.00,10,0,0
"v10b pass (160 Mm3, 4% water)",111.0,20.42,7.80,4.40,14.00,10,0,0
"v10b pass (160 Mm3, 4% water)",111.1,20.29,8.20,6.00,14.10,9,0,0
"v10b pass (160 Mm3, 4% water)",111.2,20.16,8.20,6.00,14.10,9,0,0
"v10b pass (160 Mm3, 4% water)",111.3,20.03,9.90,6.70,14.10,8,0,0
"v10b pass (160 Mm3, 4% water)",111.4,19.89,11.10,6.80,14.10,9,0,0
"v10b pass (160 Mm3, 4% water)",111.5,19.76,11.30,7.20,14.10,8,0,0
"v10b pass (160 Mm3, 4% water)",111.6,19.62,11.30,7.20,14.10,8,0,0
"v10b pass (160 Mm3, 4% water)",111.7,19.65,11.30,6.60,14.40,10,0,0
"v10b pass (160 Mm3, 4% water)",111.8,19.68,11.60,6.90,15.20,11,0,0
"v10b pass (160 Mm3, 4% water)",111.9,19.70,11.60,6.90,15.20,11,0,0
"v10b pass (160 Mm3, 4% water)",112.0,19.73,11.60,6.90,15.20,11,0,0
"v10b pass (160 Mm3, 4% water)",112.1,19.85,11.60,6.40,15.50,9,0,0
"v10b pass (160 Mm3, 4% water)",112.2,19.97,12.10,6.60,15.30,10,0,0
"v10b pass (160 Mm3, 4% water)",112.3,20.09,11.90,6.60,15.30,10,0,0
"v10b pass (160 Mm3, 4% water)",112.4,20.20,11.90,6.60,15.30,10,0,0
"v10b pass (160 Mm3, 4% water)",112.5,20.30,11.90,6.60,15.30,10,0,0
"v10b pass (160 Mm3, 4% water)",112.6,20.39,12.80,9.10,15.60,8,0,0
"v10b pass (160 Mm3, 4% water)",112.7,20.49,12.60,5.10,15.50,9,0,0
"v10b pass (160 Mm3, 4% water)",112.8,20.58,11.90,5.20,15.30,10,0,0
"v10b pass (160 Mm3, 4% water)",112.9,20.61,11.90,5.20,15.30,10,0,0
"v10b pass (160 Mm3, 4% water)",113.0,20.64,11.90,5.20,15.30,10,0,0
"v10b pass (160 Mm3, 4% water)",113.1,20.66,11.90,5.20,15.30,10,0,0
"v10b pass (160 Mm3, 4% water)",113.2,20.69,11.90,5.20,15.30,10,0,0
"v10b pass (160 Mm3, 4% water)",113.3,20.65,11.90,5.20,15.30,10,0,0
"v10b pass (160 Mm3, 4% water)",113.4,20.61,11.90,5.20,15.30,10,0,0
"v10b pass (160 Mm3, 4% water)",113.5,20.57,11.90,5.20,15.30,10,0,0
"v10b pass (160 Mm3, 4% water)",113.6,20.53,11.30,4.30,15.20,11,0,0
"v10b pass (160 Mm3, 4% water)",113.7,20.44,11.30,4.30,15.20,11,0,0
"v10b pass (160 Mm3, 4% water)",113.8,20.34,10.50,4.40,13.30,8,0,0
"v10b pass (160 Mm3, 4% water)",113.9,20.25,10.50,4.40,13.30,8,0,0
"v10b pass (160 Mm3, 4% water)",114.0,20.15,10.50,4.40,13.30,8,0,0
"v10b pass (160 Mm3, 4% water)",114.1,20.17,6.90,3.30,11.70,8,0,0
"v10b pass (160 Mm3, 4% water)",114.2,20.19,7.20,3.40,11.50,9,0,0
"v10b pass (160 Mm3, 4% water)",114.3,20.20,5.30,3.20,9.00,7,0,0
"v10b pass (160 Mm3, 4% water)",114.4,20.22,5.30,3.20,9.00,7,0,0
"v10b pass (160 Mm3, 4% water)",114.5,20.25,5.30,3.20,9.00,7,0,0
"v10b pass (160 Mm3, 4% water)",114.6,20.28,5.40,3.30,8.80,8,0,0
"v10b pass (160 Mm3, 4% water)",114.7,20.32,5.30,2.20,8.60,10,0,0
"v10b pass (160 Mm3, 4% water)",114.8,20.35,4.50,2.00,7.60,8,0,0
"v10b pass (160 Mm3, 4% water)",114.9,20.38,4.50,2.00,7.60,8,0,0
"v10b pass (160 Mm3, 4% water)",115.0,20.40,4.50,2.00,7.60,8,0,0
"v10b pass (160 Mm3, 4% water)",115.1,20.43,4.50,2.00,7.60,8,0,0
"v10b pass (160 Mm3, 4% water)",115.2,20.46,4.50,2.00,7.60,8,0,0
"v10b pass (160 Mm3, 4% water)",115.3,20.47,4.50,2.00,7.60,8,0,0
"v10b pass (160 Mm3, 4% water)",115.4,20.47,4.50,2.00,7.60,8,0,0
"v10b pass (160 Mm3, 4% water)",115.5,20.48,4.50,2.00,7.60,8,0,0
"v10b pass (160 Mm3, 4% water)",115.6,20.49,4.60,2.20,7.80,6,0,0
"v10b pass (160 Mm3, 4% water)",115.7,20.50,4.60,2.20,7.80,6,0,0
"v10b pass (160 Mm3, 4% water)",115.8,20.51,4.60,2.20,7.80,6,0,0
"v10b pass (160 Mm3, 4% water)",115.9,20.52,4.60,2.20,7.80,6,0,0
"v10b pass (160 Mm3, 4% water)",116.0,20.53,4.60,2.20,7.80,6,0,0
"v10b pass (160 Mm3, 4% water)",154.8,10.50,8.00,7.20,9.40,5,0,0
"v10b pass (160 Mm3, 4% water)",154.9,10.33,8.00,7.20,9.40,5,0,0
"v10b pass (160 Mm3, 4% water)",155.0,10.16,8.00,6.50,9.10,6,0,0
"v10b pass (160 Mm3, 4% water)",155.1,9.98,8.00,6.50,9.10,6,0,0
"v10b pass (160 Mm3, 4% water)",155.2,9.81,8.00,6.50,9.10,6,0,0
"v10b pass (160 Mm3, 4% water)",155.3,9.63,8.00,6.50,9.10,6,0,0
"v10b pass (160 Mm3, 4% water)",155.4,9.46,8.00,6.50,9.10,6,0,0
"v10b pass (160 Mm3, 4% water)",155.5,9.28,8.00,6.50,9.10,6,0,0
"v10b pass (160 Mm3, 4% water)",155.6,9.11,8.00,6.50,9.10,6,0,0
"v10b pass (160 Mm3, 4% water)",155.7,9.01,8.00,6.50,9.10,6,1,0
"v10b pass (160 Mm3, 4% water)",155.8,8.92,8.00,6.50,9.10,6,1,0
"v10b pass (160 Mm3, 4% water)",155.9,8.82,8.00,6.50,9.10,6,1,0
"v10b pass (160 Mm3, 4% water)",156.0,8.73,8.00,6.50,8.00,5,0,0
"v10b pass (160 Mm3, 4% water)",159.6,10.74,9.40,8.70,10.80,5,1,0
"v10b pass (160 Mm3, 4% water)",159.7,10.63,9.50,8.70,11.50,6,1,0
"v10b pass (160 Mm3, 4% water)",159.8,10.53,9.50,8.70,11.50,6,1,0
"v10b pass (160 Mm3, 4% water)",159.9,10.42,9.50,8.70,11.50,6,1,0
"v10b pass (160 Mm3, 4% water)",160.0,10.32,9.40,8.80,11.50,7,1,0
"v10b pass (160 Mm3, 4% water)",160.1,10.46,9.40,8.90,11.50,9,1,0
"v10b pass (160 Mm3, 4% water)",160.2,10.60,9.40,8.90,11.50,9,1,0
"v10b pass (160 Mm3, 4% water)",160.3,10.75,9.40,8.90,11.50,9,1,0
"v10b pass (160 Mm3, 4% water)",160.4,10.89,9.70,9.10,11.70,9,1,0
"v10b pass (160 Mm3, 4% water)",160.5,10.90,9.70,8.90,11.70,9,1,0
"v10b pass (160 Mm3, 4% water)",160.6,10.91,10.50,8.90,11.90,9,1,0
"v10b pass (160 Mm3, 4% water)",160.7,10.92,10.00,9.00,11.80,10,1,0
"v10b pass (160 Mm3, 4% water)",160.8,10.93,10.00,9.00,11.80,10,1,0
"v10b pass (160 Mm3, 4% water)",160.9,10.92,10.00,9.00,11.80,10,1,0
"v10b pass (160 Mm3, 4% water)",161.0,10.91,10.00,8.80,12.30,12,1,0
"v10b pass (160 Mm3, 4% water)",161.1,10.90,10.00,8.80,12.30,12,1,0
"v10b pass (160 Mm3, 4% water)",161.2,10.89,11.00,8.90,12.60,12,1,0
"v10b pass (160 Mm3, 4% water)",161.3,10.89,11.00,8.90,12.60,12,1,0
"v10b pass (160 Mm3, 4% water)",161.4,10.89,11.00,8.90,12.60,12,1,0
"v10b pass (160 Mm3, 4% water)",161.5,10.89,10.50,8.70,12.60,13,1,0
"v10b pass (160 Mm3, 4% water)",161.6,10.88,10.50,8.70,12.80,13,1,0
"v10b pass (160 Mm3, 4% water)",161.7,10.86,10.50,8.70,12.80,13,1,0
"v10b pass (160 Mm3, 4% water)",161.8,10.85,10.50,8.70,12.80,13,1,0
"v10b pass (160 Mm3, 4% water)",161.9,10.83,10.50,8.70,12.80,13,1,0
"v10b pass (160 Mm3, 4% water)",162.0,10.81,10.50,8.70,12.80,13,1,0
"v10b pass (160 Mm3, 4% water)",162.1,10.76,11.50,8.50,12.90,10,1,0
"v10b pass (160 Mm3, 4% water)",162.2,10.72,11.50,8.50,12.90,10,1,0
"v10b pass (160 Mm3, 4% water)",162.3,10.67,11.50,8.50,12.90,10,1,0
"v10b pass (160 Mm3, 4% water)",162.4,10.63,11.50,8.50,12.90,10,1,0
"v10b pass (160 Mm3, 4% water)",162.5,10.58,11.30,8.40,13.00,9,1,0
"v10b pass (160 Mm3, 4% water)",162.6,10.54,11.30,8.40,13.20,7,1,0
"v10b pass (160 Mm3, 4% water)",162.7,10.49,12.00,8.20,13.40,6,1,0
"v10b pass (160 Mm3, 4% water)",162.8,10.45,12.00,8.20,13.40,6,1,0
"v10b pass (160 Mm3, 4% water)",162.9,10.39,12.00,8.20,13.40,6,1,0
"v10b pass (160 Mm3, 4% water)",163.0,10.33,12.00,8.20,13.40,6,1,0
"v10b pass (160 Mm3, 4% water)",163.1,10.27,12.80,9.10,14.30,5,1,0
"v10b pass (160 Mm3, 4% water)",163.3,10.10,11.30,7.70,14.30,5,1,0
"v10b pass (160 Mm3, 4% water)",163.4,9.98,11.30,7.70,14.30,5,1,0
"v10b pass (160 Mm3, 4% water)",163.5,9.87,12.60,7.70,30.60,6,1,0
"v10b pass (160 Mm3, 4% water)",165.0,8.45,13.70,9.10,33.80,5,0,0
"v10b pass (160 Mm3, 4% water)",166.3,6.39,12.60,11.30,16.50,5,0,0
"v10b pass (160 Mm3, 4% water)",166.4,6.19,12.60,11.30,16.50,5,0,0
"v10b pass (160 Mm3, 4% water)",166.5,6.07,12.60,11.30,16.50,5,0,0
"v10b pass (160 Mm3, 4% water)",166.6,5.95,12.60,11.30,16.50,5,0,0
"v10b pass (160 Mm3, 4% water)",166.7,5.83,12.60,11.30,16.50,5,0,0
"v10b pass (160 Mm3, 4% water)",166.8,5.71,12.60,11.30,16.50,5,0,0
"v10b pass (160 Mm3, 4% water)",166.9,5.74,12.60,11.30,16.50,5,0,0
"v10b pass (160 Mm3, 4% water)",173.6,0.79,15.50,12.30,25.10,5,0,0
"v10b pass (160 Mm3, 4% water)",173.7,0.71,14.50,10.60,24.50,6,0,0
"v10b pass (160 Mm3, 4% water)",173.8,0.63,14.50,10.60,24.50,6,0,0
"v10b pass (160 Mm3, 4% water)",173.9,0.54,14.50,10.60,24.50,6,0,0
"v10b pass (160 Mm3, 4% water)",174.0,0.46,14.50,10.60,24.50,6,0,0
"v10b pass (160 Mm3, 4% water)",174.1,0.39,13.50,10.40,25.10,5,0,0
"v10b pass (160 Mm3, 4% water)",174.2,0.31,13.50,10.40,25.10,5,0,0
"v10b pass (160 Mm3, 4% water)",174.3,0.24,13.50,10.40,25.10,5,0,0
"v10b pass (160 Mm3, 4% water)",174.4,0.16,13.50,10.40,25.10,5,0,0
"v10b pass (160 Mm3, 4% water)",174.5,0.16,13.50,10.40,25.10,5,0,0
"v10b pass (160 Mm3, 4% water)",174.6,0.16,13.50,10.40,25.10,5,0,0
"v10b pass (160 Mm3, 4% water)",177.7,0.14,11.20,9.40,11.70,5,0,0
"v10b pass (160 Mm3, 4% water)",177.8,0.14,11.20,9.40,11.70,5,0,0
"v10b pass (160 Mm3, 4% water)",177.9,0.14,11.20,9.40,11.70,5,0,0
"v10b pass (160 Mm3, 4% water)",178.0,0.14,11.20,9.40,11.70,5,0,0
"v10b pass (160 Mm3, 4% water)",178.1,0.14,11.20,9.40,11.70,5,0,0
"v10b pass (160 Mm3, 4% water)",178.2,0.13,11.20,9.40,11.70,5,0,0
"v10b pass (160 Mm3, 4% water)",178.3,0.13,11.20,9.40,11.70,5,0,0
"v10b pass (160 Mm3, 4% water)",178.4,0.13,11.20,9.40,11.70,5,0,0
"v10b pass (160 Mm3, 4% water)",178.5,0.13,11.20,9.40,11.70,5,0,0
"v10b pass (160 Mm3, 4% water)",178.6,0.13,11.20,9.40,11.70,5,0,0
"v10b pass (160 Mm3, 4% water)",178.7,0.13,11.20,9.40,11.70,5,0,0
"v10b pass (160 Mm3, 4% water)",178.8,0.13,11.40,9.60,12.40,6,0,0
"v10b pass (160 Mm3, 4% water)",178.9,0.13,11.40,9.60,12.40,6,0,0
"v10b pass (160 Mm3, 4% water)",179.0,0.13,11.20,9.40,12.40,5,0,0
"v10b pass (160 Mm3, 4% water)",179.1,0.13,11.20,9.40,12.40,5,0,0
"v10b pass (160 Mm3, 4% water)",179.2,0.13,11.20,9.40,12.40,5,0,0
"v10b pass (160 Mm3, 4% water)",179.3,0.13,11.20,9.40,12.40,5,0,0
"v10b pass (160 Mm3, 4% water)",179.4,0.13,11.20,9.40,12.40,5,0,0
"v10b pass (160 Mm3, 4% water)",179.5,0.12,10.50,8.00,12.40,5,0,0
"v10 wet near-miss (123 Mm3, 81% water)",0.9,156.85,237.90,128.20,363.60,5,1,1
"v10 wet near-miss (123 Mm3, 81% water)",1.0,159.92,237.90,128.20,363.60,5,1,1
"v10 wet near-miss (123 Mm3, 81% water)",1.1,163.00,237.90,128.20,363.60,5,1,1
"v10 wet near-miss (123 Mm3, 81% water)",1.2,166.08,237.90,128.20,363.60,5,1,1
"v10 wet near-miss (123 Mm3, 81% water)",1.3,158.47,237.90,128.20,363.60,5,1,1
"v10 wet near-miss (123 Mm3, 81% water)",1.4,150.86,237.90,128.20,363.60,5,1,1
"v10 wet near-miss (123 Mm3, 81% water)",1.5,143.25,237.90,128.20,363.60,5,1,1
"v10 wet near-miss (123 Mm3, 81% water)",1.6,135.63,237.90,128.20,363.60,5,1,1
"v10 wet near-miss (123 Mm3, 81% water)",1.7,134.67,237.90,128.20,363.60,5,1,1
"v10 wet near-miss (123 Mm3, 81% water)",1.8,133.71,237.90,128.20,363.60,5,1,1
"v10 wet near-miss (123 Mm3, 81% water)",1.9,132.75,237.90,128.20,363.60,5,1,1
"v10 wet near-miss (123 Mm3, 81% water)",2.0,131.79,237.90,128.20,363.60,5,1,1
"v10 wet near-miss (123 Mm3, 81% water)",2.1,131.75,237.90,128.20,363.60,5,1,1
"v10 wet near-miss (123 Mm3, 81% water)",11.3,99.25,138.80,88.40,164.90,6,1,1
"v10 wet near-miss (123 Mm3, 81% water)",11.4,98.84,138.80,100.50,179.40,8,0,1
"v10 wet near-miss (123 Mm3, 81% water)",11.5,98.43,138.80,79.80,179.40,10,1,1
"v10 wet near-miss (123 Mm3, 81% water)",11.6,98.02,138.80,66.90,196.50,12,1,1
"v10 wet near-miss (123 Mm3, 81% water)",11.7,97.38,138.80,65.70,194.40,14,1,1
"v10 wet near-miss (123 Mm3, 81% water)",11.8,96.73,138.80,66.00,191.50,16,1,1
"v10 wet near-miss (123 Mm3, 81% water)",11.9,96.08,142.00,66.20,190.00,17,1,1
"v10 wet near-miss (123 Mm3, 81% water)",12.0,95.44,148.70,66.40,188.60,18,1,1
"v10 wet near-miss (123 Mm3, 81% water)",12.1,94.67,142.00,66.50,187.10,19,1,1
"v10 wet near-miss (123 Mm3, 81% water)",12.2,93.91,148.70,66.70,185.70,20,1,1
"v10 wet near-miss (123 Mm3, 81% water)",12.3,93.14,145.40,68.20,183.60,22,1,1
"v10 wet near-miss (123 Mm3, 81% water)",12.4,92.38,145.40,71.00,182.30,24,1,1
"v10 wet near-miss (123 Mm3, 81% water)",12.5,92.18,145.40,73.70,181.10,26,1,1
"v10 wet near-miss (123 Mm3, 81% water)",12.6,91.97,145.40,76.50,179.90,28,1,1
"v10 wet near-miss (123 Mm3, 81% water)",12.7,91.77,152.10,79.20,178.60,30,1,1
"v10 wet near-miss (123 Mm3, 81% water)",12.8,91.57,149.00,80.60,178.00,31,1,1
"v10 wet near-miss (123 Mm3, 81% water)",12.9,92.17,148.90,80.70,177.90,32,1,1
"v10 wet near-miss (123 Mm3, 81% water)",13.0,92.77,148.80,80.90,177.80,33,1,1
"v10 wet near-miss (123 Mm3, 81% water)",13.1,93.37,145.40,80.70,177.90,32,1,1
"v10 wet near-miss (123 Mm3, 81% water)",13.2,93.97,149.00,82.20,181.40,31,1,1
"v10 wet near-miss (123 Mm3, 81% water)",13.3,95.11,148.80,80.90,180.70,33,1,1
"v10 wet near-miss (123 Mm3, 81% water)",13.4,96.26,148.80,80.90,180.70,33,1,1
"v10 wet near-miss (123 Mm3, 81% water)",13.5,97.40,137.70,80.90,177.80,33,1,1
"v10 wet near-miss (123 Mm3, 81% water)",13.6,98.54,136.40,85.40,177.20,30,1,1
"v10 wet near-miss (123 Mm3, 81% water)",13.7,99.49,137.40,91.90,176.10,29,1,1
"v10 wet near-miss (123 Mm3, 81% water)",13.8,100.44,136.20,91.00,175.90,30,1,1
"v10 wet near-miss (123 Mm3, 81% water)",13.9,101.39,137.40,90.50,176.10,29,1,1
"v10 wet near-miss (123 Mm3, 81% water)",14.0,102.34,135.10,90.50,176.10,29,1,1
"v10 wet near-miss (123 Mm3, 81% water)",14.1,103.28,135.00,89.90,176.20,28,1,1
"v10 wet near-miss (123 Mm3, 81% water)",14.2,104.21,135.10,90.50,176.10,29,1,1
"v10 wet near-miss (123 Mm3, 81% water)",14.3,105.15,137.40,91.60,175.80,31,1,1
"v10 wet near-miss (123 Mm3, 81% water)",14.4,106.08,140.10,93.40,177.10,31,1,1
"v10 wet near-miss (123 Mm3, 81% water)",14.5,106.78,138.70,97.00,176.10,30,1,1
"v10 wet near-miss (123 Mm3, 81% water)",14.6,107.47,138.70,95.80,172.60,28,1,1
"v10 wet near-miss (123 Mm3, 81% water)",14.7,108.17,136.10,95.80,171.70,28,1,1
"v10 wet near-miss (123 Mm3, 81% water)",14.8,108.86,134.90,96.40,170.70,29,1,1
"v10 wet near-miss (123 Mm3, 81% water)",14.9,109.52,134.90,96.40,170.70,29,1,1
"v10 wet near-miss (123 Mm3, 81% water)",15.0,110.18,134.90,96.40,170.70,29,1,1
"v10 wet near-miss (123 Mm3, 81% water)",15.1,110.83,134.50,90.00,171.70,28,1,1
"v10 wet near-miss (123 Mm3, 81% water)",15.2,111.49,133.30,90.00,168.40,28,1,1
"v10 wet near-miss (123 Mm3, 81% water)",15.3,112.19,131.80,91.10,168.30,30,1,1
"v10 wet near-miss (123 Mm3, 81% water)",15.4,112.88,132.50,96.40,168.40,29,1,1
"v10 wet near-miss (123 Mm3, 81% water)",15.5,113.58,133.30,101.90,168.40,28,1,1
"v10 wet near-miss (123 Mm3, 81% water)",15.6,114.28,134.20,103.70,168.60,25,1,1
"v10 wet near-miss (123 Mm3, 81% water)",15.7,116.03,133.30,103.30,168.60,24,1,1
"v10 wet near-miss (123 Mm3, 81% water)",15.8,117.77,133.30,103.30,168.60,24,1,1
"v10 wet near-miss (123 Mm3, 81% water)",15.9,119.52,134.20,108.40,168.70,23,1,1
"v10 wet near-miss (123 Mm3, 81% water)",16.0,121.26,134.20,108.40,166.10,23,1,1
"v10 wet near-miss (123 Mm3, 81% water)",16.1,123.10,134.20,105.90,168.30,21,1,1
"v10 wet near-miss (123 Mm3, 81% water)",16.2,124.94,133.30,107.10,167.20,22,1,1
"v10 wet near-miss (123 Mm3, 81% water)",16.3,126.78,131.10,105.90,157.30,21,1,1
"v10 wet near-miss (123 Mm3, 81% water)",16.4,128.62,127.80,104.80,154.50,18,1,1
"v10 wet near-miss (123 Mm3, 81% water)",16.5,129.57,130.80,105.10,154.50,19,1,1
"v10 wet near-miss (123 Mm3, 81% water)",16.6,130.52,122.90,103.20,148.40,18,1,1
"v10 wet near-miss (123 Mm3, 81% water)",16.7,131.47,121.80,103.50,146.70,20,1,1
"v10 wet near-miss (123 Mm3, 81% water)",16.8,132.42,121.40,103.50,145.60,20,1,1
"v10 wet near-miss (123 Mm3, 81% water)",16.9,133.02,117.50,103.10,140.60,20,1,1
"v10 wet near-miss (123 Mm3, 81% water)",17.0,133.62,116.40,102.30,139.70,22,1,1
"v10 wet near-miss (123 Mm3, 81% water)",17.1,134.22,116.40,97.60,144.40,23,1,1
"v10 wet near-miss (123 Mm3, 81% water)",17.2,134.82,116.40,102.40,144.40,23,1,1
"v10 wet near-miss (123 Mm3, 81% water)",17.3,135.22,116.40,102.30,145.00,22,1,1
"v10 wet near-miss (123 Mm3, 81% water)",17.4,135.63,117.50,102.50,155.60,20,1,1
"v10 wet near-miss (123 Mm3, 81% water)",17.5,136.03,118.50,103.20,154.90,21,1,1
"v10 wet near-miss (123 Mm3, 81% water)",17.6,136.44,118.10,102.50,155.60,20,1,1
"v10 wet near-miss (123 Mm3, 81% water)",17.7,136.95,119.80,103.20,154.90,21,1,1
"v10 wet near-miss (123 Mm3, 81% water)",17.8,137.46,120.90,103.20,154.10,22,1,1
"v10 wet near-miss (123 Mm3, 81% water)",17.9,137.98,120.90,103.20,154.10,22,1,1
"v10 wet near-miss (123 Mm3, 81% water)",18.0,138.49,121.90,103.30,153.20,23,1,1
"v10 wet near-miss (123 Mm3, 81% water)",18.1,139.60,121.90,103.30,160.40,23,1,1
"v10 wet near-miss (123 Mm3, 81% water)",18.2,140.71,123.30,103.30,162.00,24,1,1
"v10 wet near-miss (123 Mm3, 81% water)",18.3,141.83,120.90,103.30,162.00,24,1,1
"v10 wet near-miss (123 Mm3, 81% water)",18.4,142.94,121.90,103.30,162.10,23,1,1
"v10 wet near-miss (123 Mm3, 81% water)",18.5,144.22,124.00,103.30,162.00,24,1,1
"v10 wet near-miss (123 Mm3, 81% water)",18.6,145.49,126.20,103.40,166.20,25,1,1
"v10 wet near-miss (123 Mm3, 81% water)",18.7,146.77,133.20,103.40,173.00,25,1,1
"v10 wet near-miss (123 Mm3, 81% water)",18.8,148.04,136.50,103.30,178.00,25,1,1
"v10 wet near-miss (123 Mm3, 81% water)",18.9,149.18,141.00,106.10,181.00,23,1,1
"v10 wet near-miss (123 Mm3, 81% water)",19.0,150.32,143.00,107.30,180.70,24,1,1
"v10 wet near-miss (123 Mm3, 81% water)",19.1,151.46,145.00,117.00,181.00,23,1,1
"v10 wet near-miss (123 Mm3, 81% water)",19.2,152.60,146.50,119.70,181.60,21,1,1
"v10 wet near-miss (123 Mm3, 81% water)",19.3,153.55,146.50,119.70,181.60,21,1,1
"v10 wet near-miss (123 Mm3, 81% water)",19.4,154.50,149.00,120.40,183.50,22,1,1
"v10 wet near-miss (123 Mm3, 81% water)",19.5,155.44,151.40,121.00,183.30,23,1,1
"v10 wet near-miss (123 Mm3, 81% water)",19.6,156.39,164.00,121.70,186.10,24,1,1
"v10 wet near-miss (123 Mm3, 81% water)",19.7,155.94,163.20,120.70,185.80,25,1,1
"v10 wet near-miss (123 Mm3, 81% water)",19.8,155.50,151.40,111.20,185.10,27,1,1
"v10 wet near-miss (123 Mm3, 81% water)",19.9,155.05,151.40,101.80,185.10,27,1,1
"v10 wet near-miss (123 Mm3, 81% water)",20.0,154.60,151.40,101.80,185.10,27,1,1
"v10 wet near-miss (123 Mm3, 81% water)",20.1,153.63,157.30,101.40,185.50,26,1,1
"v10 wet near-miss (123 Mm3, 81% water)",20.2,152.66,148.20,100.50,186.10,24,1,1
"v10 wet near-miss (123 Mm3, 81% water)",20.3,151.69,142.80,95.30,185.50,26,1,1
"v10 wet near-miss (123 Mm3, 81% water)",20.4,150.71,140.50,94.60,185.80,25,1,1
"v10 wet near-miss (123 Mm3, 81% water)",20.5,155.32,140.50,94.60,185.80,25,1,1
"v10 wet near-miss (123 Mm3, 81% water)",20.6,159.93,145.90,93.90,186.10,24,1,1
"v10 wet near-miss (123 Mm3, 81% water)",20.7,164.53,136.50,91.10,188.60,20,1,1
"v10 wet near-miss (123 Mm3, 81% water)",20.8,169.14,136.50,91.10,188.60,20,1,1
"v10 wet near-miss (123 Mm3, 81% water)",20.9,183.17,136.50,88.10,181.50,16,0,1
"v10 wet near-miss (123 Mm3, 81% water)",21.0,197.20,136.50,88.10,181.50,16,0,1
"v10 wet near-miss (123 Mm3, 81% water)",21.1,211.22,132.50,87.30,182.60,15,0,1
"v10 wet near-miss (123 Mm3, 81% water)",21.2,225.25,122.20,85.80,184.90,13,0,1
"v10 wet near-miss (123 Mm3, 81% water)",21.3,235.45,122.20,85.80,184.90,13,0,1
"v10 wet near-miss (123 Mm3, 81% water)",21.4,245.65,120.20,84.30,175.80,11,0,1
"v10 wet near-miss (123 Mm3, 81% water)",21.5,255.85,120.20,84.30,175.80,11,0,1
"v10 wet near-miss (123 Mm3, 81% water)",21.6,266.04,109.70,83.80,177.00,10,0,1
"v10 wet near-miss (123 Mm3, 81% water)",21.7,274.33,95.30,81.80,109.70,6,0,1
"v10 wet near-miss (123 Mm3, 81% water)",21.8,282.63,95.30,81.80,109.70,6,0,1
"v10 wet near-miss (123 Mm3, 81% water)",22.1,262.12,98.00,81.40,111.60,5,0,1
"v10 wet near-miss (123 Mm3, 81% water)",22.2,225.04,95.00,76.90,109.40,6,0,1
"v10 wet near-miss (123 Mm3, 81% water)",22.3,187.95,91.90,77.40,107.30,7,0,1
"v10 wet near-miss (123 Mm3, 81% water)",22.6,113.43,79.40,71.30,91.70,5,0,1
"v10 wet near-miss (123 Mm3, 81% water)",22.7,94.71,80.80,71.80,95.80,6,1,1
"v10 wet near-miss (123 Mm3, 81% water)",22.8,76.00,82.20,72.30,109.70,7,1,1
"v10 wet near-miss (123 Mm3, 81% water)",22.9,71.05,82.20,72.30,109.70,7,0,1
"v10 wet near-miss (123 Mm3, 81% water)",23.0,66.10,87.90,72.80,110.90,8,0,1
"v10 wet near-miss (123 Mm3, 81% water)",23.1,61.16,87.90,72.80,110.90,8,0,1
"v10 wet near-miss (123 Mm3, 81% water)",23.2,56.21,87.90,72.80,110.90,8,0,1
"v10 wet near-miss (123 Mm3, 81% water)",23.3,56.95,93.70,73.30,133.70,9,0,1
"v10 wet near-miss (123 Mm3, 81% water)",23.4,57.68,92.10,73.80,130.50,10,0,1
"v10 wet near-miss (123 Mm3, 81% water)",23.5,58.41,93.70,74.40,127.20,11,0,1
"v10 wet near-miss (123 Mm3, 81% water)",23.6,59.15,93.70,74.40,127.20,11,0,1
"v10 wet near-miss (123 Mm3, 81% water)",23.7,59.53,92.10,69.70,124.90,12,0,1
"v10 wet near-miss (123 Mm3, 81% water)",23.8,59.92,90.60,66.80,122.60,13,0,1
"v10 wet near-miss (123 Mm3, 81% water)",23.9,60.30,92.10,66.50,124.90,12,0,1
"v10 wet near-miss (123 Mm3, 81% water)",24.0,60.69,92.10,66.50,124.90,12,0,1
"v10 wet near-miss (123 Mm3, 81% water)",24.1,61.17,92.10,66.50,124.90,12,0,1
"v10 wet near-miss (123 Mm3, 81% water)",24.2,61.65,90.60,58.30,127.20,11,1,1
"v10 wet near-miss (123 Mm3, 81% water)",24.3,62.12,90.60,58.30,127.20,11,1,1
"v10 wet near-miss (123 Mm3, 81% water)",24.4,62.60,90.60,58.30,127.20,11,1,1
"v10 wet near-miss (123 Mm3, 81% water)",24.5,62.72,85.30,59.00,124.90,12,1,1
"v10 wet near-miss (123 Mm3, 81% water)",24.6,62.85,85.30,59.00,124.90,12,1,1
"v10 wet near-miss (123 Mm3, 81% water)",24.7,62.97,85.30,57.70,130.50,10,1,1
"v10 wet near-miss (123 Mm3, 81% water)",24.8,63.09,85.30,57.70,130.50,10,1,1
"v10 wet near-miss (123 Mm3, 81% water)",24.9,63.15,80.00,57.10,115.10,9,1,1
"v10 wet near-miss (123 Mm3, 81% water)",25.0,63.21,80.00,57.10,115.10,9,1,1
"v10 wet near-miss (123 Mm3, 81% water)",25.1,63.27,80.00,57.10,111.40,9,1,1
"v10 wet near-miss (123 Mm3, 81% water)",25.2,63.33,80.00,57.10,111.40,9,1,1
"v10 wet near-miss (123 Mm3, 81% water)",25.3,63.29,77.80,57.70,105.40,10,1,1
"v10 wet near-miss (123 Mm3, 81% water)",25.4,63.25,71.00,57.70,100.10,10,1,1
"v10 wet near-miss (123 Mm3, 81% water)",25.5,63.20,71.00,58.80,105.60,12,1,1
"v10 wet near-miss (123 Mm3, 81% water)",25.6,63.16,71.00,58.80,104.80,12,1,1
"v10 wet near-miss (123 Mm3, 81% water)",25.7,63.04,75.50,58.30,106.30,11,1,1
"v10 wet near-miss (123 Mm3, 81% water)",25.8,62.92,75.50,58.30,106.30,11,1,1
"v10 wet near-miss (123 Mm3, 81% water)",25.9,62.81,75.50,58.30,106.30,11,1,1
"v10 wet near-miss (123 Mm3, 81% water)",26.0,62.69,74.10,58.80,104.80,12,1,1
"v10 wet near-miss (123 Mm3, 81% water)",26.1,62.39,74.10,58.80,104.80,12,1,1
"v10 wet near-miss (123 Mm3, 81% water)",26.2,62.10,75.50,63.60,106.30,11,0,1
"v10 wet near-miss (123 Mm3, 81% water)",26.3,61.80,75.50,63.60,106.30,11,0,1
"v10 wet near-miss (123 Mm3, 81% water)",26.4,61.51,76.30,62.10,107.00,10,0,1
"v10 wet near-miss (123 Mm3, 81% water)",26.5,61.41,80.00,63.60,106.30,11,0,1
"v10 wet near-miss (123 Mm3, 81% water)",26.6,61.32,78.40,63.80,105.90,12,0,1
"v10 wet near-miss (123 Mm3, 81% water)",26.7,61.22,78.40,63.80,105.90,12,0,1
"v10 wet near-miss (123 Mm3, 81% water)",26.8,61.12,80.40,64.00,105.70,13,0,1
"v10 wet near-miss (123 Mm3, 81% water)",26.9,61.15,84.50,64.40,105.00,15,0,1
"v10 wet near-miss (123 Mm3, 81% water)",27.0,61.18,82.50,64.60,104.70,16,0,1
"v10 wet near-miss (123 Mm3, 81% water)",27.1,61.20,84.60,65.00,104.10,18,0,1
"v10 wet near-miss (123 Mm3, 81% water)",27.2,61.23,84.60,65.00,104.10,18,0,1
"v10 wet near-miss (123 Mm3, 81% water)",27.3,61.59,84.60,65.40,103.50,20,0,1
"v10 wet near-miss (123 Mm3, 81% water)",27.4,61.94,85.60,69.90,102.90,18,0,1
"v10 wet near-miss (123 Mm3, 81% water)",27.5,62.30,84.70,63.40,102.80,19,0,1
"v10 wet near-miss (123 Mm3, 81% water)",27.6,62.65,84.70,68.60,102.10,17,0,1
"v10 wet near-miss (123 Mm3, 81% water)",27.7,63.21,85.60,67.60,102.20,16,0,1
"v10 wet near-miss (123 Mm3, 81% water)",27.8,63.76,84.70,66.70,102.10,17,0,1
"v10 wet near-miss (123 Mm3, 81% water)",27.9,64.32,85.60,71.10,102.20,16,0,1
"v10 wet near-miss (123 Mm3, 81% water)",28.0,64.87,84.70,68.70,102.10,17,0,1
"v10 wet near-miss (123 Mm3, 81% water)",28.1,65.14,85.60,68.50,102.20,16,0,1
"v10 wet near-miss (123 Mm3, 81% water)",28.2,65.41,85.60,68.50,102.20,16,0,1
"v10 wet near-miss (123 Mm3, 81% water)",28.3,65.67,85.60,68.50,102.20,16,0,1
"v10 wet near-miss (123 Mm3, 81% water)",28.4,65.94,85.60,68.50,102.20,16,0,1
"v10 wet near-miss (123 Mm3, 81% water)",28.5,66.11,85.60,68.50,102.20,16,0,1
"v10 wet near-miss (123 Mm3, 81% water)",28.6,66.28,86.50,68.30,102.30,15,0,1
"v10 wet near-miss (123 Mm3, 81% water)",28.7,66.44,86.50,67.90,101.00,13,0,1
"v10 wet near-miss (123 Mm3, 81% water)",28.8,66.61,86.50,67.90,101.00,13,0,1
"v10 wet near-miss (123 Mm3, 81% water)",28.9,66.73,84.20,67.00,98.60,10,0,1
"v10 wet near-miss (123 Mm3, 81% water)",29.0,66.84,84.20,67.00,98.60,10,0,1
"v10 wet near-miss (123 Mm3, 81% water)",29.1,66.96,90.30,66.50,98.90,9,1,1
"v10 wet near-miss (123 Mm3, 81% water)",29.2,67.07,73.30,65.00,96.00,6,1,1
"v10 wet near-miss (123 Mm3, 81% water)",29.3,67.14,73.30,65.00,96.00,6,1,1
"v10 wet near-miss (123 Mm3, 81% water)",29.9,67.24,66.60,61.20,67.40,5,1,1
"v10 wet near-miss (123 Mm3, 81% water)",30.0,67.21,67.00,61.80,70.00,6,1,1
"v10 wet near-miss (123 Mm3, 81% water)",30.1,67.37,65.70,58.00,69.90,6,1,1
"v10 wet near-miss (123 Mm3, 81% water)",30.2,67.53,64.70,58.10,69.40,7,1,1
"v10 wet near-miss (123 Mm3, 81% water)",30.3,67.69,64.60,58.30,68.90,8,1,1
"v10 wet near-miss (123 Mm3, 81% water)",30.4,67.85,64.40,58.50,68.40,9,1,1
"v10 wet near-miss (123 Mm3, 81% water)",30.5,68.12,64.00,56.70,67.80,10,0,1
"v10 wet near-miss (123 Mm3, 81% water)",30.6,68.38,64.40,57.00,72.50,11,1,1
"v10 wet near-miss (123 Mm3, 81% water)",30.7,68.65,63.60,53.70,71.50,13,1,1
"v10 wet near-miss (123 Mm3, 81% water)",30.8,68.91,63.00,54.10,70.40,15,1,1
"v10 wet near-miss (123 Mm3, 81% water)",30.9,68.75,59.90,54.60,69.40,17,1,1
"v10 wet near-miss (123 Mm3, 81% water)",31.0,68.59,59.40,53.20,68.90,18,1,1
"v10 wet near-miss (123 Mm3, 81% water)",31.1,68.43,58.90,53.20,68.40,19,0,1
"v10 wet near-miss (123 Mm3, 81% water)",31.2,68.26,59.40,53.20,71.80,20,1,1
"v10 wet near-miss (123 Mm3, 81% water)",31.3,67.63,59.40,53.20,71.80,20,1,1
"v10 wet near-miss (123 Mm3, 81% water)",31.4,66.99,58.90,53.10,71.70,21,1,1
"v10 wet near-miss (123 Mm3, 81% water)",31.5,66.35,58.90,48.70,71.30,22,1,1
"v10 wet near-miss (123 Mm3, 81% water)",31.6,65.72,58.80,48.20,70.80,23,1,1
"v10 wet near-miss (123 Mm3, 81% water)",31.7,64.97,58.70,48.20,70.40,24,1,1
"v10 wet near-miss (123 Mm3, 81% water)",31.8,64.22,58.40,48.20,69.50,26,1,1
"v10 wet near-miss (123 Mm3, 81% water)",31.9,63.47,57.40,48.20,69.90,25,1,1
"v10 wet near-miss (123 Mm3, 81% water)",32.0,62.73,57.40,48.20,69.00,27,1,1
"v10 wet near-miss (123 Mm3, 81% water)",32.1,62.17,57.90,48.20,67.30,28,1,1
"v10 wet near-miss (123 Mm3, 81% water)",32.2,61.62,58.30,48.20,67.80,27,1,1
"v10 wet near-miss (123 Mm3, 81% water)",32.3,61.06,58.40,48.20,73.00,28,1,1
"v10 wet near-miss (123 Mm3, 81% water)",32.4,60.51,58.40,48.20,72.10,30,1,1
"v10 wet near-miss (123 Mm3, 81% water)",32.5,60.02,58.40,48.20,72.10,30,1,1
"v10 wet near-miss (123 Mm3, 81% water)",32.6,59.54,58.80,48.20,76.10,31,1,1
"v10 wet near-miss (123 Mm3, 81% water)",32.7,59.06,59.30,48.20,76.60,30,1,1
"v10 wet near-miss (123 Mm3, 81% water)",32.8,58.58,60.90,48.20,81.50,30,1,1
"v10 wet near-miss (123 Mm3, 81% water)",32.9,58.24,60.90,48.30,80.70,32,1,1
"v10 wet near-miss (123 Mm3, 81% water)",33.0,57.90,62.60,48.30,80.70,32,1,1
"v10 wet near-miss (123 Mm3, 81% water)",33.1,57.56,63.20,48.90,81.20,31,1,1
"v10 wet near-miss (123 Mm3, 81% water)",33.2,57.22,64.60,48.90,81.00,32,1,1
"v10 wet near-miss (123 Mm3, 81% water)",33.3,57.07,64.60,48.90,84.30,32,1,1
"v10 wet near-miss (123 Mm3, 81% water)",33.4,56.92,64.70,49.00,84.00,33,1,1
"v10 wet near-miss (123 Mm3, 81% water)",33.5,56.76,65.90,49.50,84.30,32,1,1
"v10 wet near-miss (123 Mm3, 81% water)",33.6,56.61,67.10,51.80,84.30,32,1,1
"v10 wet near-miss (123 Mm3, 81% water)",33.7,56.36,67.30,56.30,86.80,32,1,1
"v10 wet near-miss (123 Mm3, 81% water)",33.8,56.11,68.10,55.60,87.10,30,1,1
"v10 wet near-miss (123 Mm3, 81% water)",33.9,55.85,68.60,56.30,87.00,31,0,1
"v10 wet near-miss (123 Mm3, 81% water)",34.0,55.60,69.40,57.20,87.10,30,0,1
"v10 wet near-miss (123 Mm3, 81% water)",34.1,55.42,70.30,58.50,87.10,29,0,1
"v10 wet near-miss (123 Mm3, 81% water)",34.2,55.25,71.60,58.30,87.20,28,0,1
"v10 wet near-miss (123 Mm3, 81% water)",34.3,55.08,71.70,58.20,85.60,27,0,1
"v10 wet near-miss (123 Mm3, 81% water)",34.4,54.90,71.70,58.50,85.80,29,0,1
"v10 wet near-miss (123 Mm3, 81% water)",34.5,54.77,72.20,59.20,86.10,27,0,1
"v10 wet near-miss (123 Mm3, 81% water)",34.6,54.64,72.60,60.30,85.90,28,0,1
"v10 wet near-miss (123 Mm3, 81% water)",34.7,54.51,72.20,60.10,85.00,27,0,1
"v10 wet near-miss (123 Mm3, 81% water)",34.8,54.37,71.30,59.40,84.00,24,0,1
"v10 wet near-miss (123 Mm3, 81% water)",34.9,54.04,70.90,59.60,83.50,25,0,1
"v10 wet near-miss (123 Mm3, 81% water)",35.0,53.70,71.00,61.30,84.00,24,0,1
"v10 wet near-miss (123 Mm3, 81% water)",35.1,53.37,70.00,62.00,84.00,24,0,1
"v10 wet near-miss (123 Mm3, 81% water)",35.2,53.03,70.00,59.70,83.10,26,0,1
"v10 wet near-miss (123 Mm3, 81% water)",35.3,52.71,69.70,58.90,80.60,23,0,1
"v10 wet near-miss (123 Mm3, 81% water)",35.4,52.39,69.70,58.90,80.60,23,0,1
"v10 wet near-miss (123 Mm3, 81% water)",35.5,52.07,68.60,58.70,80.30,22,0,1
"v10 wet near-miss (123 Mm3, 81% water)",35.6,51.74,68.60,58.70,80.30,22,0,1
"v10 wet near-miss (123 Mm3, 81% water)",35.7,51.46,67.50,58.00,78.50,23,0,1
"v10 wet near-miss (123 Mm3, 81% water)",35.8,51.17,69.70,58.40,78.50,21,0,1
"v10 wet near-miss (123 Mm3, 81% water)",35.9,50.88,70.00,58.70,78.20,22,0,1
"v10 wet near-miss (123 Mm3, 81% water)",36.0,50.59,70.30,58.70,78.20,22,0,1
"v10 wet near-miss (123 Mm3, 81% water)",36.1,50.31,70.90,60.90,78.50,21,0,1
"v10 wet near-miss (123 Mm3, 81% water)",36.2,50.03,71.30,64.00,78.50,20,0,1
"v10 wet near-miss (123 Mm3, 81% water)",36.3,49.75,70.30,62.80,76.80,18,0,1
"v10 wet near-miss (123 Mm3, 81% water)",36.4,49.47,69.70,63.40,76.50,19,0,1
"v10 wet near-miss (123 Mm3, 81% water)",36.5,50.46,70.90,63.40,79.10,19,0,1
"v10 wet near-miss (123 Mm3, 81% water)",36.6,51.45,71.80,64.00,80.50,20,0,1
"v10 wet near-miss (123 Mm3, 81% water)",36.7,52.44,71.80,63.40,80.50,20,0,1
"v10 wet near-miss (123 Mm3, 81% water)",36.8,53.44,71.80,62.30,80.70,18,0,1
"v10 wet near-miss (123 Mm3, 81% water)",36.9,56.10,70.90,58.30,80.60,19,0,1
"v10 wet near-miss (123 Mm3, 81% water)",37.0,58.75,71.80,58.30,80.70,18,1,1
"v10 wet near-miss (123 Mm3, 81% water)",37.1,61.41,71.80,58.30,80.70,18,1,1
"v10 wet near-miss (123 Mm3, 81% water)",37.2,64.07,72.60,58.20,80.70,17,1,1
"v10 wet near-miss (123 Mm3, 81% water)",37.3,67.06,72.60,60.30,80.90,15,1,1
"v10 wet near-miss (123 Mm3, 81% water)",37.4,70.05,72.60,60.30,80.90,15,1,1
"v10 wet near-miss (123 Mm3, 81% water)",37.5,73.03,71.80,58.40,80.80,16,1,1
"v10 wet near-miss (123 Mm3, 81% water)",37.6,76.02,71.00,58.50,80.70,17,1,1
"v10 wet near-miss (123 Mm3, 81% water)",37.7,75.21,72.60,58.70,82.60,19,1,1
"v10 wet near-miss (123 Mm3, 81% water)",37.8,74.40,73.40,55.70,84.00,17,1,1
"v10 wet near-miss (123 Mm3, 81% water)",37.9,73.59,73.40,56.50,85.80,18,1,1
"v10 wet near-miss (123 Mm3, 81% water)",38.0,72.78,73.40,55.70,86.10,17,1,1
"v10 wet near-miss (123 Mm3, 81% water)",38.1,73.08,73.40,55.70,87.10,17,1,1
"v10 wet near-miss (123 Mm3, 81% water)",38.2,73.38,71.10,57.30,86.90,19,1,1
"v10 wet near-miss (123 Mm3, 81% water)",38.3,73.68,71.00,56.50,87.00,18,1,1
"v10 wet near-miss (123 Mm3, 81% water)",38.4,73.98,71.00,57.30,86.90,19,1,1
"v10 wet near-miss (123 Mm3, 81% water)",38.5,73.22,71.00,57.30,86.90,19,1,1
"v10 wet near-miss (123 Mm3, 81% water)",38.6,72.47,70.90,56.50,85.40,18,1,1
"v10 wet near-miss (123 Mm3, 81% water)",38.7,71.71,70.80,55.70,85.60,17,1,1
"v10 wet near-miss (123 Mm3, 81% water)",38.8,70.96,70.80,54.10,85.90,15,1,1
"v10 wet near-miss (123 Mm3, 81% water)",38.9,69.59,70.90,59.90,86.10,14,1,1
"v10 wet near-miss (123 Mm3, 81% water)",39.0,68.23,70.90,59.90,86.10,14,1,1
"v10 wet near-miss (123 Mm3, 81% water)",39.1,66.86,70.90,59.90,86.10,14,1,1
"v10 wet near-miss (123 Mm3, 81% water)",39.2,65.50,70.80,59.50,86.30,13,1,1
"v10 wet near-miss (123 Mm3, 81% water)",39.3,64.94,69.60,59.20,86.40,12,1,1
"v10 wet near-miss (123 Mm3, 81% water)",39.4,64.38,69.60,59.20,86.40,12,1,1
"v10 wet near-miss (123 Mm3, 81% water)",39.5,63.82,68.00,59.50,86.30,13,1,1
"v10 wet near-miss (123 Mm3, 81% water)",39.6,63.26,69.60,62.10,86.40,12,1,1
"v10 wet near-miss (123 Mm3, 81% water)",39.7,62.83,71.10,62.20,86.60,11,1,1
"v10 wet near-miss (123 Mm3, 81% water)",39.8,62.40,69.60,65.00,85.40,8,0,1
"v10 wet near-miss (123 Mm3, 81% water)",39.9,61.96,68.00,64.60,80.70,7,0,1
"v10 wet near-miss (123 Mm3, 81% water)",40.0,61.53,68.00,64.60,80.70,7,0,1
"v10 wet near-miss (123 Mm3, 81% water)",40.1,61.05,67.50,61.40,79.70,8,0,1
"v10 wet near-miss (123 Mm3, 81% water)",40.2,60.57,67.00,61.10,73.40,7,0,1
"v10 wet near-miss (123 Mm3, 81% water)",40.3,60.10,66.20,60.60,72.90,5,0,1
"v10 wet near-miss (123 Mm3, 81% water)",41.1,55.00,62.20,28.10,65.60,5,1,1
"v10 wet near-miss (123 Mm3, 81% water)",41.2,54.46,60.90,22.80,65.40,6,1,1
"v10 wet near-miss (123 Mm3, 81% water)",41.3,54.12,60.90,22.80,65.40,6,1,1
"v10 wet near-miss (123 Mm3, 81% water)",41.4,53.78,59.50,11.70,65.10,7,1,1
"v10 wet near-miss (123 Mm3, 81% water)",41.5,53.44,59.50,11.70,65.10,7,1,1
"v10 wet near-miss (123 Mm3, 81% water)",41.6,53.09,49.00,11.00,65.40,6,1,1
"v10 wet near-miss (123 Mm3, 81% water)",41.7,52.85,49.00,11.00,65.40,6,1,1
"v10 wet near-miss (123 Mm3, 81% water)",41.8,52.61,49.00,11.00,65.40,6,1,1
"v10 wet near-miss (123 Mm3, 81% water)",41.9,52.37,49.00,11.00,65.40,6,1,1
"v10 wet near-miss (123 Mm3, 81% water)",42.0,52.12,49.00,11.00,65.40,6,1,1
"v10 wet near-miss (123 Mm3, 81% water)",42.1,51.80,49.00,11.00,65.40,6,1,1
"v10 wet near-miss (123 Mm3, 81% water)",42.2,51.47,38.60,10.20,65.60,5,1,1
"v10 wet near-miss (123 Mm3, 81% water)",42.3,51.14,38.60,10.20,65.60,5,1,1
"v10 wet near-miss (123 Mm3, 81% water)",42.4,50.81,51.30,11.00,72.00,6,1,1
"v10 wet near-miss (123 Mm3, 81% water)",42.5,50.35,51.30,11.00,72.00,6,1,1
"v10 wet near-miss (123 Mm3, 81% water)",42.6,49.89,64.10,11.70,70.90,7,1,1
"v10 wet near-miss (123 Mm3, 81% water)",42.7,49.42,59.70,12.50,69.90,8,1,1
"v10 wet near-miss (123 Mm3, 81% water)",42.8,48.96,55.40,11.70,70.90,7,1,1
"v10 wet near-miss (123 Mm3, 81% water)",42.9,48.67,55.40,11.70,70.90,7,1,1
"v10 wet near-miss (123 Mm3, 81% water)",43.0,48.37,55.40,11.70,70.90,7,1,1
"v10 wet near-miss (123 Mm3, 81% water)",43.1,48.08,55.40,11.70,81.10,7,1,1
"v10 wet near-miss (123 Mm3, 81% water)",43.2,47.78,66.20,29.00,93.20,7,1,1
"v10 wet near-miss (123 Mm3, 81% water)",43.3,47.40,77.30,39.10,105.10,7,1,1
"v10 wet near-miss (123 Mm3, 81% water)",43.4,47.01,86.80,61.80,105.10,7,0,1
"v10 wet near-miss (123 Mm3, 81% water)",43.5,46.62,90.70,62.90,104.60,8,0,1
"v10 wet near-miss (123 Mm3, 81% water)",43.6,46.24,86.80,64.00,104.00,9,0,1
"v10 wet near-miss (123 Mm3, 81% water)",43.7,45.98,83.40,55.40,102.90,11,0,1
"v10 wet near-miss (123 Mm3, 81% water)",43.8,45.73,77.30,52.60,102.00,13,0,1
"v10 wet near-miss (123 Mm3, 81% water)",43.9,45.47,77.30,52.60,102.00,13,0,1
"v10 wet near-miss (123 Mm3, 81% water)",44.0,45.22,71.80,53.30,101.10,15,0,1
"v10 wet near-miss (123 Mm3, 81% water)",44.1,45.03,74.90,54.00,100.20,17,0,1
"v10 wet near-miss (123 Mm3, 81% water)",44.2,44.84,73.30,54.30,99.70,18,0,1
"v10 wet near-miss (123 Mm3, 81% water)",44.3,44.65,74.90,54.70,99.30,19,0,1
"v10 wet near-miss (123 Mm3, 81% water)",44.4,44.46,74.90,54.70,99.30,19,0,1
"v10 wet near-miss (123 Mm3, 81% water)",44.5,44.27,73.30,53.30,98.80,20,0,1
"v10 wet near-miss (123 Mm3, 81% water)",44.6,44.08,71.80,53.50,98.40,21,0,1
"v10 wet near-miss (123 Mm3, 81% water)",44.7,43.88,73.30,53.30,98.80,20,0,1
"v10 wet near-miss (123 Mm3, 81% water)",44.8,43.69,71.80,52.00,98.40,21,0,1
"v10 wet near-miss (123 Mm3, 81% water)",44.9,43.90,73.30,52.10,98.00,22,0,1
"v10 wet near-miss (123 Mm3, 81% water)",45.0,44.10,73.30,50.00,97.20,24,0,1
"v10 wet near-miss (123 Mm3, 81% water)",45.1,44.31,73.30,50.00,97.20,24,0,1
"v10 wet near-miss (123 Mm3, 81% water)",45.2,44.51,71.80,49.70,97.60,23,0,1
"v10 wet near-miss (123 Mm3, 81% water)",45.3,44.33,71.60,49.20,90.30,21,0,1
"v10 wet near-miss (123 Mm3, 81% water)",45.4,44.16,70.00,48.00,87.50,20,0,1
"v10 wet near-miss (123 Mm3, 81% water)",45.5,43.98,70.00,39.90,90.00,22,1,1
"v10 wet near-miss (123 Mm3, 81% water)",45.6,43.80,67.00,41.00,86.50,23,1,1
"v10 wet near-miss (123 Mm3, 81% water)",45.7,43.54,65.80,42.00,84.90,24,1,1
"v10 wet near-miss (123 Mm3, 81% water)",45.8,43.28,67.70,40.20,86.40,22,1,1
"v10 wet near-miss (123 Mm3, 81% water)",45.9,43.02,67.70,42.70,84.90,24,1,1
"v10 wet near-miss (123 Mm3, 81% water)",46.0,42.76,67.70,45.20,83.30,26,0,1
"v10 wet near-miss (123 Mm3, 81% water)",46.1,42.56,67.70,43.90,84.10,25,0,1
"v10 wet near-miss (123 Mm3, 81% water)",46.2,42.36,65.10,42.70,84.90,24,0,1
"v10 wet near-miss (123 Mm3, 81% water)",46.3,42.16,64.60,41.40,79.30,23,1,1
"v10 wet near-miss (123 Mm3, 81% water)",46.4,41.96,64.60,41.40,78.30,23,1,1
"v10 wet near-miss (123 Mm3, 81% water)",46.5,41.80,65.50,43.90,79.20,25,0,1
"v10 wet near-miss (123 Mm3, 81% water)",46.6,41.63,65.90,41.80,82.30,26,0,1
"v10 wet near-miss (123 Mm3, 81% water)",46.7,41.47,65.90,41.80,82.50,26,0,1
"v10 wet near-miss (123 Mm3, 81% water)",46.8,41.31,68.80,48.00,91.20,26,0,1
"v10 wet near-miss (123 Mm3, 81% water)",46.9,41.11,67.70,48.70,90.80,27,0,1
"v10 wet near-miss (123 Mm3, 81% water)",47.0,40.92,67.70,50.10,92.40,29,0,1
"v10 wet near-miss (123 Mm3, 81% water)",47.1,40.73,67.00,49.70,93.00,28,0,1
"v10 wet near-miss (123 Mm3, 81% water)",47.2,40.53,67.70,50.30,92.40,29,0,1
"v10 wet near-miss (123 Mm3, 81% water)",47.3,40.29,67.70,51.40,91.30,31,0,1
"v10 wet near-miss (123 Mm3, 81% water)",47.4,40.04,67.70,46.90,90.30,33,0,1
"v10 wet near-miss (123 Mm3, 81% water)",47.5,39.79,67.00,47.50,89.90,34,0,1
"v10 wet near-miss (123 Mm3, 81% water)",47.6,39.54,67.00,51.70,86.50,34,0,1
"v10 wet near-miss (123 Mm3, 81% water)",47.7,39.31,68.60,51.70,86.50,34,0,1
"v10 wet near-miss (123 Mm3, 81% water)",47.8,39.08,69.50,45.80,86.60,31,0,1
"v10 wet near-miss (123 Mm3, 81% water)",47.9,38.86,67.70,45.80,86.60,31,0,1
"v10 wet near-miss (123 Mm3, 81% water)",48.0,38.63,66.30,46.80,86.50,33,0,1
"v10 wet near-miss (123 Mm3, 81% water)",48.1,38.30,64.60,46.80,86.50,33,0,1
"v10 wet near-miss (123 Mm3, 81% water)",48.2,37.96,63.60,46.20,86.50,34,0,1
"v10 wet near-miss (123 Mm3, 81% water)",48.3,37.63,60.70,45.00,86.50,34,0,1
"v10 wet near-miss (123 Mm3, 81% water)",48.4,37.30,60.60,41.30,86.40,35,0,1
"v10 wet near-miss (123 Mm3, 81% water)",48.5,36.97,60.50,39.60,86.40,37,0,1
"v10 wet near-miss (123 Mm3, 81% water)",48.6,36.64,57.10,39.60,86.50,37,0,1
"v10 wet near-miss (123 Mm3, 81% water)",48.7,36.31,57.00,39.60,86.30,37,0,1
"v10 wet near-miss (123 Mm3, 81% water)",48.8,35.98,56.00,39.60,81.00,36,0,1
"v10 wet near-miss (123 Mm3, 81% water)",48.9,35.73,55.80,39.60,74.70,35,0,1
"v10 wet near-miss (123 Mm3, 81% water)",49.0,35.47,55.80,39.60,75.90,37,0,1
"v10 wet near-miss (123 Mm3, 81% water)",49.1,35.21,55.60,39.50,74.20,37,0,1
"v10 wet near-miss (123 Mm3, 81% water)",49.2,34.96,54.80,38.90,73.90,38,0,1
"v10 wet near-miss (123 Mm3, 81% water)",49.3,34.73,52.60,34.70,69.90,37,1,1
"v10 wet near-miss (123 Mm3, 81% water)",49.4,34.50,53.30,34.30,68.80,36,1,1
"v10 wet near-miss (123 Mm3, 81% water)",49.5,34.28,52.60,31.50,68.50,37,1,1
"v10 wet near-miss (123 Mm3, 81% water)",49.6,34.05,54.00,31.50,68.50,37,1,1
"v10 wet near-miss (123 Mm3, 81% water)",49.7,33.99,52.40,31.30,65.70,36,1,1
"v10 wet near-miss (123 Mm3, 81% water)",49.8,33.93,50.90,30.80,63.80,33,1,1
"v10 wet near-miss (123 Mm3, 81% water)",49.9,33.87,48.20,27.40,63.80,33,1,1
"v10 wet near-miss (123 Mm3, 81% water)",50.0,33.81,47.10,26.30,63.30,35,1,1
"v10 wet near-miss (123 Mm3, 81% water)",50.1,33.71,46.00,25.90,61.60,33,1,1
"v10 wet near-miss (123 Mm3, 81% water)",50.2,33.61,45.30,25.80,61.80,32,1,1
"v10 wet near-miss (123 Mm3, 81% water)",50.3,33.51,44.60,25.40,62.90,29,1,1
"v10 wet near-miss (123 Mm3, 81% water)",50.4,33.41,46.00,25.20,64.00,27,1,1
"v10 wet near-miss (123 Mm3, 81% water)",50.5,33.10,46.00,25.20,64.00,27,1,1
"v10 wet near-miss (123 Mm3, 81% water)",50.6,32.79,48.20,25.00,65.00,25,1,1
"v10 wet near-miss (123 Mm3, 81% water)",50.7,32.47,48.20,24.90,61.60,23,1,1
"v10 wet near-miss (123 Mm3, 81% water)",50.8,32.16,43.00,24.30,62.90,19,1,1
"v10 wet near-miss (123 Mm3, 81% water)",50.9,31.79,40.30,24.10,63.50,18,1,1
"v10 wet near-miss (123 Mm3, 81% water)",51.0,31.41,40.30,24.10,63.50,18,1,1
"v10 wet near-miss (123 Mm3, 81% water)",51.1,31.04,37.00,23.70,61.20,16,1,1
"v10 wet near-miss (123 Mm3, 81% water)",51.2,30.66,37.00,24.90,59.50,14,1,1
"v10 wet near-miss (123 Mm3, 81% water)",51.3,30.48,39.60,23.80,60.70,10,1,1
"v10 wet near-miss (123 Mm3, 81% water)",51.4,30.29,30.40,22.90,58.00,9,1,1
"v10 wet near-miss (123 Mm3, 81% water)",51.5,30.10,30.40,22.90,58.00,9,1,1
"v10 wet near-miss (123 Mm3, 81% water)",51.6,29.92,38.90,22.00,58.50,8,1,1
"v10 wet near-miss (123 Mm3, 81% water)",51.7,29.76,29.00,21.10,53.90,7,1,1
"v10 wet near-miss (123 Mm3, 81% water)",51.8,29.60,28.10,20.20,50.30,6,1,1
"v10 wet near-miss (123 Mm3, 81% water)",54.6,24.39,24.70,18.60,32.70,5,1,1
"v10 wet near-miss (123 Mm3, 81% water)",54.7,24.16,24.70,18.80,37.70,7,1,1
"v10 wet near-miss (123 Mm3, 81% water)",54.8,23.93,24.70,18.80,37.70,7,1,1
"v10 wet near-miss (123 Mm3, 81% water)",54.9,23.96,23.60,13.70,37.70,8,1,1
"v10 wet near-miss (123 Mm3, 81% water)",55.0,23.99,23.60,11.30,37.60,10,1,1
"v10 wet near-miss (123 Mm3, 81% water)",55.1,24.03,23.60,11.30,37.60,10,1,1
"v10 wet near-miss (123 Mm3, 81% water)",55.2,24.06,24.80,11.30,37.60,10,1,1
"v10 wet near-miss (123 Mm3, 81% water)",55.3,24.06,24.80,11.30,37.60,10,1,1
"v10 wet near-miss (123 Mm3, 81% water)",55.4,24.07,24.90,11.60,37.90,11,1,1
"v10 wet near-miss (123 Mm3, 81% water)",55.5,24.08,24.90,11.60,37.90,11,1,1
"v10 wet near-miss (123 Mm3, 81% water)",55.6,24.08,24.80,11.10,37.90,12,1,1
"v10 wet near-miss (123 Mm3, 81% water)",55.7,24.05,24.70,11.20,37.80,13,1,1
"v10 wet near-miss (123 Mm3, 81% water)",55.8,24.01,24.90,11.30,39.80,15,1,1
"v10 wet near-miss (123 Mm3, 81% water)",55.9,23.98,24.80,11.30,39.50,16,1,1
"v10 wet near-miss (123 Mm3, 81% water)",56.0,23.94,24.90,11.40,39.20,17,1,1
"v10 wet near-miss (123 Mm3, 81% water)",56.1,23.88,24.90,11.50,38.60,19,1,1
"v10 wet near-miss (123 Mm3, 81% water)",56.2,23.82,25.20,11.60,38.20,20,1,1
"v10 wet near-miss (123 Mm3, 81% water)",56.3,23.76,26.30,12.10,40.80,22,1,1
"v10 wet near-miss (123 Mm3, 81% water)",56.4,23.70,27.30,12.50,40.50,23,1,1
"v10 wet near-miss (123 Mm3, 81% water)",56.5,23.70,27.30,13.40,40.90,25,1,1
"v10 wet near-miss (123 Mm3, 81% water)",56.6,23.71,27.30,12.90,41.00,24,1,1
"v10 wet near-miss (123 Mm3, 81% water)",56.7,23.71,27.30,12.90,41.00,24,1,1
"v10 wet near-miss (123 Mm3, 81% water)",56.8,23.72,27.30,11.20,41.00,24,1,1
"v10 wet near-miss (123 Mm3, 81% water)",56.9,23.94,27.40,13.40,40.90,25,1,1
"v10 wet near-miss (123 Mm3, 81% water)",57.0,24.15,27.40,13.80,40.90,26,1,1
"v10 wet near-miss (123 Mm3, 81% water)",57.1,24.37,27.30,16.60,40.90,25,1,1
"v10 wet near-miss (123 Mm3, 81% water)",57.2,24.59,27.30,16.70,40.90,26,1,1
"v10 wet near-miss (123 Mm3, 81% water)",57.3,24.91,27.40,16.90,43.60,27,1,1
"v10 wet near-miss (123 Mm3, 81% water)",57.4,25.24,27.40,16.90,42.00,27,1,1
"v10 wet near-miss (123 Mm3, 81% water)",57.5,25.56,27.40,16.90,42.00,27,1,1
"v10 wet near-miss (123 Mm3, 81% water)",57.6,25.89,27.40,16.90,42.00,27,1,1
"v10 wet near-miss (123 Mm3, 81% water)",57.7,26.14,29.00,18.00,42.00,27,1,1
"v10 wet near-miss (123 Mm3, 81% water)",57.8,26.39,29.80,18.30,42.30,25,1,1
"v10 wet near-miss (123 Mm3, 81% water)",57.9,26.64,30.20,18.50,42.60,24,1,1
"v10 wet near-miss (123 Mm3, 81% water)",58.0,26.90,30.60,18.60,42.30,25,1,1
"v10 wet near-miss (123 Mm3, 81% water)",58.1,26.98,29.80,18.60,42.30,25,1,1
"v10 wet near-miss (123 Mm3, 81% water)",58.2,27.06,29.80,20.30,42.30,25,1,1
"v10 wet near-miss (123 Mm3, 81% water)",58.3,27.14,29.40,20.00,40.50,24,1,1
"v10 wet near-miss (123 Mm3, 81% water)",58.4,27.22,29.40,20.00,40.50,24,1,1
"v10 wet near-miss (123 Mm3, 81% water)",58.5,27.27,29.00,20.30,40.40,25,1,1
"v10 wet near-miss (123 Mm3, 81% water)",58.6,27.33,29.00,22.40,39.50,23,1,1
"v10 wet near-miss (123 Mm3, 81% water)",58.7,27.38,29.40,22.50,39.80,22,1,1
"v10 wet near-miss (123 Mm3, 81% water)",58.8,27.44,31.60,23.90,40.40,20,1,1
"v10 wet near-miss (123 Mm3, 81% water)",58.9,27.07,32.10,23.90,40.40,20,1,1
"v10 wet near-miss (123 Mm3, 81% water)",59.0,26.71,32.10,24.20,42.50,22,1,1
"v10 wet near-miss (123 Mm3, 81% water)",59.1,26.35,33.30,26.20,42.50,22,1,1
"v10 wet near-miss (123 Mm3, 81% water)",59.2,25.99,34.30,26.30,42.70,21,0,1
"v10 wet near-miss (123 Mm3, 81% water)",59.3,25.50,34.30,26.20,40.30,19,0,1
"v10 wet near-miss (123 Mm3, 81% water)",59.4,25.01,34.80,26.20,40.50,18,0,1
"v10 wet near-miss (123 Mm3, 81% water)",59.5,24.52,35.30,26.20,40.30,19,0,1
"v10 wet near-miss (123 Mm3, 81% water)",59.6,24.03,35.40,26.20,41.70,20,0,1
"v10 wet near-miss (123 Mm3, 81% water)",59.7,23.73,35.30,26.20,41.60,21,0,1
"v10 wet near-miss (123 Mm3, 81% water)",59.8,23.42,34.30,22.40,41.60,21,1,1
"v10 wet near-miss (123 Mm3, 81% water)",59.9,23.11,31.90,21.30,41.30,23,1,1
"v10 wet near-miss (123 Mm3, 81% water)",60.0,22.81,31.90,21.60,42.30,25,1,1
"v10 wet near-miss (123 Mm3, 81% water)",60.1,22.57,30.80,21.70,42.20,26,1,1
"v10 wet near-miss (123 Mm3, 81% water)",60.2,22.34,34.30,21.90,42.00,27,1,1
"v10 wet near-miss (123 Mm3, 81% water)",60.3,22.10,34.60,20.20,42.40,24,1,1
"v10 wet near-miss (123 Mm3, 81% water)",60.4,21.87,34.60,20.00,42.60,22,1,1
"v10 wet near-miss (123 Mm3, 81% water)",60.5,21.67,35.00,20.20,43.10,24,1,1
"v10 wet near-miss (123 Mm3, 81% water)",60.6,21.48,35.10,20.10,43.10,23,1,1
"v10 wet near-miss (123 Mm3, 81% water)",60.7,21.28,35.00,20.20,43.10,24,1,1
"v10 wet near-miss (123 Mm3, 81% water)",60.8,21.09,34.60,20.20,43.10,24,1,1
"v10 wet near-miss (123 Mm3, 81% water)",60.9,20.89,29.70,20.10,43.10,23,1,1
"v10 wet near-miss (123 Mm3, 81% water)",61.0,20.69,29.70,20.20,43.00,25,1,1
"v10 wet near-miss (123 Mm3, 81% water)",61.1,20.48,29.70,20.20,46.20,25,1,1
"v10 wet near-miss (123 Mm3, 81% water)",61.2,20.28,29.30,20.20,46.20,25,1,1
"v10 wet near-miss (123 Mm3, 81% water)",61.3,20.08,29.20,20.20,46.20,25,0,1
"v10 wet near-miss (123 Mm3, 81% water)",61.4,19.88,29.20,20.40,45.20,27,0,1
"v10 wet near-miss (123 Mm3, 81% water)",61.5,19.67,28.10,20.50,44.20,29,0,1
"v10 wet near-miss (123 Mm3, 81% water)",61.6,19.47,27.90,19.70,43.70,30,0,1
"v10 wet near-miss (123 Mm3, 81% water)",61.7,19.35,27.60,17.70,40.90,30,1,1
"v10 wet near-miss (123 Mm3, 81% water)",61.8,19.23,27.20,12.50,41.10,29,1,1
"v10 wet near-miss (123 Mm3, 81% water)",61.9,19.11,27.20,12.50,41.10,29,1,1
"v10 wet near-miss (123 Mm3, 81% water)",62.0,18.99,26.70,12.50,40.90,30,1,1
"v10 wet near-miss (123 Mm3, 81% water)",62.1,18.81,25.00,12.30,38.30,30,1,1
"v10 wet near-miss (123 Mm3, 81% water)",62.2,18.63,24.60,12.30,40.90,30,1,1
"v10 wet near-miss (123 Mm3, 81% water)",62.3,18.44,24.60,12.20,39.70,29,1,1
"v10 wet near-miss (123 Mm3, 81% water)",62.4,18.26,25.40,12.50,38.90,31,1,1
"v10 wet near-miss (123 Mm3, 81% water)",62.5,18.12,26.10,12.50,38.80,33,1,1
"v10 wet near-miss (123 Mm3, 81% water)",62.6,17.97,26.10,12.50,38.30,33,1,1
"v10 wet near-miss (123 Mm3, 81% water)",62.7,17.83,26.10,11.50,38.00,35,1,1
"v10 wet near-miss (123 Mm3, 81% water)",62.8,17.69,25.40,11.50,38.00,35,1,1
"v10 wet near-miss (123 Mm3, 81% water)",62.9,17.56,25.00,11.70,38.70,36,1,1
"v10 wet near-miss (123 Mm3, 81% water)",63.0,17.44,25.00,12.00,38.90,38,1,1
"v10 wet near-miss (123 Mm3, 81% water)",63.1,17.31,24.60,11.90,38.90,37,1,1
"v10 wet near-miss (123 Mm3, 81% water)",63.2,17.18,25.00,11.70,38.70,36,1,1
"v10 wet near-miss (123 Mm3, 81% water)",63.3,17.13,24.30,11.70,38.70,36,1,1
"v10 wet near-miss (123 Mm3, 81% water)",63.4,17.08,24.10,11.70,38.70,36,1,1
"v10 wet near-miss (123 Mm3, 81% water)",63.5,17.03,24.10,11.70,38.70,36,1,1
"v10 wet near-miss (123 Mm3, 81% water)",63.6,16.98,24.60,11.50,38.80,35,1,1
"v10 wet near-miss (123 Mm3, 81% water)",63.7,16.97,28.40,11.60,38.80,35,1,1
"v10 wet near-miss (123 Mm3, 81% water)",63.8,16.96,28.50,15.50,38.80,34,1,1
"v10 wet near-miss (123 Mm3, 81% water)",63.9,16.95,28.50,15.60,38.80,33,1,1
"v10 wet near-miss (123 Mm3, 81% water)",64.0,16.93,28.50,15.80,38.80,34,1,1
"v10 wet near-miss (123 Mm3, 81% water)",64.1,17.00,28.90,17.60,38.90,31,0,1
"v10 wet near-miss (123 Mm3, 81% water)",64.2,17.07,28.90,17.60,38.90,31,0,1
"v10 wet near-miss (123 Mm3, 81% water)",64.3,17.14,28.60,17.60,38.60,31,0,1
"v10 wet near-miss (123 Mm3, 81% water)",64.4,17.22,28.60,16.60,37.70,27,1,1
"v10 wet near-miss (123 Mm3, 81% water)",64.5,17.23,28.60,16.60,37.70,27,1,1
"v10 wet near-miss (123 Mm3, 81% water)",64.6,17.25,25.10,16.10,37.20,25,1,1
"v10 wet near-miss (123 Mm3, 81% water)",64.7,17.27,24.40,16.60,36.50,27,1,1
"v10 wet near-miss (123 Mm3, 81% water)",64.8,17.29,24.70,17.70,38.70,26,0,1
"v10 wet near-miss (123 Mm3, 81% water)",64.9,17.28,27.00,18.80,37.60,24,0,1
"v10 wet near-miss (123 Mm3, 81% water)",65.0,17.27,28.10,19.60,39.50,26,0,1
"v10 wet near-miss (123 Mm3, 81% water)",65.1,17.26,28.60,19.60,38.50,25,0,1
"v10 wet near-miss (123 Mm3, 81% water)",65.2,17.25,28.90,20.50,39.40,27,0,1
"v10 wet near-miss (123 Mm3, 81% water)",65.3,17.20,28.90,21.00,40.70,28,0,1
"v10 wet near-miss (123 Mm3, 81% water)",65.4,17.15,29.00,23.20,40.70,28,0,1
"v10 wet near-miss (123 Mm3, 81% water)",65.5,17.10,29.00,23.20,40.70,28,0,1
"v10 wet near-miss (123 Mm3, 81% water)",65.6,17.05,29.00,22.60,40.60,29,0,1
"v10 wet near-miss (123 Mm3, 81% water)",65.7,16.94,29.00,22.70,40.50,31,0,1
"v10 wet near-miss (123 Mm3, 81% water)",65.8,16.83,29.00,22.40,40.50,31,0,1
"v10 wet near-miss (123 Mm3, 81% water)",65.9,16.73,29.00,22.40,41.20,31,0,1
"v10 wet near-miss (123 Mm3, 81% water)",66.0,16.62,29.30,22.80,43.50,32,0,1
"v10 wet near-miss (123 Mm3, 81% water)",66.1,16.65,29.60,22.90,43.60,33,0,1
"v10 wet near-miss (123 Mm3, 81% water)",66.2,16.68,29.00,22.30,43.40,35,0,1
"v10 wet near-miss (123 Mm3, 81% water)",66.3,16.70,29.00,22.40,43.20,37,0,1
"v10 wet near-miss (123 Mm3, 81% water)",66.4,16.73,29.00,21.60,43.20,37,0,1
"v10 wet near-miss (123 Mm3, 81% water)",66.5,16.77,28.60,20.90,42.90,39,0,1
"v10 wet near-miss (123 Mm3, 81% water)",66.6,16.82,28.20,17.50,42.90,39,0,1
"v10 wet near-miss (123 Mm3, 81% water)",66.7,16.86,28.20,17.50,42.90,39,0,1
"v10 wet near-miss (123 Mm3, 81% water)",66.8,16.91,28.60,18.80,43.20,37,0,1
"v10 wet near-miss (123 Mm3, 81% water)",66.9,16.92,28.40,16.70,43.00,38,1,1
"v10 wet near-miss (123 Mm3, 81% water)",67.0,16.94,29.00,16.70,43.20,37,1,1
"v10 wet near-miss (123 Mm3, 81% water)",67.1,16.96,27.90,16.60,42.30,34,1,1
"v10 wet near-miss (123 Mm3, 81% water)",67.2,16.98,28.20,16.60,42.10,35,1,1
"v10 wet near-miss (123 Mm3, 81% water)",67.3,16.97,28.20,16.60,41.30,35,1,1
"v10 wet near-miss (123 Mm3, 81% water)",67.4,16.96,27.60,16.60,38.40,35,1,1
"v10 wet near-miss (123 Mm3, 81% water)",67.5,16.94,27.20,16.60,38.40,35,1,1
"v10 wet near-miss (123 Mm3, 81% water)",67.6,16.93,27.20,16.10,38.80,33,1,1
"v10 wet near-miss (123 Mm3, 81% water)",67.7,16.92,27.10,16.20,38.40,35,1,1
"v10 wet near-miss (123 Mm3, 81% water)",67.8,16.90,27.10,16.20,35.10,35,1,1
"v10 wet near-miss (123 Mm3, 81% water)",67.9,16.88,24.50,16.60,35.10,35,1,1
"v10 wet near-miss (123 Mm3, 81% water)",68.0,16.87,25.90,16.60,32.60,35,1,1
"v10 wet near-miss (123 Mm3, 81% water)",68.1,17.16,24.50,16.60,30.00,33,1,1
"v10 wet near-miss (123 Mm3, 81% water)",68.2,17.46,25.90,16.60,30.00,35,1,1
"v10 wet near-miss (123 Mm3, 81% water)",68.3,17.75,25.90,16.20,30.00,35,1,1
"v10 wet near-miss (123 Mm3, 81% water)",68.4,18.05,24.50,16.20,30.00,35,1,1
"v10 wet near-miss (123 Mm3, 81% water)",68.5,18.71,25.40,16.10,30.00,34,1,1
"v10 wet near-miss (123 Mm3, 81% water)",68.6,19.38,26.00,16.40,30.00,32,1,1
"v10 wet near-miss (123 Mm3, 81% water)",68.7,20.05,26.00,17.30,30.50,34,1,1
"v10 wet near-miss (123 Mm3, 81% water)",68.8,20.71,26.40,18.10,30.90,36,1,1
"v10 wet near-miss (123 Mm3, 81% water)",68.9,21.77,26.40,18.90,30.80,38,1,1
"v10 wet near-miss (123 Mm3, 81% water)",69.0,22.83,26.60,20.50,31.10,38,1,1
"v10 wet near-miss (123 Mm3, 81% water)",69.1,23.89,26.60,20.00,31.10,38,1,1
"v10 wet near-miss (123 Mm3, 81% water)",69.2,24.95,26.40,20.10,31.10,40,1,1
"v10 wet near-miss (123 Mm3, 81% water)",69.3,26.00,26.00,19.60,30.70,40,1,1
"v10 wet near-miss (123 Mm3, 81% water)",69.4,27.04,25.70,19.50,30.70,39,1,1
"v10 wet near-miss (123 Mm3, 81% water)",69.5,28.09,25.40,19.40,30.80,38,1,1
"v10 wet near-miss (123 Mm3, 81% water)",69.6,29.14,24.90,19.90,30.90,36,1,1
"v10 wet near-miss (123 Mm3, 81% water)",69.7,29.53,24.90,19.40,30.80,38,1,1
"v10 wet near-miss (123 Mm3, 81% water)",69.8,29.92,25.40,19.30,30.90,36,1,1
"v10 wet near-miss (123 Mm3, 81% water)",69.9,30.31,25.40,19.10,30.90,34,1,1
"v10 wet near-miss (123 Mm3, 81% water)",70.0,30.70,25.70,19.10,31.00,33,1,1
"v10 wet near-miss (123 Mm3, 81% water)",70.1,29.83,25.00,18.90,30.70,31,1,1
"v10 wet near-miss (123 Mm3, 81% water)",70.2,28.96,25.00,19.10,30.60,33,1,1
"v10 wet near-miss (123 Mm3, 81% water)",70.3,28.09,25.00,19.10,30.30,33,1,1
"v10 wet near-miss (123 Mm3, 81% water)",70.4,27.22,24.80,19.10,30.30,33,1,1
"v10 wet near-miss (123 Mm3, 81% water)",70.5,27.43,25.00,19.10,30.90,33,1,1
"v10 wet near-miss (123 Mm3, 81% water)",70.6,27.64,25.60,19.70,31.00,32,1,1
"v10 wet near-miss (123 Mm3, 81% water)",70.7,27.85,25.60,20.00,31.20,34,1,1
"v10 wet near-miss (123 Mm3, 81% water)",70.8,28.06,25.50,19.90,31.20,33,1,1
"v10 wet near-miss (123 Mm3, 81% water)",70.9,28.15,25.50,19.90,30.90,33,1,1
"v10 wet near-miss (123 Mm3, 81% water)",71.0,28.24,25.70,19.90,31.20,33,1,1
"v10 wet near-miss (123 Mm3, 81% water)",71.1,28.32,25.70,20.80,34.40,31,1,1
"v10 wet near-miss (123 Mm3, 81% water)",71.2,28.41,25.70,19.30,33.70,33,1,1
"v10 wet near-miss (123 Mm3, 81% water)",71.3,27.93,25.50,18.90,33.70,33,1,1
"v10 wet near-miss (123 Mm3, 81% water)",71.4,27.45,25.80,19.10,33.30,34,1,1
"v10 wet near-miss (123 Mm3, 81% water)",71.5,26.96,25.50,16.20,33.00,35,1,1
"v10 wet near-miss (123 Mm3, 81% water)",71.6,26.48,25.40,13.70,33.30,34,1,1
"v10 wet near-miss (123 Mm3, 81% water)",71.7,26.08,25.40,14.10,32.70,36,1,1
"v10 wet near-miss (123 Mm3, 81% water)",71.8,25.68,25.20,13.90,33.00,35,1,1
"v10 wet near-miss (123 Mm3, 81% water)",71.9,25.28,25.10,14.30,32.30,37,1,1
"v10 wet near-miss (123 Mm3, 81% water)",72.0,24.89,24.80,14.50,32.00,38,1,1
"v10 wet near-miss (123 Mm3, 81% water)",72.1,24.27,24.40,14.30,32.30,37,1,1
"v10 wet near-miss (123 Mm3, 81% water)",72.2,23.65,24.40,14.70,32.70,39,1,1
"v10 wet near-miss (123 Mm3, 81% water)",72.3,23.04,24.40,14.70,32.70,39,1,1
"v10 wet near-miss (123 Mm3, 81% water)",72.4,22.42,24.40,14.70,33.70,39,1,1
"v10 wet near-miss (123 Mm3, 81% water)",72.5,22.26,24.40,15.10,33.80,38,1,1
"v10 wet near-miss (123 Mm3, 81% water)",72.6,22.09,23.90,15.10,33.20,34,1,1
"v10 wet near-miss (123 Mm3, 81% water)",72.7,21.93,23.90,15.10,33.20,34,1,1
"v10 wet near-miss (123 Mm3, 81% water)",72.8,21.76,22.90,15.10,32.20,32,1,1
"v10 wet near-miss (123 Mm3, 81% water)",72.9,22.65,22.40,15.10,32.30,31,1,1
"v10 wet near-miss (123 Mm3, 81% water)",73.0,23.53,21.50,14.90,32.40,30,1,1
"v10 wet near-miss (123 Mm3, 81% water)",73.1,24.42,20.90,14.10,30.20,26,1,1
"v10 wet near-miss (123 Mm3, 81% water)",73.2,25.30,20.90,14.10,30.20,26,1,1
"v10 wet near-miss (123 Mm3, 81% water)",73.3,26.35,20.90,13.70,30.40,24,1,1
"v10 wet near-miss (123 Mm3, 81% water)",73.4,27.40,21.40,15.10,31.50,24,1,1
"v10 wet near-miss (123 Mm3, 81% water)",73.5,28.44,22.10,15.10,31.50,24,1,1
"v10 wet near-miss (123 Mm3, 81% water)",73.6,29.49,24.80,18.10,31.70,22,1,1
"v10 wet near-miss (123 Mm3, 81% water)",73.7,30.10,26.00,18.20,32.20,24,1,1
"v10 wet near-miss (123 Mm3, 81% water)",73.8,30.70,27.30,18.20,32.20,23,1,1
"v10 wet near-miss (123 Mm3, 81% water)",73.9,31.31,28.00,18.20,32.20,24,1,1
"v10 wet near-miss (123 Mm3, 81% water)",74.0,31.92,28.40,18.20,32.20,24,1,1
"v10 wet near-miss (123 Mm3, 81% water)",74.1,32.50,28.60,20.40,32.30,22,0,1
"v10 wet near-miss (123 Mm3, 81% water)",74.2,33.08,28.60,20.60,32.60,24,0,1
"v10 wet near-miss (123 Mm3, 81% water)",74.3,33.65,28.50,21.30,32.50,23,0,1
"v10 wet near-miss (123 Mm3, 81% water)",74.4,34.23,28.50,20.40,32.60,22,0,1
"v10 wet near-miss (123 Mm3, 81% water)",74.5,34.20,28.50,20.70,31.90,20,0,1
"v10 wet near-miss (123 Mm3, 81% water)",74.6,34.17,28.50,21.30,31.90,20,0,1
"v10 wet near-miss (123 Mm3, 81% water)",74.7,34.13,28.50,22.00,31.80,22,0,1
"v10 wet near-miss (123 Mm3, 81% water)",74.8,34.10,28.50,19.50,32.40,24,0,1
"v10 wet near-miss (123 Mm3, 81% water)",74.9,33.95,28.50,17.30,32.40,25,0,1
"v10 wet near-miss (123 Mm3, 81% water)",75.0,33.80,28.50,17.70,33.20,27,0,1
"v10 wet near-miss (123 Mm3, 81% water)",75.1,33.65,28.40,17.90,33.10,28,0,1
"v10 wet near-miss (123 Mm3, 81% water)",75.2,33.50,28.00,16.40,32.80,30,0,1
"v10 wet near-miss (123 Mm3, 81% water)",75.3,32.51,27.50,15.40,32.60,32,1,1
"v10 wet near-miss (123 Mm3, 81% water)",75.4,31.53,27.50,15.70,33.50,34,1,1
"v10 wet near-miss (123 Mm3, 81% water)",75.5,30.55,27.40,15.70,33.50,34,1,1
"v10 wet near-miss (123 Mm3, 81% water)",75.6,29.56,25.90,15.40,33.80,32,1,1
"v10 wet near-miss (123 Mm3, 81% water)",75.7,28.00,25.50,15.70,33.50,34,1,1
"v10 wet near-miss (123 Mm3, 81% water)",75.8,26.45,23.90,15.70,33.10,34,1,1
"v10 wet near-miss (123 Mm3, 81% water)",75.9,24.89,23.90,14.30,32.80,35,1,1
"v10 wet near-miss (123 Mm3, 81% water)",76.0,23.33,23.50,13.90,33.30,33,1,1
"v10 wet near-miss (123 Mm3, 81% water)",76.1,23.02,23.50,13.80,33.60,32,1,1
"v10 wet near-miss (123 Mm3, 81% water)",76.2,22.72,23.50,14.10,33.10,34,1,1
"v10 wet near-miss (123 Mm3, 81% water)",76.3,22.41,23.00,14.10,31.00,34,1,1
"v10 wet near-miss (123 Mm3, 81% water)",76.4,22.11,22.80,13.90,31.00,33,1,1
"v10 wet near-miss (123 Mm3, 81% water)",76.5,22.44,23.40,13.80,31.10,32,1,1
"v10 wet near-miss (123 Mm3, 81% water)",76.6,22.77,22.80,13.60,31.10,31,1,1
"v10 wet near-miss (123 Mm3, 81% water)",76.7,23.10,22.80,13.80,31.10,32,1,1
"v10 wet near-miss (123 Mm3, 81% water)",76.8,23.43,22.80,13.40,28.40,29,1,1
"v10 wet near-miss (123 Mm3, 81% water)",76.9,23.75,22.80,13.50,29.30,30,1,1
"v10 wet near-miss (123 Mm3, 81% water)",77.0,24.06,22.80,13.60,29.20,31,1,1
"v10 wet near-miss (123 Mm3, 81% water)",77.1,24.38,22.80,15.90,28.10,29,1,1
"v10 wet near-miss (123 Mm3, 81% water)",77.2,24.69,22.80,16.40,27.90,31,1,1
"v10 wet near-miss (123 Mm3, 81% water)",77.3,24.69,22.80,17.40,28.10,29,1,1
"v10 wet near-miss (123 Mm3, 81% water)",77.4,24.69,22.80,17.00,27.90,31,1,1
"v10 wet near-miss (123 Mm3, 81% water)",77.5,24.68,22.80,17.00,27.90,31,1,1
"v10 wet near-miss (123 Mm3, 81% water)",77.6,24.68,22.80,16.90,28.30,29,1,1
"v10 wet near-miss (123 Mm3, 81% water)",77.7,24.02,22.70,16.90,28.20,30,1,1
"v10 wet near-miss (123 Mm3, 81% water)",77.8,23.36,22.70,16.70,28.60,26,1,1
"v10 wet near-miss (123 Mm3, 81% water)",77.9,22.69,22.70,16.70,28.60,26,1,1
"v10 wet near-miss (123 Mm3, 81% water)",78.0,22.03,22.80,17.60,29.10,25,1,1
"v10 wet near-miss (123 Mm3, 81% water)",78.1,22.04,22.70,17.40,29.10,24,1,1
"v10 wet near-miss (123 Mm3, 81% water)",78.2,22.05,22.70,16.70,29.10,26,1,1
"v10 wet near-miss (123 Mm3, 81% water)",78.3,22.06,22.00,11.40,29.10,24,1,1
"v10 wet near-miss (123 Mm3, 81% water)",78.4,22.07,20.60,11.50,29.10,26,1,1
"v10 wet near-miss (123 Mm3, 81% water)",78.5,22.55,20.40,10.20,29.10,28,1,1
"v10 wet near-miss (123 Mm3, 81% water)",78.6,23.02,20.20,9.20,29.00,30,1,1
"v10 wet near-miss (123 Mm3, 81% water)",78.7,23.49,20.20,9.40,29.20,32,1,1
"v10 wet near-miss (123 Mm3, 81% water)",78.8,23.96,20.20,9.40,29.20,32,1,1
"v10 wet near-miss (123 Mm3, 81% water)",78.9,24.35,20.20,9.60,29.10,34,1,1
"v10 wet near-miss (123 Mm3, 81% water)",79.0,24.75,20.20,9.50,28.80,33,1,1
"v10 wet near-miss (123 Mm3, 81% water)",79.1,25.14,20.00,9.10,29.10,29,1,1
"v10 wet near-miss (123 Mm3, 81% water)",79.2,25.53,20.20,9.20,29.20,31,1,1
"v10 wet near-miss (123 Mm3, 81% water)",79.3,25.84,20.00,9.10,29.70,29,1,1
"v10 wet near-miss (123 Mm3, 81% water)",79.4,26.14,20.10,9.20,29.50,30,1,1
"v10 wet near-miss (123 Mm3, 81% water)",79.5,26.45,20.20,10.00,29.80,28,1,1
"v10 wet near-miss (123 Mm3, 81% water)",79.6,26.76,20.10,9.60,30.00,26,1,1
"v10 wet near-miss (123 Mm3, 81% water)",79.7,26.68,20.30,10.00,29.80,28,1,1
"v10 wet near-miss (123 Mm3, 81% water)",79.8,26.60,20.40,10.20,29.70,29,1,1
"v10 wet near-miss (123 Mm3, 81% water)",79.9,26.53,20.40,10.60,29.40,31,1,1
"v10 wet near-miss (123 Mm3, 81% water)",80.0,26.45,20.70,10.70,29.40,32,1,1
"v10 wet near-miss (123 Mm3, 81% water)",80.1,25.92,20.30,10.70,29.20,32,1,1
"v10 wet near-miss (123 Mm3, 81% water)",80.2,25.38,20.30,10.80,29.20,34,1,1
"v10 wet near-miss (123 Mm3, 81% water)",80.3,24.85,20.30,13.60,29.20,32,1,1
"v10 wet near-miss (123 Mm3, 81% water)",80.4,24.32,20.30,13.60,29.20,34,1,1
"v10 wet near-miss (123 Mm3, 81% water)",80.5,23.96,20.30,14.10,29.20,34,1,1
"v10 wet near-miss (123 Mm3, 81% water)",80.6,23.60,20.70,17.10,29.20,32,1,1
"v10 wet near-miss (123 Mm3, 81% water)",80.7,23.24,20.40,17.20,29.20,34,1,1
"v10 wet near-miss (123 Mm3, 81% water)",80.8,22.88,20.60,17.30,28.70,32,1,1
"v10 wet near-miss (123 Mm3, 81% water)",80.9,22.51,20.90,17.30,28.00,34,1,1
"v10 wet near-miss (123 Mm3, 81% water)",81.0,22.14,20.90,17.30,28.00,34,1,1
"v10 wet near-miss (123 Mm3, 81% water)",81.1,21.76,20.90,17.20,27.30,36,1,1
"v10 wet near-miss (123 Mm3, 81% water)",81.2,21.39,20.90,17.20,26.50,38,1,1
"v10 wet near-miss (123 Mm3, 81% water)",81.3,21.27,20.50,17.10,24.10,36,1,1
"v10 wet near-miss (123 Mm3, 81% water)",81.4,21.15,20.40,17.00,24.00,38,1,1
"v10 wet near-miss (123 Mm3, 81% water)",81.5,21.03,20.30,17.00,23.50,38,1,1
"v10 wet near-miss (123 Mm3, 81% water)",81.6,20.91,20.30,17.00,24.00,38,1,1
"v10 wet near-miss (123 Mm3, 81% water)",81.7,20.72,20.30,16.80,23.90,40,1,1
"v10 wet near-miss (123 Mm3, 81% water)",81.8,20.54,19.80,15.60,24.00,38,1,1
"v10 wet near-miss (123 Mm3, 81% water)",81.9,20.35,19.70,14.50,23.90,40,1,1
"v10 wet near-miss (123 Mm3, 81% water)",82.0,20.17,19.60,14.50,23.90,40,1,1
"v10 wet near-miss (123 Mm3, 81% water)",82.1,19.65,19.60,14.40,23.20,39,1,1
"v10 wet near-miss (123 Mm3, 81% water)",82.2,19.14,19.50,14.50,23.10,40,1,1
"v10 wet near-miss (123 Mm3, 81% water)",82.3,18.63,19.30,14.20,21.30,38,1,1
"v10 wet near-miss (123 Mm3, 81% water)",82.4,18.12,18.80,13.40,21.30,40,1,1
"v10 wet near-miss (123 Mm3, 81% water)",82.5,18.04,18.40,13.10,21.20,40,1,1
"v10 wet near-miss (123 Mm3, 81% water)",82.6,17.95,18.30,12.10,21.20,37,1,1
"v10 wet near-miss (123 Mm3, 81% water)",82.7,17.87,18.20,12.10,21.20,39,1,1
"v10 wet near-miss (123 Mm3, 81% water)",82.8,17.79,16.80,11.70,21.20,37,1,1
"v10 wet near-miss (123 Mm3, 81% water)",82.9,17.86,16.80,10.90,21.20,38,1,1
"v10 wet near-miss (123 Mm3, 81% water)",83.0,17.94,16.40,10.90,20.80,38,1,1
"v10 wet near-miss (123 Mm3, 81% water)",83.1,18.01,16.20,9.80,20.30,36,1,1
"v10 wet near-miss (123 Mm3, 81% water)",83.2,18.08,16.20,10.00,20.30,38,1,1
"v10 wet near-miss (123 Mm3, 81% water)",83.3,18.29,15.60,9.80,19.90,36,1,1
"v10 wet near-miss (123 Mm3, 81% water)",83.4,18.50,15.90,10.00,20.30,38,1,1
"v10 wet near-miss (123 Mm3, 81% water)",83.5,18.70,16.10,9.90,20.30,37,1,1
"v10 wet near-miss (123 Mm3, 81% water)",83.6,18.91,15.60,9.80,19.50,36,1,1
"v10 wet near-miss (123 Mm3, 81% water)",83.7,19.16,15.60,9.50,19.40,38,1,1
"v10 wet near-miss (123 Mm3, 81% water)",83.8,19.41,15.60,9.40,19.50,36,1,1
"v10 wet near-miss (123 Mm3, 81% water)",83.9,19.65,15.60,9.50,19.40,38,0,1
"v10 wet near-miss (123 Mm3, 81% water)",84.0,19.90,15.60,10.60,19.30,37,0,1
"v10 wet near-miss (123 Mm3, 81% water)",84.1,19.89,15.30,10.10,18.50,34,0,1
"v10 wet near-miss (123 Mm3, 81% water)",84.2,19.88,15.30,10.40,18.80,36,0,1
"v10 wet near-miss (123 Mm3, 81% water)",84.3,19.88,15.50,10.30,18.90,35,0,1
"v10 wet near-miss (123 Mm3, 81% water)",84.4,19.87,15.50,10.60,18.80,37,0,1
"v10 wet near-miss (123 Mm3, 81% water)",84.5,19.71,16.00,10.40,20.00,36,1,1
"v10 wet near-miss (123 Mm3, 81% water)",84.6,19.54,16.40,10.40,20.40,34,1,1
"v10 wet near-miss (123 Mm3, 81% water)",84.7,19.38,16.40,10.40,20.40,34,1,1
"v10 wet near-miss (123 Mm3, 81% water)",84.8,19.21,16.60,11.80,21.10,30,1,1
"v10 wet near-miss (123 Mm3, 81% water)",84.9,19.23,16.60,12.10,22.30,32,1,1
"v10 wet near-miss (123 Mm3, 81% water)",85.0,19.25,16.70,12.50,22.60,33,1,1
"v10 wet near-miss (123 Mm3, 81% water)",85.1,19.27,16.90,13.10,22.70,30,1,1
"v10 wet near-miss (123 Mm3, 81% water)",85.2,19.29,16.80,13.10,22.60,31,1,1
"v10 wet near-miss (123 Mm3, 81% water)",85.3,19.19,17.30,13.20,22.80,28,1,1
"v10 wet near-miss (123 Mm3, 81% water)",85.4,19.09,16.90,12.80,22.70,30,1,1
"v10 wet near-miss (123 Mm3, 81% water)",85.5,18.99,16.70,12.40,22.50,30,1,1
"v10 wet near-miss (123 Mm3, 81% water)",85.6,18.90,16.70,12.30,22.70,28,1,1
"v10 wet near-miss (123 Mm3, 81% water)",85.7,18.47,16.70,12.30,22.70,28,1,1
"v10 wet near-miss (123 Mm3, 81% water)",85.8,18.04,16.70,12.60,23.10,24,1,1
"v10 wet near-miss (123 Mm3, 81% water)",85.9,17.61,16.70,12.60,23.10,24,1,1
"v10 wet near-miss (123 Mm3, 81% water)",86.0,17.19,16.70,12.50,23.20,22,1,1
"v10 wet near-miss (123 Mm3, 81% water)",86.1,16.81,17.30,12.50,23.20,22,1,1
"v10 wet near-miss (123 Mm3, 81% water)",86.2,16.44,17.80,12.70,23.10,24,1,1
"v10 wet near-miss (123 Mm3, 81% water)",86.3,16.06,17.90,12.50,22.40,22,1,1
"v10 wet near-miss (123 Mm3, 81% water)",86.4,15.69,17.90,12.50,22.40,22,1,1
"v10 wet near-miss (123 Mm3, 81% water)",86.5,15.65,18.10,13.30,22.50,20,1,1
"v10 wet near-miss (123 Mm3, 81% water)",86.6,15.61,17.90,12.30,22.30,19,1,1
"v10 wet near-miss (123 Mm3, 81% water)",86.7,15.57,17.20,12.40,22.20,20,1,1
"v10 wet near-miss (123 Mm3, 81% water)",86.8,15.53,16.90,12.40,22.00,22,1,1
"v10 wet near-miss (123 Mm3, 81% water)",86.9,15.68,16.40,12.40,21.90,24,1,1
"v10 wet near-miss (123 Mm3, 81% water)",87.0,15.82,16.20,12.40,21.90,24,1,1
"v10 wet near-miss (123 Mm3, 81% water)",87.1,15.97,16.60,12.40,21.30,23,1,1
"v10 wet near-miss (123 Mm3, 81% water)",87.2,16.12,16.90,12.40,21.20,24,1,1
"v10 wet near-miss (123 Mm3, 81% water)",87.3,16.28,16.60,11.90,21.30,23,1,1
"v10 wet near-miss (123 Mm3, 81% water)",87.4,16.45,15.80,11.80,21.10,25,1,1
"v10 wet near-miss (123 Mm3, 81% water)",87.5,16.62,15.80,11.80,21.80,25,1,1
"v10 wet near-miss (123 Mm3, 81% water)",87.6,16.79,16.50,11.70,21.90,24,1,1
"v10 wet near-miss (123 Mm3, 81% water)",87.7,16.83,16.50,11.70,21.80,26,1,1
"v10 wet near-miss (123 Mm3, 81% water)",87.8,16.87,15.60,11.70,21.70,28,1,1
"v10 wet near-miss (123 Mm3, 81% water)",87.9,16.91,15.60,11.60,21.60,30,1,1
"v10 wet near-miss (123 Mm3, 81% water)",88.0,16.96,15.60,10.20,22.00,32,1,1
"v10 wet near-miss (123 Mm3, 81% water)",88.1,16.79,15.30,10.20,21.80,32,1,1
"v10 wet near-miss (123 Mm3, 81% water)",88.2,16.62,15.10,10.00,21.50,34,1,1
"v10 wet near-miss (123 Mm3, 81% water)",88.3,16.46,14.30,9.80,20.00,32,1,1
"v10 wet near-miss (123 Mm3, 81% water)",88.4,16.29,14.20,9.80,19.90,33,1,1
"v10 wet near-miss (123 Mm3, 81% water)",88.5,15.89,14.20,9.80,19.90,33,1,1
"v10 wet near-miss (123 Mm3, 81% water)",88.6,15.49,14.30,9.80,20.00,32,1,1
"v10 wet near-miss (123 Mm3, 81% water)",88.7,15.10,14.20,9.80,19.90,33,1,1
"v10 wet near-miss (123 Mm3, 81% water)",88.8,14.70,14.20,9.70,20.20,31,1,1
"v10 wet near-miss (123 Mm3, 81% water)",88.9,14.33,14.00,9.70,19.90,33,1,1
"v10 wet near-miss (123 Mm3, 81% water)",89.0,13.96,13.30,9.70,20.00,32,1,1
"v10 wet near-miss (123 Mm3, 81% water)",89.1,13.59,12.30,8.00,18.80,30,1,1
"v10 wet near-miss (123 Mm3, 81% water)",89.2,13.22,12.10,7.70,18.60,32,1,1
"v10 wet near-miss (123 Mm3, 81% water)",89.3,12.78,11.90,6.90,18.50,32,1,1
"v10 wet near-miss (123 Mm3, 81% water)",89.4,12.34,11.80,6.60,18.40,33,1,1
"v10 wet near-miss (123 Mm3, 81% water)",89.5,11.90,11.80,6.50,18.60,31,1,1
"v10 wet near-miss (123 Mm3, 81% water)",89.6,11.46,11.80,5.70,16.50,28,1,1
"v10 wet near-miss (123 Mm3, 81% water)",89.7,11.44,11.80,5.70,16.50,28,1,1
"v10 wet near-miss (123 Mm3, 81% water)",89.8,11.41,11.70,4.90,15.20,25,1,1
"v10 wet near-miss (123 Mm3, 81% water)",89.9,11.39,11.70,4.90,15.20,25,1,1
"v10 wet near-miss (123 Mm3, 81% water)",90.0,11.36,11.70,4.40,14.10,23,1,1
"v10 wet near-miss (123 Mm3, 81% water)",90.1,11.53,11.60,3.60,13.20,19,1,1
"v10 wet near-miss (123 Mm3, 81% water)",90.2,11.69,11.50,3.70,13.10,20,1,1
"v10 wet near-miss (123 Mm3, 81% water)",90.3,11.85,11.40,3.40,12.70,17,1,1
"v10 wet near-miss (123 Mm3, 81% water)",90.4,12.01,10.10,3.60,12.60,19,1,1
"v10 wet near-miss (123 Mm3, 81% water)",90.5,12.06,10.10,3.70,12.40,20,1,1
"v10 wet near-miss (123 Mm3, 81% water)",90.6,12.11,10.10,3.80,12.40,21,1,1
"v10 wet near-miss (123 Mm3, 81% water)",90.7,12.16,9.90,3.90,12.30,22,1,1
"v10 wet near-miss (123 Mm3, 81% water)",90.8,12.21,9.40,3.90,12.30,22,1,1
"v10 wet near-miss (123 Mm3, 81% water)",90.9,12.26,9.00,3.90,12.20,23,0,1
"v10 wet near-miss (123 Mm3, 81% water)",91.0,12.31,8.70,3.90,12.40,23,1,1
"v10 wet near-miss (123 Mm3, 81% water)",91.1,12.36,7.50,3.80,12.40,21,1,1
"v10 wet near-miss (123 Mm3, 81% water)",91.2,12.40,7.50,3.90,12.90,23,1,1
"v10 wet near-miss (123 Mm3, 81% water)",91.3,12.53,7.00,3.90,13.10,20,1,1
"v10 wet near-miss (123 Mm3, 81% water)",91.4,12.65,6.50,3.50,13.00,22,1,1
"v10 wet near-miss (123 Mm3, 81% water)",91.5,12.77,6.50,3.30,12.90,23,1,1
"v10 wet near-miss (123 Mm3, 81% water)",91.6,12.89,6.10,3.20,13.20,24,1,1
"v10 wet near-miss (123 Mm3, 81% water)",91.7,13.09,6.10,3.20,13.20,26,1,1
"v10 wet near-miss (123 Mm3, 81% water)",91.8,13.28,5.80,3.20,12.70,27,0,1
"v10 wet near-miss (123 Mm3, 81% water)",91.9,13.48,6.50,3.20,12.50,29,0,1
"v10 wet near-miss (123 Mm3, 81% water)",92.0,13.67,7.50,3.30,13.80,31,1,1
"v10 wet near-miss (123 Mm3, 81% water)",92.1,13.75,7.80,3.30,15.10,32,1,1
"v10 wet near-miss (123 Mm3, 81% water)",92.2,13.83,8.20,3.30,16.30,34,1,1
"v10 wet near-miss (123 Mm3, 81% water)",92.3,13.91,8.50,3.30,16.80,34,1,1
"v10 wet near-miss (123 Mm3, 81% water)",92.4,13.99,8.70,3.30,16.80,35,1,1
"v10 wet near-miss (123 Mm3, 81% water)",92.5,14.21,10.10,3.30,17.00,35,1,1
"v10 wet near-miss (123 Mm3, 81% water)",92.6,14.43,10.60,3.30,18.90,33,1,1
"v10 wet near-miss (123 Mm3, 81% water)",92.7,14.64,10.60,3.30,18.50,35,1,1
"v10 wet near-miss (123 Mm3, 81% water)",92.8,14.86,10.90,3.30,18.70,34,1,1
"v10 wet near-miss (123 Mm3, 81% water)",92.9,15.02,11.20,3.30,18.50,35,1,1
"v10 wet near-miss (123 Mm3, 81% water)",93.0,15.18,11.20,3.30,18.50,35,1,1
"v10 wet near-miss (123 Mm3, 81% water)",93.1,15.34,11.20,3.60,18.90,33,1,1
"v10 wet near-miss (123 Mm3, 81% water)",93.2,15.50,10.90,3.70,18.70,34,1,1
"v10 wet near-miss (123 Mm3, 81% water)",93.3,15.38,10.90,5.10,19.20,32,1,1
"v10 wet near-miss (123 Mm3, 81% water)",93.4,15.25,10.90,5.10,19.20,32,1,1
"v10 wet near-miss (123 Mm3, 81% water)",93.5,15.12,11.40,5.70,19.50,30,1,1
"v10 wet near-miss (123 Mm3, 81% water)",93.6,15.00,12.30,6.50,18.00,27,1,1
"v10 wet near-miss (123 Mm3, 81% water)",93.7,14.94,12.30,6.60,17.50,29,1,1
"v10 wet near-miss (123 Mm3, 81% water)",93.8,14.89,12.90,7.60,18.20,26,1,1
"v10 wet near-miss (123 Mm3, 81% water)",93.9,14.83,12.40,7.70,18.00,27,1,1
"v10 wet near-miss (123 Mm3, 81% water)",94.0,14.78,12.90,6.90,18.20,26,1,1
"v10 wet near-miss (123 Mm3, 81% water)",94.1,14.82,11.70,6.80,18.60,24,1,1
"v10 wet near-miss (123 Mm3, 81% water)",94.2,14.86,12.80,6.90,18.10,26,1,1
"v10 wet near-miss (123 Mm3, 81% water)",94.3,14.91,10.90,6.80,16.50,23,1,1
"v10 wet near-miss (123 Mm3, 81% water)",94.4,14.95,10.90,6.80,16.40,24,1,1
"v10 wet near-miss (123 Mm3, 81% water)",94.5,15.12,10.90,6.80,16.40,24,1,1
"v10 wet near-miss (123 Mm3, 81% water)",94.6,15.29,10.70,6.70,14.70,22,0,1
"v10 wet near-miss (123 Mm3, 81% water)",94.7,15.45,10.70,6.70,14.50,24,0,1
"v10 wet near-miss (123 Mm3, 81% water)",94.8,15.62,10.80,6.70,14.80,21,0,1
"v10 wet near-miss (123 Mm3, 81% water)",94.9,15.68,10.80,6.70,14.60,23,0,1
"v10 wet near-miss (123 Mm3, 81% water)",95.0,15.73,10.60,6.70,14.60,23,0,1
"v10 wet near-miss (123 Mm3, 81% water)",95.1,15.78,10.80,6.70,14.80,21,0,1
"v10 wet near-miss (123 Mm3, 81% water)",95.2,15.83,10.80,6.70,14.60,23,0,1
"v10 wet near-miss (123 Mm3, 81% water)",95.3,15.84,10.90,6.70,14.80,21,0,1
"v10 wet near-miss (123 Mm3, 81% water)",95.4,15.84,10.90,6.70,14.80,21,0,1
"v10 wet near-miss (123 Mm3, 81% water)",95.5,15.84,10.90,5.40,14.70,22,0,1
"v10 wet near-miss (123 Mm3, 81% water)",95.6,15.85,10.80,5.30,14.80,21,0,1
"v10 wet near-miss (123 Mm3, 81% water)",95.7,15.99,10.60,5.40,14.70,22,0,1
"v10 wet near-miss (123 Mm3, 81% water)",95.8,16.14,9.50,5.20,14.80,20,0,1
"v10 wet near-miss (123 Mm3, 81% water)",95.9,16.29,8.50,5.20,14.80,21,0,1
"v10 wet near-miss (123 Mm3, 81% water)",96.0,16.43,8.50,5.20,14.80,21,0,1
"v10 wet near-miss (123 Mm3, 81% water)",96.1,16.55,8.20,5.10,14.10,20,0,1
"v10 wet near-miss (123 Mm3, 81% water)",96.2,16.67,8.20,5.10,14.10,20,0,1
"v10 wet near-miss (123 Mm3, 81% water)",96.3,16.79,7.80,5.10,14.00,18,0,1
"v10 wet near-miss (123 Mm3, 81% water)",96.4,16.91,7.90,5.10,14.00,19,0,1
"v10 wet near-miss (123 Mm3, 81% water)",96.5,17.09,7.90,5.10,14.00,19,0,1
"v10 wet near-miss (123 Mm3, 81% water)",96.6,17.27,8.00,5.10,14.00,18,0,1
"v10 wet near-miss (123 Mm3, 81% water)",96.7,17.45,8.00,5.10,14.00,18,0,1
"v10 wet near-miss (123 Mm3, 81% water)",96.8,17.63,7.90,5.00,13.70,17,0,1
"v10 wet near-miss (123 Mm3, 81% water)",96.9,17.96,7.90,4.70,13.60,19,0,1
"v10 wet near-miss (123 Mm3, 81% water)",97.0,18.29,7.90,4.70,14.10,19,0,1
"v10 wet near-miss (123 Mm3, 81% water)",97.1,18.62,8.10,4.70,14.50,19,0,1
"v10 wet near-miss (123 Mm3, 81% water)",97.2,18.95,8.10,4.70,14.50,19,0,1
"v10 wet near-miss (123 Mm3, 81% water)",97.3,19.06,8.00,4.70,14.50,18,0,1
"v10 wet near-miss (123 Mm3, 81% water)",97.4,19.18,7.90,4.70,14.50,19,0,1
"v10 wet near-miss (123 Mm3, 81% water)",97.5,19.29,8.00,4.80,14.40,20,0,1
"v10 wet near-miss (123 Mm3, 81% water)",97.6,19.40,8.50,5.10,15.00,20,0,1
"v10 wet near-miss (123 Mm3, 81% water)",97.7,19.51,9.10,5.20,14.90,22,0,1
"v10 wet near-miss (123 Mm3, 81% water)",97.8,19.62,9.70,4.50,14.90,22,0,1
"v10 wet near-miss (123 Mm3, 81% water)",97.9,19.73,9.70,4.70,14.70,24,0,1
"v10 wet near-miss (123 Mm3, 81% water)",98.0,19.84,9.70,4.40,14.70,24,0,1
"v10 wet near-miss (123 Mm3, 81% water)",98.1,19.92,10.40,4.40,14.90,22,0,1
"v10 wet near-miss (123 Mm3, 81% water)",98.2,20.00,10.40,4.40,14.90,22,0,1
"v10 wet near-miss (123 Mm3, 81% water)",98.3,20.08,10.70,4.40,16.00,23,0,1
"v10 wet near-miss (123 Mm3, 81% water)",98.4,20.15,10.80,4.40,18.50,25,0,1
"v10 wet near-miss (123 Mm3, 81% water)",98.5,20.18,11.00,4.40,18.50,24,0,1
"v10 wet near-miss (123 Mm3, 81% water)",98.6,20.20,12.10,4.40,20.10,24,0,1
"v10 wet near-miss (123 Mm3, 81% water)",98.7,20.23,13.40,4.40,21.90,25,1,1
"v10 wet near-miss (123 Mm3, 81% water)",98.8,20.25,12.10,4.40,22.10,24,1,1
"v10 wet near-miss (123 Mm3, 81% water)",98.9,20.25,10.80,4.40,21.90,25,1,1
"v10 wet near-miss (123 Mm3, 81% water)",99.0,20.24,10.80,4.40,22.30,23,1,1
"v10 wet near-miss (123 Mm3, 81% water)",99.1,20.24,10.10,4.30,22.70,21,1,1
"v10 wet near-miss (123 Mm3, 81% water)",99.2,20.23,10.10,4.30,22.70,21,1,1
"v10 wet near-miss (123 Mm3, 81% water)",99.3,20.14,10.80,4.30,23.40,21,1,1
"v10 wet near-miss (123 Mm3, 81% water)",99.4,20.05,10.80,4.30,23.40,21,1,1
"v10 wet near-miss (123 Mm3, 81% water)",99.5,19.96,12.10,4.30,23.70,20,1,1
"v10 wet near-miss (123 Mm3, 81% water)",99.6,19.87,12.10,4.30,24.40,18,1,1
"v10 wet near-miss (123 Mm3, 81% water)",99.7,19.57,12.10,4.30,24.40,18,1,1
"v10 wet near-miss (123 Mm3, 81% water)",99.8,19.26,14.50,4.30,25.70,14,1,1
"v10 wet near-miss (123 Mm3, 81% water)",99.9,18.96,14.50,4.30,25.70,14,1,1
"v10 wet near-miss (123 Mm3, 81% water)",100.0,18.65,18.20,4.30,26.00,13,1,1
"v10 wet near-miss (123 Mm3, 81% water)",100.1,18.60,18.40,4.70,26.30,12,1,1
"v10 wet near-miss (123 Mm3, 81% water)",100.2,18.54,18.40,4.70,26.30,12,1,1
"v10 wet near-miss (123 Mm3, 81% water)",100.3,18.49,18.50,4.00,27.20,10,1,1
"v10 wet near-miss (123 Mm3, 81% water)",100.4,18.44,18.50,4.00,27.20,10,1,1
"v10 wet near-miss (123 Mm3, 81% water)",100.5,18.42,13.70,3.50,28.40,8,1,1
"v10 wet near-miss (123 Mm3, 81% water)",100.6,18.41,8.50,3.00,25.00,6,1,1
"v10 wet near-miss (123 Mm3, 81% water)",100.7,18.40,8.50,3.00,25.00,6,1,1
"v10 wet near-miss (123 Mm3, 81% water)",101.8,18.72,5.30,4.40,8.20,5,0,1
"v10 wet near-miss (123 Mm3, 81% water)",101.9,18.76,5.30,4.40,8.20,5,0,1
"v10 wet near-miss (123 Mm3, 81% water)",102.0,18.81,5.30,4.40,8.20,5,0,1
"v10 wet near-miss (123 Mm3, 81% water)",102.1,18.93,5.00,4.40,10.60,6,0,1
"v10 wet near-miss (123 Mm3, 81% water)",102.2,19.05,5.00,4.40,10.60,6,0,1
"v10 wet near-miss (123 Mm3, 81% water)",102.3,19.18,5.00,4.40,10.60,6,0,1
"v10 wet near-miss (123 Mm3, 81% water)",102.4,19.30,5.00,4.40,10.60,6,0,1
"v10 wet near-miss (123 Mm3, 81% water)",102.5,19.39,5.00,3.40,14.60,8,0,1
"v10 wet near-miss (123 Mm3, 81% water)",102.6,19.49,5.00,3.40,14.60,8,0,1
"v10 wet near-miss (123 Mm3, 81% water)",102.7,19.59,6.80,4.00,13.40,10,0,1
"v10 wet near-miss (123 Mm3, 81% water)",102.8,19.68,6.80,4.00,13.40,10,0,1
"v10 wet near-miss (123 Mm3, 81% water)",102.9,19.71,8.30,4.30,12.80,11,0,1
"v10 wet near-miss (123 Mm3, 81% water)",103.0,19.74,9.20,4.30,12.80,12,0,1
"v10 wet near-miss (123 Mm3, 81% water)",103.1,19.76,10.10,4.30,12.80,11,0,1
"v10 wet near-miss (123 Mm3, 81% water)",103.2,19.79,11.10,4.30,13.10,13,0,1
"v10 wet near-miss (123 Mm3, 81% water)",103.3,19.76,11.30,4.40,13.10,15,0,1
"v10 wet near-miss (123 Mm3, 81% water)",103.4,19.72,11.20,4.40,13.00,16,0,1
"v10 wet near-miss (123 Mm3, 81% water)",103.5,19.69,11.10,4.40,13.00,17,0,1
"v10 wet near-miss (123 Mm3, 81% water)",103.6,19.65,11.10,4.40,13.00,17,0,1
"v10 wet near-miss (123 Mm3, 81% water)",103.7,19.48,11.10,4.40,13.00,17,0,1
"v10 wet near-miss (123 Mm3, 81% water)",103.8,19.31,11.30,5.70,13.10,15,0,1
"v10 wet near-miss (123 Mm3, 81% water)",103.9,19.13,11.30,5.70,13.10,15,0,1
"v10 wet near-miss (123 Mm3, 81% water)",104.0,18.96,11.10,4.80,13.00,17,0,1
"v10 wet near-miss (123 Mm3, 81% water)",104.1,18.90,10.60,4.00,13.00,16,0,1
"v10 wet near-miss (123 Mm3, 81% water)",104.2,18.85,10.60,4.00,13.00,16,0,1
"v10 wet near-miss (123 Mm3, 81% water)",104.3,18.80,10.10,3.70,12.90,17,0,1
"v10 wet near-miss (123 Mm3, 81% water)",104.4,18.74,10.10,3.70,12.90,17,0,1
"v10 wet near-miss (123 Mm3, 81% water)",104.5,18.85,10.10,3.70,12.90,17,0,1
"v10 wet near-miss (123 Mm3, 81% water)",104.6,18.96,10.60,4.50,12.70,16,0,1
"v10 wet near-miss (123 Mm3, 81% water)",104.7,19.07,10.60,4.50,12.70,16,0,1
"v10 wet near-miss (123 Mm3, 81% water)",104.8,19.19,10.60,4.40,12.70,14,0,1
"v10 wet near-miss (123 Mm3, 81% water)",104.9,19.16,9.70,4.00,12.70,16,0,1
"v10 wet near-miss (123 Mm3, 81% water)",105.0,19.13,9.60,4.00,12.70,15,0,1
"v10 wet near-miss (123 Mm3, 81% water)",105.1,19.10,9.60,4.00,12.70,15,0,1
"v10 wet near-miss (123 Mm3, 81% water)",105.2,19.07,9.90,4.00,12.90,17,0,1
"v10 wet near-miss (123 Mm3, 81% water)",105.3,18.64,7.30,3.90,12.30,13,0,1
"v10 wet near-miss (123 Mm3, 81% water)",105.4,18.20,6.80,3.90,12.20,14,0,1
"v10 wet near-miss (123 Mm3, 81% water)",105.5,17.77,5.90,3.50,12.20,14,0,1
"v10 wet near-miss (123 Mm3, 81% water)",105.6,17.33,5.60,3.40,12.30,13,0,1
"v10 wet near-miss (123 Mm3, 81% water)",105.7,16.34,5.60,3.40,12.30,13,0,1
"v10 wet near-miss (123 Mm3, 81% water)",105.8,15.34,5.20,3.40,12.50,12,0,1
"v10 wet near-miss (123 Mm3, 81% water)",105.9,14.35,5.60,3.40,12.30,13,0,1
"v10 wet near-miss (123 Mm3, 81% water)",106.0,13.35,5.60,3.40,12.30,13,0,1
"v10 wet near-miss (123 Mm3, 81% water)",106.1,13.38,6.20,3.80,12.70,10,0,1
"v10 wet near-miss (123 Mm3, 81% water)",106.2,13.41,6.20,3.80,12.70,10,0,1
"v10 wet near-miss (123 Mm3, 81% water)",106.3,13.43,6.20,3.80,12.70,10,0,1
"v10 wet near-miss (123 Mm3, 81% water)",106.4,13.46,6.20,3.80,12.70,10,0,1
"v10 wet near-miss (123 Mm3, 81% water)",106.5,13.87,6.20,3.80,12.70,10,0,1
"v10 wet near-miss (123 Mm3, 81% water)",106.6,14.27,6.20,3.80,11.30,10,0,1
"v10 wet near-miss (123 Mm3, 81% water)",106.7,14.68,6.20,3.90,11.10,11,0,1
"v10 wet near-miss (123 Mm3, 81% water)",106.8,15.09,6.20,3.90,11.10,11,0,1
"v10 wet near-miss (123 Mm3, 81% water)",106.9,15.20,8.70,3.90,11.10,13,0,1
"v10 wet near-miss (123 Mm3, 81% water)",107.0,15.31,9.20,3.40,11.10,13,0,1
"v10 wet near-miss (123 Mm3, 81% water)",107.1,15.42,8.50,3.50,10.80,14,0,1
"v10 wet near-miss (123 Mm3, 81% water)",107.2,15.53,8.20,3.60,10.70,15,0,1
"v10 wet near-miss (123 Mm3, 81% water)",107.3,15.38,6.40,3.50,9.50,14,0,1
"v10 wet near-miss (123 Mm3, 81% water)",107.4,15.24,6.40,3.50,9.50,14,0,1
"v10 wet near-miss (123 Mm3, 81% water)",107.5,15.09,6.60,3.80,9.90,15,0,1
"v10 wet near-miss (123 Mm3, 81% water)",107.6,14.95,7.40,4.70,9.90,14,0,1
"v10 wet near-miss (123 Mm3, 81% water)",107.7,14.91,7.40,4.70,9.90,14,0,1
"v10 wet near-miss (123 Mm3, 81% water)",107.8,14.88,8.20,4.70,9.90,15,0,1
"v10 wet near-miss (123 Mm3, 81% water)",107.9,14.84,7.40,3.80,9.80,16,0,1
"v10 wet near-miss (123 Mm3, 81% water)",108.0,14.81,7.40,2.90,9.80,16,0,1
"v10 wet near-miss (123 Mm3, 81% water)",108.1,14.87,7.40,2.90,9.80,16,0,1
"v10 wet near-miss (123 Mm3, 81% water)",108.2,14.94,7.40,2.90,9.80,16,0,1
"v10 wet near-miss (123 Mm3, 81% water)",108.3,15.01,8.20,2.90,9.90,15,0,0
"v10 wet near-miss (123 Mm3, 81% water)",108.4,15.08,8.20,2.90,9.80,17,0,0
"v10 wet near-miss (123 Mm3, 81% water)",108.5,15.23,7.40,2.90,9.70,18,0,0
"v10 wet near-miss (123 Mm3, 81% water)",108.6,15.38,5.90,2.70,9.70,18,0,0
"v10 wet near-miss (123 Mm3, 81% water)",108.7,15.52,5.20,2.70,9.60,20,0,0
"v10 wet near-miss (123 Mm3, 81% water)",108.8,15.67,5.30,2.80,10.00,21,0,0
"v10 wet near-miss (123 Mm3, 81% water)",108.9,15.91,5.30,2.80,10.00,21,0,0
"v10 wet near-miss (123 Mm3, 81% water)",109.0,16.16,5.10,2.70,10.00,20,0,0
"v10 wet near-miss (123 Mm3, 81% water)",109.1,16.40,4.70,2.60,9.90,16,0,0
"v10 wet near-miss (123 Mm3, 81% water)",109.2,16.64,4.60,2.60,9.80,17,0,0
"v10 wet near-miss (123 Mm3, 81% water)",109.3,16.84,4.40,2.60,10.00,15,0,0
"v10 wet near-miss (123 Mm3, 81% water)",109.4,17.04,4.70,2.60,9.90,16,0,0
"v10 wet near-miss (123 Mm3, 81% water)",109.5,17.25,4.70,2.60,9.90,16,0,0
"v10 wet near-miss (123 Mm3, 81% water)",109.6,17.45,4.40,2.60,9.20,14,0,0
"v10 wet near-miss (123 Mm3, 81% water)",109.7,17.60,4.40,2.60,9.20,14,0,0
"v10 wet near-miss (123 Mm3, 81% water)",109.8,17.74,4.40,2.50,8.30,13,0,0
"v10 wet near-miss (123 Mm3, 81% water)",109.9,17.88,4.40,2.60,11.30,14,0,0
"v10 wet near-miss (123 Mm3, 81% water)",110.0,18.03,5.20,3.10,13.40,15,0,0
"v10 wet near-miss (123 Mm3, 81% water)",110.1,18.20,6.40,3.80,13.40,15,0,0
"v10 wet near-miss (123 Mm3, 81% water)",110.2,18.37,6.90,3.90,13.30,16,0,0
"v10 wet near-miss (123 Mm3, 81% water)",110.3,18.54,6.90,3.90,13.30,16,0,0
"v10 wet near-miss (123 Mm3, 81% water)",110.4,18.71,6.90,3.90,13.30,16,0,0
"v10 wet near-miss (123 Mm3, 81% water)",110.5,18.57,7.10,4.10,13.30,16,0,0
"v10 wet near-miss (123 Mm3, 81% water)",110.6,18.43,7.50,4.30,13.60,14,0,0
"v10 wet near-miss (123 Mm3, 81% water)",110.7,18.29,7.50,4.30,13.60,14,0,0
"v10 wet near-miss (123 Mm3, 81% water)",110.8,18.15,7.80,4.40,14.00,10,0,0
"v10 wet near-miss (123 Mm3, 81% water)",110.9,17.96,7.80,4.40,14.00,10,0,0
"v10 wet near-miss (123 Mm3, 81% water)",111.0,17.76,7.80,4.40,14.00,10,0,0
"v10 wet near-miss (123 Mm3, 81% water)",111.1,17.56,8.20,6.00,14.10,9,0,0
"v10 wet near-miss (123 Mm3, 81% water)",111.2,17.36,8.20,6.00,14.10,9,0,0
"v10 wet near-miss (123 Mm3, 81% water)",111.3,17.06,9.90,6.70,14.10,8,0,0
"v10 wet near-miss (123 Mm3, 81% water)",111.4,16.76,11.10,6.80,14.10,9,0,0
"v10 wet near-miss (123 Mm3, 81% water)",111.5,16.46,11.30,7.20,14.10,8,0,0
"v10 wet near-miss (123 Mm3, 81% water)",111.6,16.15,11.30,7.20,14.10,8,0,0
"v10 wet near-miss (123 Mm3, 81% water)",111.7,16.13,11.30,6.60,14.40,10,0,0
"v10 wet near-miss (123 Mm3, 81% water)",111.8,16.11,11.60,6.90,15.20,11,0,0
"v10 wet near-miss (123 Mm3, 81% water)",111.9,16.09,11.60,6.90,15.20,11,0,0
"v10 wet near-miss (123 Mm3, 81% water)",112.0,16.07,11.60,6.90,15.20,11,0,0
"v10 wet near-miss (123 Mm3, 81% water)",112.1,16.29,11.60,6.40,15.50,9,0,0
"v10 wet near-miss (123 Mm3, 81% water)",112.2,16.52,12.10,6.60,15.30,10,0,0
"v10 wet near-miss (123 Mm3, 81% water)",112.3,16.74,11.90,6.60,15.30,10,0,0
"v10 wet near-miss (123 Mm3, 81% water)",112.4,16.96,11.90,6.60,15.30,10,0,0
"v10 wet near-miss (123 Mm3, 81% water)",112.5,17.08,11.90,6.60,15.30,10,0,0
"v10 wet near-miss (123 Mm3, 81% water)",112.6,17.20,12.80,9.10,15.60,8,0,0
"v10 wet near-miss (123 Mm3, 81% water)",112.7,17.32,12.60,5.10,15.50,9,0,0
"v10 wet near-miss (123 Mm3, 81% water)",112.8,17.44,11.90,5.20,15.30,10,0,0
"v10 wet near-miss (123 Mm3, 81% water)",112.9,17.48,11.90,5.20,15.30,10,0,0
"v10 wet near-miss (123 Mm3, 81% water)",113.0,17.51,11.90,5.20,15.30,10,0,0
"v10 wet near-miss (123 Mm3, 81% water)",113.1,17.55,11.90,5.20,15.30,10,0,0
"v10 wet near-miss (123 Mm3, 81% water)",113.2,17.58,11.90,5.20,15.30,10,0,0
"v10 wet near-miss (123 Mm3, 81% water)",113.3,17.53,11.90,5.20,15.30,10,0,0
"v10 wet near-miss (123 Mm3, 81% water)",113.4,17.49,11.90,5.20,15.30,10,0,0
"v10 wet near-miss (123 Mm3, 81% water)",113.5,17.44,11.90,5.20,15.30,10,0,0
"v10 wet near-miss (123 Mm3, 81% water)",113.6,17.39,11.30,4.30,15.20,11,0,0
"v10 wet near-miss (123 Mm3, 81% water)",113.7,17.18,11.30,4.30,15.20,11,0,0
"v10 wet near-miss (123 Mm3, 81% water)",113.8,16.96,10.50,4.40,13.30,8,0,0
"v10 wet near-miss (123 Mm3, 81% water)",113.9,16.75,10.50,4.40,13.30,8,0,0
"v10 wet near-miss (123 Mm3, 81% water)",114.0,16.53,10.50,4.40,13.30,8,0,0
"v10 wet near-miss (123 Mm3, 81% water)",114.1,16.57,6.90,3.30,11.70,8,0,0
"v10 wet near-miss (123 Mm3, 81% water)",114.2,16.61,7.20,3.40,11.50,9,0,0
"v10 wet near-miss (123 Mm3, 81% water)",114.3,16.65,5.30,3.20,9.00,7,0,0
"v10 wet near-miss (123 Mm3, 81% water)",114.4,16.69,5.30,3.20,9.00,7,0,0
"v10 wet near-miss (123 Mm3, 81% water)",114.5,16.80,5.30,3.20,9.00,7,0,0
"v10 wet near-miss (123 Mm3, 81% water)",114.6,16.92,5.40,3.30,8.80,8,0,0
"v10 wet near-miss (123 Mm3, 81% water)",114.7,17.03,5.30,2.20,8.60,10,0,0
"v10 wet near-miss (123 Mm3, 81% water)",114.8,17.15,4.50,2.00,7.60,8,0,0
"v10 wet near-miss (123 Mm3, 81% water)",114.9,17.22,4.50,2.00,7.60,8,0,0
"v10 wet near-miss (123 Mm3, 81% water)",115.0,17.29,4.50,2.00,7.60,8,0,0
"v10 wet near-miss (123 Mm3, 81% water)",115.1,17.36,4.50,2.00,7.60,8,0,0
"v10 wet near-miss (123 Mm3, 81% water)",115.2,17.43,4.50,2.00,7.60,8,0,0
"v10 wet near-miss (123 Mm3, 81% water)",115.3,17.44,4.50,2.00,7.60,8,0,0
"v10 wet near-miss (123 Mm3, 81% water)",115.4,17.44,4.50,2.00,7.60,8,0,0
"v10 wet near-miss (123 Mm3, 81% water)",115.5,17.45,4.50,2.00,7.60,8,0,0
"v10 wet near-miss (123 Mm3, 81% water)",115.6,17.46,4.60,2.20,7.80,6,0,0
"v10 wet near-miss (123 Mm3, 81% water)",115.7,17.44,4.60,2.20,7.80,6,0,0
"v10 wet near-miss (123 Mm3, 81% water)",115.8,17.42,4.60,2.20,7.80,6,0,0
"v10 wet near-miss (123 Mm3, 81% water)",115.9,17.40,4.60,2.20,7.80,6,0,0
"v10 wet near-miss (123 Mm3, 81% water)",116.0,17.38,4.60,2.20,7.80,6,0,0
"v10 wet near-miss (123 Mm3, 81% water)",154.8,8.43,8.00,7.20,9.40,5,1,0
"v10 wet near-miss (123 Mm3, 81% water)",154.9,8.25,8.00,7.20,9.40,5,1,0
"v10 wet near-miss (123 Mm3, 81% water)",155.0,8.07,8.00,6.50,9.10,6,1,0
"v10 wet near-miss (123 Mm3, 81% water)",155.1,7.88,8.00,6.50,9.10,6,1,0
"v10 wet near-miss (123 Mm3, 81% water)",155.2,7.70,8.00,6.50,9.10,6,1,0
"v10 wet near-miss (123 Mm3, 81% water)",155.3,7.54,8.00,6.50,9.10,6,1,0
"v10 wet near-miss (123 Mm3, 81% water)",155.4,7.38,8.00,6.50,9.10,6,1,0
"v10 wet near-miss (123 Mm3, 81% water)",155.5,7.22,8.00,6.50,9.10,6,1,0
"v10 wet near-miss (123 Mm3, 81% water)",155.6,7.06,8.00,6.50,9.10,6,1,0
"v10 wet near-miss (123 Mm3, 81% water)",155.7,7.01,8.00,6.50,9.10,6,1,0
"v10 wet near-miss (123 Mm3, 81% water)",155.8,6.95,8.00,6.50,9.10,6,1,0
"v10 wet near-miss (123 Mm3, 81% water)",155.9,6.90,8.00,6.50,9.10,6,1,0
"v10 wet near-miss (123 Mm3, 81% water)",156.0,6.85,8.00,6.50,8.00,5,1,0
"v10 wet near-miss (123 Mm3, 81% water)",159.6,10.35,9.40,8.70,10.80,5,1,0
"v10 wet near-miss (123 Mm3, 81% water)",159.7,10.37,9.50,8.70,11.50,6,1,0
"v10 wet near-miss (123 Mm3, 81% water)",159.8,10.39,9.50,8.70,11.50,6,1,0
"v10 wet near-miss (123 Mm3, 81% water)",159.9,10.41,9.50,8.70,11.50,6,1,0
"v10 wet near-miss (123 Mm3, 81% water)",160.0,10.43,9.40,8.80,11.50,7,1,0
"v10 wet near-miss (123 Mm3, 81% water)",160.1,10.51,9.40,8.90,11.50,9,1,0
"v10 wet near-miss (123 Mm3, 81% water)",160.2,10.59,9.40,8.90,11.50,9,1,0
"v10 wet near-miss (123 Mm3, 81% water)",160.3,10.68,9.40,8.90,11.50,9,1,0
"v10 wet near-miss (123 Mm3, 81% water)",160.4,10.76,9.70,9.10,11.70,9,1,0
"v10 wet near-miss (123 Mm3, 81% water)",160.5,10.80,9.70,8.90,11.70,9,1,0
"v10 wet near-miss (123 Mm3, 81% water)",160.6,10.84,10.50,8.90,11.90,9,1,0
"v10 wet near-miss (123 Mm3, 81% water)",160.7,10.88,10.00,9.00,11.80,10,1,0
"v10 wet near-miss (123 Mm3, 81% water)",160.8,10.93,10.00,9.00,11.80,10,1,0
"v10 wet near-miss (123 Mm3, 81% water)",160.9,10.94,10.00,9.00,11.80,10,1,0
"v10 wet near-miss (123 Mm3, 81% water)",161.0,10.95,10.00,8.80,12.30,12,1,0
"v10 wet near-miss (123 Mm3, 81% water)",161.1,10.96,10.00,8.80,12.30,12,1,0
"v10 wet near-miss (123 Mm3, 81% water)",161.2,10.97,11.00,8.90,12.60,12,1,0
"v10 wet near-miss (123 Mm3, 81% water)",161.3,10.98,11.00,8.90,12.60,12,1,0
"v10 wet near-miss (123 Mm3, 81% water)",161.4,10.99,11.00,8.90,12.60,12,1,0
"v10 wet near-miss (123 Mm3, 81% water)",161.5,11.00,10.50,8.70,12.60,13,1,0
"v10 wet near-miss (123 Mm3, 81% water)",161.6,11.01,10.50,8.70,12.80,13,1,0
"v10 wet near-miss (123 Mm3, 81% water)",161.7,11.01,10.50,8.70,12.80,13,1,0
"v10 wet near-miss (123 Mm3, 81% water)",161.8,11.02,10.50,8.70,12.80,13,1,0
"v10 wet near-miss (123 Mm3, 81% water)",161.9,11.03,10.50,8.70,12.80,13,1,0
"v10 wet near-miss (123 Mm3, 81% water)",162.0,11.03,10.50,8.70,12.80,13,1,0
"v10 wet near-miss (123 Mm3, 81% water)",162.1,11.02,11.50,8.50,12.90,10,1,0
"v10 wet near-miss (123 Mm3, 81% water)",162.2,11.00,11.50,8.50,12.90,10,1,0
"v10 wet near-miss (123 Mm3, 81% water)",162.3,10.99,11.50,8.50,12.90,10,1,0
"v10 wet near-miss (123 Mm3, 81% water)",162.4,10.97,11.50,8.50,12.90,10,1,0
"v10 wet near-miss (123 Mm3, 81% water)",162.5,10.94,11.30,8.40,13.00,9,1,0
"v10 wet near-miss (123 Mm3, 81% water)",162.6,10.90,11.30,8.40,13.20,7,1,0
"v10 wet near-miss (123 Mm3, 81% water)",162.7,10.87,12.00,8.20,13.40,6,1,0
"v10 wet near-miss (123 Mm3, 81% water)",162.8,10.83,12.00,8.20,13.40,6,1,0
"v10 wet near-miss (123 Mm3, 81% water)",162.9,10.72,12.00,8.20,13.40,6,1,0
"v10 wet near-miss (123 Mm3, 81% water)",163.0,10.62,12.00,8.20,13.40,6,1,0
"v10 wet near-miss (123 Mm3, 81% water)",163.1,10.51,12.80,9.10,14.30,5,1,0
"v10 wet near-miss (123 Mm3, 81% water)",163.3,10.23,11.30,7.70,14.30,5,1,0
"v10 wet near-miss (123 Mm3, 81% water)",163.4,10.05,11.30,7.70,14.30,5,1,0
"v10 wet near-miss (123 Mm3, 81% water)",163.5,9.87,12.60,7.70,30.60,6,1,0
"v10 wet near-miss (123 Mm3, 81% water)",165.0,8.95,13.70,9.10,33.80,5,0,0
"v10 wet near-miss (123 Mm3, 81% water)",166.3,6.81,12.60,11.30,16.50,5,0,0
"v10 wet near-miss (123 Mm3, 81% water)",166.4,6.58,12.60,11.30,16.50,5,0,0
"v10 wet near-miss (123 Mm3, 81% water)",166.5,6.56,12.60,11.30,16.50,5,0,0
"v10 wet near-miss (123 Mm3, 81% water)",166.6,6.54,12.60,11.30,16.50,5,0,0
"v10 wet near-miss (123 Mm3, 81% water)",166.7,6.52,12.60,11.30,16.50,5,0,0
"v10 wet near-miss (123 Mm3, 81% water)",166.8,6.50,12.60,11.30,16.50,5,0,0
"v10 wet near-miss (123 Mm3, 81% water)",166.9,6.61,12.60,11.30,16.50,5,0,0
"v10 wet near-miss (123 Mm3, 81% water)",173.6,10.93,15.50,12.30,25.10,5,0,0
"v10 wet near-miss (123 Mm3, 81% water)",173.7,10.90,14.50,10.60,24.50,6,1,0
"v10 wet near-miss (123 Mm3, 81% water)",173.8,10.87,14.50,10.60,24.50,6,1,0
"v10 wet near-miss (123 Mm3, 81% water)",173.9,10.84,14.50,10.60,24.50,6,1,0
"v10 wet near-miss (123 Mm3, 81% water)",174.0,10.81,14.50,10.60,24.50,6,1,0
"v10 wet near-miss (123 Mm3, 81% water)",174.1,10.78,13.50,10.40,25.10,5,1,0
"v10 wet near-miss (123 Mm3, 81% water)",174.2,10.74,13.50,10.40,25.10,5,1,0
"v10 wet near-miss (123 Mm3, 81% water)",174.3,10.71,13.50,10.40,25.10,5,1,0
"v10 wet near-miss (123 Mm3, 81% water)",174.4,10.68,13.50,10.40,25.10,5,1,0
"v10 wet near-miss (123 Mm3, 81% water)",174.5,10.63,13.50,10.40,25.10,5,1,0
"v10 wet near-miss (123 Mm3, 81% water)",174.6,10.58,13.50,10.40,25.10,5,1,0
"v10 wet near-miss (123 Mm3, 81% water)",177.7,9.41,11.20,9.40,11.70,5,1,0
"v10 wet near-miss (123 Mm3, 81% water)",177.8,9.37,11.20,9.40,11.70,5,0,0
"v10 wet near-miss (123 Mm3, 81% water)",177.9,9.32,11.20,9.40,11.70,5,0,0
"v10 wet near-miss (123 Mm3, 81% water)",178.0,9.27,11.20,9.40,11.70,5,0,0
"v10 wet near-miss (123 Mm3, 81% water)",178.1,9.23,11.20,9.40,11.70,5,0,0
"v10 wet near-miss (123 Mm3, 81% water)",178.2,9.20,11.20,9.40,11.70,5,0,0
"v10 wet near-miss (123 Mm3, 81% water)",178.3,9.16,11.20,9.40,11.70,5,0,0
"v10 wet near-miss (123 Mm3, 81% water)",178.4,9.12,11.20,9.40,11.70,5,0,0
"v10 wet near-miss (123 Mm3, 81% water)",178.5,9.09,11.20,9.40,11.70,5,0,0
"v10 wet near-miss (123 Mm3, 81% water)",178.6,9.06,11.20,9.40,11.70,5,0,0
"v10 wet near-miss (123 Mm3, 81% water)",178.7,9.02,11.20,9.40,11.70,5,0,0
"v10 wet near-miss (123 Mm3, 81% water)",178.8,8.99,11.40,9.60,12.40,6,0,0
"v10 wet near-miss (123 Mm3, 81% water)",178.9,8.95,11.40,9.60,12.40,6,0,0
"v10 wet near-miss (123 Mm3, 81% water)",179.0,8.90,11.20,9.40,12.40,5,0,0
"v10 wet near-miss (123 Mm3, 81% water)",179.1,8.86,11.20,9.40,12.40,5,0,0
"v10 wet near-miss (123 Mm3, 81% water)",179.2,8.82,11.20,9.40,12.40,5,0,0
"v10 wet near-miss (123 Mm3, 81% water)",179.3,8.76,11.20,9.40,12.40,5,0,0
"v10 wet near-miss (123 Mm3, 81% water)",179.4,8.70,11.20,9.40,12.40,5,0,0
"v10 wet near-miss (123 Mm3, 81% water)",179.5,8.64,10.50,8.00,12.40,5,1,0
