arm,km,layer,x,y,bed_raw,bed,bed_env,status_L,d_L,lon_L,lat_L,z_L,slope_L,sig_L,stage_L,flags_L,status_R,d_R,lon_R,lat_R,z_R,slope_R,sig_R,stage_R,flags_R,stage,stage_n,width,Rc,turn_deg,outer,dh,dh_sig,v_super,v_lo,v_hi,v_quality,A,Q,Fr,valid_frac,changed_L,changed_R,d_pre_L,d_pre_R,d_start_L,d_start_R,d_last_L,d_last_R,prebare_L,prebare_R,dem_src_L,dem_src_R,bridged
main,0.00,s2,354788.0,3128721.3,4829.3774,4829.3774,4829.3774,open,,,,,,,,,open,,,,,,,,,,0,,,0.00,,,,,,,,,,,1.00,,,,,0.00,0.00,600.0,600.0,,,,,0
main,0.00,s2chg,354788.0,3128721.3,4829.3774,4829.3774,4829.3774,ok,125.0,85.518312,28.276005,4894.5,0.89,16.37,65.143555,no-change-in-run,open,,,,,,,,,,0,,,0.00,,,,,,,,,,,1.00,0,,95.0,,0.00,0.00,,600.0,0,,0,,0
main,0.10,s2,354743.5,3128810.6,4760.438,4760.438,4760.438,ok,55.0,85.518482,28.277095,4797.1,0.93,14.29,36.688477,no-change-in-run,open,,,,,,,,,,0,,,0.00,,,,,,,,,,,1.00,0,,45.00,,0.00,0.00,,600.0,0,,1,,0
main,0.10,s2chg,354743.5,3128810.6,4760.438,4760.438,4760.438,ok,55.0,85.518482,28.277095,4797.1,0.93,14.29,36.688477,no-change-in-run,open,,,,,,,,,,0,,,0.00,,,,,,,,,,,1.00,0,,45.00,,0.00,0.00,,600.0,0,,1,,0
main,0.20,s2,354699.0,3128899.9,4672.182,4672.182,4672.182,ok,25.00,85.518290,28.278019,4695.2,1.40,21.41,23.036621,prebare-at-trim;no-change-in-run,open,,,,,,,,,,0,,,0.00,,,,,,,,,,,1.00,0,,25.00,,0.00,0.00,,600.0,1,,1,,0
main,0.20,s2chg,354699.0,3128899.9,4672.182,4672.182,4672.182,ok,25.00,85.518290,28.278019,4695.2,1.40,21.41,23.036621,prebare-at-trim;no-change-in-run,ok,455.0,85.522552,28.279956,4987.0,0.83,12.87,314.79834,no-change-in-run,,0,480.0,,0.00,,,,,,,,,,,1.00,0,0,25.00,435.0,0.00,0.00,,,1,0,1,1,0
main,0.30,s2,354654.6,3128989.2,4593.177,4593.177,4593.177,ok,35.00,85.517735,28.278779,4612.1,0.66,10.28,18.888672,prebare-at-trim;no-change-in-run,ok,115.0,85.519004,28.279356,4718.8,1.12,17.21,125.620605,prebare-at-trim;no-change-in-run,,0,150.0,,0.00,,,,,,,,,,,1.00,0,0,35.00,115.0,0.00,0.00,,,1,1,1,1,0
main,0.30,s2chg,354654.6,3128989.2,4593.177,4593.177,4593.177,ok,35.00,85.517735,28.278779,4612.1,0.66,10.28,18.888672,prebare-at-trim;no-change-in-run,ok,115.0,85.519004,28.279356,4718.8,1.12,17.21,125.620605,prebare-at-trim;no-change-in-run,,0,150.0,,0.00,,,,,,,,,,,1.00,0,0,35.00,115.0,0.00,0.00,,,1,1,1,1,0
main,0.40,s2,354610.1,3129078.5,4529.327,4529.327,4529.327,ok,115.0,85.516545,28.279250,4549.9,0.87,13.43,20.62207,no-change-in-run,ok,75.0,85.518177,28.279992,4598.8,2.28,34.76,69.48828,prebare-at-trim;no-change-in-run,,0,190.0,,0.00,,,,,,,,,,,1.00,0,0,105.0,75.0,0.00,0.00,,,0,1,1,1,0
main,0.40,s2chg,354610.1,3129078.5,4529.327,4529.327,4529.327,ok,115.0,85.516545,28.279250,4549.9,0.87,13.43,20.62207,no-change-in-run,ok,75.0,85.518177,28.279992,4598.8,2.28,34.76,69.48828,prebare-at-trim;no-change-in-run,,0,190.0,,0.00,,,,,,,,,,,1.00,0,0,105.0,75.0,0.00,0.00,,,0,1,1,1,0
main,0.50,s2,354565.6,3129167.8,4444.2646,4444.2646,4444.2646,ok,15.00,85.516987,28.280463,4472.8,0.62,9.66,28.580078,prebare-at-trim;no-change-in-run,ok,15.00,85.517168,28.280546,4466.9,0.71,10.97,22.59961,prebare-at-trim;no-change-in-run,,0,30.00,,0.00,,,,,,,,,,,0.82,0,0,25.00,15.00,0.00,0.00,,,1,1,1,1,0
main,0.50,s2chg,354565.6,3129167.8,4444.2646,4444.2646,4444.2646,ok,15.00,85.516987,28.280463,4472.8,0.62,9.66,28.580078,prebare-at-trim;no-change-in-run,ok,15.00,85.517168,28.280546,4466.9,0.71,10.97,22.59961,prebare-at-trim;no-change-in-run,,0,30.00,,0.00,,,,,,,,,,,0.82,0,0,25.00,15.00,0.00,0.00,,,1,1,1,1,0
main,0.60,s2,354521.2,3129257.1,4235.802,4235.802,4235.802,truncated,,,,,,,,,ok,65.0,85.517157,28.281553,4392.6,0.84,12.96,156.81982,prebare-at-trim,,0,,,0.00,,,,,,,,,,,0.69,,1,,65.0,,60.0,,,,1,,1,0
main,0.60,s2chg,354521.2,3129257.1,4235.802,4235.802,4235.802,truncated,,,,,,,,,ok,65.0,85.517157,28.281553,4392.6,0.84,12.96,156.81982,prebare-at-trim,,0,,,0.00,,,,,,,,,,,0.69,,1,,65.0,,60.0,,,,1,,1,0
main,0.70,s2,354476.7,3129346.4,4164.7524,4164.7524,4164.7524,open,,,,,,,,,ok,5.00,85.516149,28.282106,4172.2,2.23,33.92,7.447754,prebare-at-trim;no-change-in-run,,0,,,0.00,,,,,,,,,,,1.00,,0,,85.0,0.00,0.00,600.0,,,1,,1,0
main,0.70,s2chg,354476.7,3129346.4,4164.7524,4164.7524,4164.7524,open,,,,,,,,,ok,5.00,85.516149,28.282106,4172.2,2.23,33.92,7.447754,prebare-at-trim;no-change-in-run,,0,,,0.00,,,,,,,,,,,1.00,,0,,85.0,0.00,0.00,600.0,,,1,,1,0
main,0.80,s2,354432.2,3129435.7,4097.9917,4097.9917,4097.9917,open,,,,,,,,,open,,,,,,,,,,0,,,0.00,,,,,,,,,,,1.00,,,,,0.00,0.00,600.0,600.0,,,,,0
main,0.80,s2chg,354432.2,3129435.7,4097.9917,4097.9917,4097.9917,open,,,,,,,,,ok,545.0,85.520582,28.285133,4339.9,2.21,33.75,241.90234,no-change-in-run,,0,,,0.00,,,,,,,,,,,1.00,,0,,485.0,0.00,0.00,600.0,,,0,,1,0
main,0.90,s2,354387.8,3129525.0,4058.6934,4058.6934,4058.6934,open,,,,,,,,,truncated,,,,,,,,,,0,,,0.00,,,,,,,,,,,0.96,,,,,0.00,0.00,600.0,390.0,,,,,0
main,0.90,s2chg,354387.8,3129525.0,4058.6934,4058.6934,4058.6934,open,,,,,,,,,truncated,,,,,,,,,,0,,,0.00,,,,,,,,,,,0.96,,,,,0.00,0.00,600.0,390.0,,,,,0
main,1.00,s2,354343.3,3129614.3,4037.8982,4037.8982,4037.8982,ok,505.0,85.510221,28.282448,4193.6,2.78,42.33,155.72046,no-change-in-run,truncated,,,,,,,,,,0,,,0.00,,,,,,,,,,,0.96,0,,485.0,,0.00,0.00,,230.0,0,,1,,0
main,1.00,s2chg,354343.3,3129614.3,4037.8982,4037.8982,4037.8982,ok,505.0,85.510221,28.282448,4193.6,2.78,42.33,155.72046,no-change-in-run,truncated,,,,,,,,,,0,,,0.00,,,,,,,,,,,0.96,0,,485.0,,0.00,0.00,,230.0,0,,1,,0
main,1.10,s2,354298.8,3129703.6,4017.2559,4017.2559,4017.2559,open,,,,,,,,,truncated,,,,,,,,,,0,,,0.00,,,,,,,,,,,0.94,,,,,0.00,0.00,600.0,350.0,,,,,0
main,1.10,s2chg,354298.8,3129703.6,4017.2559,4017.2559,4017.2559,open,,,,,,,,,ok,235.0,85.516377,28.286258,4109.4,0.85,13.09,92.19287,,92.2,1,,,0.00,,,,,,,,,,,0.94,,1,,165.0,0.00,0.00,600.0,,,0,,1,0
main,1.20,s2,354254.3,3129792.9,3996.051,3996.051,3996.051,open,,,,,,,,,truncated,,,,,,,,,,0,,,0.00,,,,,,,,,,,0.87,,,,,0.00,0.00,600.0,200.0,,,,,0
main,1.20,s2chg,354254.3,3129792.9,3996.051,3996.051,3996.051,open,,,,,,,,,truncated,,,,,,,,,,0,,,0.00,,,,,,,,,,,0.87,,,,,0.00,0.00,600.0,200.0,,,,,0
main,1.30,s2,354209.9,3129882.2,3977.782,3977.782,3977.782,open,,,,,,,,,truncated,,,,,,,,,,0,,,0.00,,,,,,,,,,,0.99,,,,,0.00,0.00,600.0,260.0,,,,,0
main,1.30,s2chg,354209.9,3129882.2,3977.782,3977.782,3977.782,open,,,,,,,,,truncated,,,,,,,,,,0,,,0.00,,,,,,,,,,,0.99,,,,,0.00,0.00,600.0,260.0,,,,,0
main,1.40,s2,354165.4,3129971.5,3951.703,3951.703,3951.703,open,,,,,,,,,truncated,,,,,,,,,,0,,,0.00,,,,,,,,,,,0.93,,,,,0.00,0.00,600.0,80.0,,,,,0
main,1.40,s2chg,354165.4,3129971.5,3951.703,3951.703,3951.703,open,,,,,,,,,truncated,,,,,,,,,,0,,,0.00,,,,,,,,,,,0.93,,,,,0.00,0.00,600.0,80.0,,,,,0
main,1.50,s2,354120.9,3130060.8,3810.5662,3810.5662,3810.5662,open,,,,,,,,,open,,,,,,,,,,0,,,0.00,,,,,,,,,,,1.00,,,,,0.00,0.00,600.0,600.0,,,,,0
main,1.50,s2chg,354120.9,3130060.8,3810.5662,3810.5662,3810.5662,open,,,,,,,,,ok,425.0,85.516242,28.290245,4109.5,1.20,18.35,298.97437,,299.0,1,,,0.00,,,,,,,,,,,1.00,,1,,125.0,0.00,0.00,600.0,,,0,,1,0
main,1.60,s2,354076.5,3130150.1,3770.5684,3770.5684,3770.5684,open,,,,,,,,,truncated,,,,,,,,,,0,,,0.00,,,,,,,,,,,0.91,,,,,0.00,0.00,600.0,450.0,,,,,0
main,1.60,s2chg,354076.5,3130150.1,3770.5684,3770.5684,3770.5684,ok,435.0,85.508068,28.287542,4008.5,1.00,15.34,237.91504,,truncated,,,,,,,,,237.9,1,,,0.00,,,,,,,,,,,0.91,1,,375.0,,0.00,0.00,,450.0,0,,1,,0
main,1.70,s2,354032.0,3130239.4,3749.348,3749.348,3749.348,open,,,,,,,,,truncated,,,,,,,,,,0,,,0.00,,,,,,,,,,,0.90,,,,,0.00,0.00,600.0,410.0,,,,,0
main,1.70,s2chg,354032.0,3130239.4,3749.348,3749.348,3749.348,open,,,,,,,,,truncated,,,,,,,,,,0,,,0.00,,,,,,,,,,,0.90,,,,,0.00,0.00,600.0,410.0,,,,,0
main,1.80,s2,353987.5,3130328.7,3737.2017,3737.2017,3737.2017,truncated,,,,,,,,,truncated,,,,,,,,,,0,,,0.00,,,,,,,,,,,0.85,,,,,0.00,0.00,580.0,170.0,,,,,0
main,1.80,s2chg,353987.5,3130328.7,3737.2017,3737.2017,3737.2017,ok,565.0,85.505960,28.288608,4143.8,1.07,19.16,406.5547,,truncated,,,,,,,,,406.6,1,,,0.00,,,,,,,,,,,0.85,1,,265.0,,0.00,0.00,,170.0,0,,0,,0
main,1.90,s2,353943.1,3130418.0,3714.782,3714.782,3714.782,truncated,,,,,,,,,truncated,,,,,,,,,,0,,,0.00,,,,,,,,,,,0.96,,,,,0.00,0.00,580.0,280.0,,,,,0
main,1.90,s2chg,353943.1,3130418.0,3714.782,3714.782,3714.782,ok,345.0,85.507491,28.290316,3897.0,0.88,13.61,182.23877,,truncated,,,,,,,,,182.2,1,,,0.00,,,,,,,,,,,0.96,1,,265.0,,0.00,0.00,,280.0,0,,1,,0
main,2.00,s2,353898.6,3130507.3,3706.519,3706.519,3706.519,open,,,,,,,,,open,,,,,,,,,,0,,,0.00,,,,,,,,,,,1.00,,,,,0.00,0.00,600.0,600.0,,,,,0
main,2.00,s2chg,353898.6,3130507.3,3706.519,3706.519,3706.519,open,,,,,,,,,open,,,,,,,,,,0,,,0.00,,,,,,,,,,,1.00,,,,,0.00,0.00,600.0,600.0,,,,,0
main,2.10,s2,353854.1,3130596.6,3684.747,3684.747,3684.747,truncated,,,,,,,,,truncated,,,,,,,,,,0,,,0.00,,,,,,,,,,,0.97,,,,,0.00,0.00,590.0,340.0,,,,,0
main,2.10,s2chg,353854.1,3130596.6,3684.747,3684.747,3684.747,ok,495.0,85.505201,28.291299,3985.6,0.93,14.40,300.8059,no-change-in-run,truncated,,,,,,,,,,0,,,0.00,,,,,,,,,,,0.97,0,,445.0,,0.00,0.00,,340.0,0,,1,,0
main,2.20,s2,353809.6,3130685.9,3668.067,3668.067,3668.067,truncated,,,,,,,,,open,,,,,,,,side-valley,,0,,,0.00,,,,,,,,,,,0.97,,,,,0.00,0.00,560.0,600.0,,,,,0
main,2.20,s2chg,353809.6,3130685.9,3668.067,3668.067,3668.067,truncated,,,,,,,,,ok,495.0,85.513625,28.296140,3876.3,0.84,13.05,208.2273,side-valley,,0,,,0.00,,,,,,,,,,,0.97,,1,,465.0,0.00,0.00,560.0,,,0,,1,0
main,2.30,s2,353765.2,3130775.2,3660.6736,3660.6736,3660.6736,truncated,,,,,,,,,open,,,,,,,,side-valley,,0,,,0.00,,,,,,,,,,,0.97,,,,,0.00,0.00,560.0,600.0,,,,,0
main,2.30,s2chg,353765.2,3130775.2,3660.6736,3660.6736,3660.6736,truncated,,,,,,,,,ok,585.0,85.513977,28.297312,3944.1,0.90,13.92,283.4065,side-valley,,0,,,0.00,,,,,,,,,,,0.97,,1,,505.0,0.00,0.00,560.0,,,0,,1,0
main,2.40,s2,353720.7,3130864.5,3651.481,3651.481,3651.481,truncated,,,,,,,,,open,,,,,,,,side-valley,,0,,,0.00,,,,,,,,,,,0.94,,,,,0.00,0.00,530.0,600.0,,,,,0
main,2.40,s2chg,353720.7,3130864.5,3651.481,3651.481,3651.481,truncated,,,,,,,,,ok,565.0,85.513331,28.298030,3947.5,0.90,13.96,296.05664,side-valley;no-change-in-run,,0,,,0.00,,,,,,,,,,,0.94,,0,,545.0,0.00,0.00,530.0,,,0,,1,0
main,2.50,s2,353676.2,3130953.8,3639.3638,3639.3638,3639.3638,truncated,,,,,,,,,ok,555.0,85.512775,28.298790,3956.1,0.37,5.94,316.71997,prebare-at-trim;no-change-in-run,,0,,,0.00,,,,,,,,,,,0.92,,0,,555.0,0.00,0.00,500.0,,,1,,1,0
main,2.50,s2chg,353676.2,3130953.8,3639.3638,3639.3638,3639.3638,truncated,,,,,,,,,ok,555.0,85.512775,28.298790,3956.1,0.37,5.94,316.71997,prebare-at-trim;no-change-in-run,,0,,,0.00,,,,,,,,,,,0.92,,0,,555.0,0.00,0.00,500.0,,,1,,1,0
main,2.60,s2,353631.8,3131043.1,3629.4927,3629.4927,3629.4927,truncated,,,,,,,,,ok,575.0,85.512492,28.299673,3962.9,0.44,7.06,333.36084,side-valley,,0,,,0.00,,,,,,,,,,,0.88,,1,,565.0,0.00,0.00,450.0,,,0,,1,0
main,2.60,s2chg,353631.8,3131043.1,3629.4927,3629.4927,3629.4927,truncated,,,,,,,,,ok,575.0,85.512492,28.299673,3962.9,0.44,7.06,333.36084,side-valley,,0,,,0.00,,,,,,,,,,,0.88,,1,,565.0,0.00,0.00,450.0,,,0,,1,0
main,2.70,s2,353587.3,3131132.4,3634.9573,3629.4927,3629.4927,truncated,,,,,,,,,ok,555.0,85.511846,28.300392,3963.3,0.55,8.63,333.83276,side-valley;no-change-in-run,,0,,,0.00,,,,,,,,,,,0.80,,0,,535.0,0.00,0.00,360.0,,,0,,1,0
main,2.70,s2chg,353587.3,3131132.4,3634.9573,3629.4927,3629.4927,truncated,,,,,,,,,ok,555.0,85.511846,28.300392,3963.3,0.55,8.63,333.83276,side-valley;no-change-in-run,,0,,,0.00,,,,,,,,,,,0.80,,0,,535.0,0.00,0.00,360.0,,,0,,1,0
main,2.80,s2,353542.8,3131221.7,3630.502,3629.4927,3629.4927,truncated,,,,,,,,,ok,515.0,85.511019,28.301028,3937.9,0.45,7.13,308.42993,side-valley;no-change-in-run,,0,,,0.00,,,,,,,,,,,0.71,,0,,115.0,0.00,0.00,110.0,,,0,,1,0
main,2.80,s2chg,353542.8,3131221.7,3630.502,3629.4927,3629.4927,truncated,,,,,,,,,ok,155.0,85.507753,28.299544,3659.7,0.43,6.85,30.215332,side-valley;no-change-in-run,,0,,,0.00,,,,,,,,,,,0.71,,0,,115.0,0.00,0.00,110.0,,,0,,1,0
main,2.90,s2,353498.4,3131311.0,3622.485,3622.485,3622.485,truncated,,,,,,,,,truncated,,,,,,,,side-valley,,0,,,0.00,,,,,,,,,,,0.57,,,,,50.00,10.00,200.0,150.0,,,,,0
main,2.90,s2chg,353498.4,3131311.0,3622.485,3622.485,3622.485,truncated,,,,,,,,,truncated,,,,,,,,side-valley,,0,,,0.00,,,,,,,,,,,0.57,,,,,50.00,10.00,200.0,150.0,,,,,0
main,3.00,s2,353453.9,3131400.3,3604.7632,3604.7632,3604.7632,truncated,,,,,,,,,truncated,,,,,,,,,,0,,102752.9,0.17,,,,,,,,,,,0.51,,,,,0.00,0.00,0.00,70.0,,,,,0
main,3.00,s2chg,353453.9,3131400.3,3604.7632,3604.7632,3604.7632,truncated,,,,,,,,,truncated,,,,,,,,,,0,,102752.9,0.17,,,,,,,,,,,0.51,,,,,0.00,0.00,0.00,70.0,,,,,0
main,3.10,s2,353409.4,3131489.6,3590.7424,3590.7424,3590.7424,truncated,,,,,,,,,ok,405.0,85.508625,28.302980,3844.6,0.70,10.95,253.81445,side-valley,,0,,26145.4,0.66,,,,,,,,,,,0.48,,1,,385.0,,30.00,,,,0,,1,0
main,3.10,s2chg,353409.4,3131489.6,3590.7424,3590.7424,3590.7424,truncated,,,,,,,,,ok,405.0,85.508625,28.302980,3844.6,0.70,10.95,253.81445,side-valley,,0,,26145.4,0.66,,,,,,,,,,,0.48,,1,,385.0,,30.00,,,,0,,1,0
main,3.20,s2,353364.9,3131578.9,3570.2214,3570.2214,3570.2214,truncated,,,,,,,,,ok,425.0,85.508341,28.303865,3838.2,0.44,6.97,267.96826,side-valley,,0,,7252.1,2.36,,,,,,,,,,,0.50,,1,,215.0,0.00,0.00,0.00,,,0,,1,0
main,3.20,s2chg,353364.9,3131578.9,3570.2214,3570.2214,3570.2214,truncated,,,,,,,,,ok,245.0,85.506709,28.303121,3716.4,0.67,10.46,146.21509,side-valley;no-change-in-run,,0,,7252.1,2.36,,,,,,,,,,,0.50,,0,,215.0,0.00,0.00,0.00,,,0,,1,0
main,3.30,s2,353319.7,3131667.8,3552.6812,3552.6812,3552.6812,truncated,,,,,,,,side-valley,ok,455.0,85.508087,28.304875,3823.9,0.50,7.91,271.25708,,271.3,1,,3163.8,5.41,,,,,,,,,,,0.50,,1,,145.0,,10.00,,,,0,,1,0
main,3.30,s2chg,353319.7,3131667.8,3552.6812,3552.6812,3552.6812,truncated,,,,,,,,side-valley,ok,175.0,85.505582,28.303662,3657.1,0.69,10.73,104.409424,no-change-in-run,,0,,3163.8,5.41,,,,,,,,,,,0.50,,0,,145.0,,10.00,,,,0,,1,0
main,3.40,s2,353273.0,3131755.8,3534.8005,3534.8005,3534.8005,truncated,,,,,,,,side-valley,truncated,,,,,,,,,,0,,1092.1,15.46,,,,,,,,,,,0.45,,,,,,,,,,,,,0
main,3.40,s2chg,353273.0,3131755.8,3534.8005,3534.8005,3534.8005,truncated,,,,,,,,side-valley,truncated,,,,,,,,,,0,,1092.1,15.46,,,,,,,,,,,0.45,,,,,,,,,,,,,0
main,3.50,s2,353220.7,3131840.8,3516.8284,3516.8284,3516.8284,truncated,,,,,,,,,truncated,,,,,,,,,,0,,1323.3,12.53,,,,,,,,,,,0.45,,,,,,,,,,,,,0
main,3.50,s2chg,353220.7,3131840.8,3516.8284,3516.8284,3516.8284,truncated,,,,,,,,,truncated,,,,,,,,,,0,,1323.3,12.53,,,,,,,,,,,0.45,,,,,,,,,,,,,0
main,3.60,s2,353161.4,3131920.6,3501.9268,3501.9268,3501.9268,truncated,,,,,,,,,truncated,,,,,,,,,,0,,1963.4,8.39,,,,,,,,,,,0.45,,,,,,,,,,,,,0
main,3.60,s2chg,353161.4,3131920.6,3501.9268,3501.9268,3501.9268,truncated,,,,,,,,,truncated,,,,,,,,,,0,,1963.4,8.39,,,,,,,,,,,0.45,,,,,,,,,,,,,0
main,3.70,s2,353077.8,3131968.2,3493.313,3493.313,3493.313,truncated,,,,,,,,,truncated,,,,,,,,,,0,,2405.5,6.84,,,,,,,,,,,0.43,,,,,,,,,,,,,0
main,3.70,s2chg,353077.8,3131968.2,3493.313,3493.313,3493.313,truncated,,,,,,,,,truncated,,,,,,,,,,0,,2405.5,6.84,,,,,,,,,,,0.43,,,,,,,,,,,,,0
main,3.80,s2,353036.5,3132050.0,3489.637,3489.637,3489.637,truncated,,,,,,,,,truncated,,,,,,,,,,0,,2829.3,5.79,,,,,,,,,,,0.43,,,,,,,,,,,,,0
main,3.80,s2chg,353036.5,3132050.0,3489.637,3489.637,3489.637,truncated,,,,,,,,,truncated,,,,,,,,,,0,,2829.3,5.79,,,,,,,,,,,0.43,,,,,,,,,,,,,0
main,3.90,s2,352982.4,3132130.7,3485.6868,3485.6868,3485.6868,truncated,,,,,,,,,truncated,,,,,,,,,,0,,3803.9,4.31,,,,,,,,,,,0.40,,,,,,,,,,,,,0
main,3.90,s2chg,352982.4,3132130.7,3485.6868,3485.6868,3485.6868,truncated,,,,,,,,,truncated,,,,,,,,,,0,,3803.9,4.31,,,,,,,,,,,0.40,,,,,,,,,,,,,0
main,4.00,s2,352910.8,3132200.2,3481.808,3481.808,3481.808,truncated,,,,,,,,,truncated,,,,,,,,,,0,,2576.5,6.49,,,,,,,,,,,0.31,,,,,,,,,,,,,0
main,4.00,s2chg,352910.8,3132200.2,3481.808,3481.808,3481.808,truncated,,,,,,,,,truncated,,,,,,,,,,0,,2576.5,6.49,,,,,,,,,,,0.31,,,,,,,,,,,,,0
main,4.10,s2,352866.0,3132288.4,3472.8235,3472.8235,3472.8235,truncated,,,,,,,,,truncated,,,,,,,,,,0,,4255.0,3.98,,,,,,,,,,,0.21,,,,,,,,,,,,,0
main,4.10,s2chg,352866.0,3132288.4,3472.8235,3472.8235,3472.8235,truncated,,,,,,,,,truncated,,,,,,,,,,0,,4255.0,3.98,,,,,,,,,,,0.21,,,,,,,,,,,,,0
main,4.20,s2,352808.0,3132369.5,3463.0256,3463.0256,3463.0256,truncated,,,,,,,,,truncated,,,,,,,,,,0,,2706.2,6.30,,,,,,,,,,,0.18,,,,,,,,,,,,,0
main,4.20,s2chg,352808.0,3132369.5,3463.0256,3463.0256,3463.0256,truncated,,,,,,,,,truncated,,,,,,,,,,0,,2706.2,6.30,,,,,,,,,,,0.18,,,,,,,,,,,,,0
main,5.50,s2,351894.1,3133221.8,3244.1963,3244.1963,3244.1963,truncated,,,,,,,,side-valley,truncated,,,,,,,,,,0,,1728.6,9.34,,,,,,,,,,,0.10,,,,,,,,,,,,,0
main,5.50,s2chg,351894.1,3133221.8,3244.1963,3244.1963,3244.1963,truncated,,,,,,,,side-valley,truncated,,,,,,,,,,0,,1728.6,9.34,,,,,,,,,,,0.10,,,,,,,,,,,,,0
main,5.60,s2,351806.2,3133266.4,3218.491,3218.491,3218.491,truncated,,,,,,,,side-valley,truncated,,,,,,,,,,0,,336.7,48.28,,,,,,,,,,,0.12,,,,,,,,,,,,,0
main,5.60,s2chg,351806.2,3133266.4,3218.491,3218.491,3218.491,truncated,,,,,,,,side-valley,truncated,,,,,,,,,,0,,336.7,48.28,,,,,,,,,,,0.12,,,,,,,,,,,,,0
main,6.00,s2,351837.5,3133614.2,3137.7957,3137.7957,3137.7957,truncated,,,,,,,,,truncated,,,,,,,,,,0,,367.3,46.37,,,,,,,,,,,0.10,,,,,,,,,,,,,0
main,6.00,s2chg,351837.5,3133614.2,3137.7957,3137.7957,3137.7957,truncated,,,,,,,,,truncated,,,,,,,,,,0,,367.3,46.37,,,,,,,,,,,0.10,,,,,,,,,,,,,0
main,6.10,s2,351807.3,3133707.4,3118.6816,3118.6816,3118.6816,truncated,,,,,,,,,truncated,,,,,,,,,,0,,361.6,46.33,,,,,,,,,,,0.11,,,,,,,,,,,,,0
main,6.10,s2chg,351807.3,3133707.4,3118.6816,3118.6816,3118.6816,truncated,,,,,,,,,truncated,,,,,,,,,,0,,361.6,46.33,,,,,,,,,,,0.11,,,,,,,,,,,,,0
main,6.20,s2,351762.9,3133796.8,3103.848,3103.848,3103.848,truncated,,,,,,,,,truncated,,,,,,,,,,0,,615.6,27.01,,,,,,,,,,,0.30,,,,,,,,,,,,,0
main,6.20,s2chg,351762.9,3133796.8,3103.848,3103.848,3103.848,truncated,,,,,,,,,truncated,,,,,,,,,,0,,615.6,27.01,,,,,,,,,,,0.30,,,,,,,,,,,,,0
main,6.30,s2,351698.7,3133873.1,3088.9976,3088.9976,3088.9976,truncated,,,,,,,,side-valley,truncated,,,,,,,,side-valley,,0,,4854.4,3.50,,,,,,,,,,,0.31,,,,,,,,,,,,,0
main,6.30,s2chg,351698.7,3133873.1,3088.9976,3088.9976,3088.9976,truncated,,,,,,,,side-valley,truncated,,,,,,,,side-valley,,0,,4854.4,3.50,,,,,,,,,,,0.31,,,,,,,,,,,,,0
main,6.40,s2,351640.9,3133954.3,3072.208,3072.208,3072.208,truncated,,,,,,,,,truncated,,,,,,,,side-valley,,0,,72915.9,0.23,,,,,,,,,,,0.33,,,,,,,,,,,,,0
main,6.40,s2chg,351640.9,3133954.3,3072.208,3072.208,3072.208,truncated,,,,,,,,,truncated,,,,,,,,side-valley,,0,,72915.9,0.23,,,,,,,,,,,0.33,,,,,,,,,,,,,0
main,6.50,s2,351589.4,3134039.8,3054.3538,3054.3538,3054.3538,truncated,,,,,,,,side-valley,truncated,,,,,,,,,,0,,1700.3,9.89,,,,,,,,,,,0.40,,,,,,,,,,,,,0
main,6.50,s2chg,351589.4,3134039.8,3054.3538,3054.3538,3054.3538,truncated,,,,,,,,side-valley,truncated,,,,,,,,,,0,,1700.3,9.89,,,,,,,,,,,0.40,,,,,,,,,,,,,0
main,6.60,s2,351541.9,3134127.2,3033.4734,3033.4734,3033.4734,truncated,,,,,,,,side-valley,truncated,,,,,,,,side-valley,,0,,1311.5,12.78,,,,,,,,,,,0.44,,,,,,,,,,,,,0
main,6.60,s2chg,351541.9,3134127.2,3033.4734,3033.4734,3033.4734,truncated,,,,,,,,side-valley,truncated,,,,,,,,side-valley,,0,,1311.5,12.78,,,,,,,,,,,0.44,,,,,,,,,,,,,0
main,6.70,s2,351475.6,3134201.6,3020.1619,3020.1619,3020.1619,truncated,,,,,,,,,truncated,,,,,,,,side-valley,,0,,448.6,37.78,,,,,,,,,,,0.37,,,,,,,,,,,,,0
main,6.70,s2chg,351475.6,3134201.6,3020.1619,3020.1619,3020.1619,truncated,,,,,,,,,truncated,,,,,,,,side-valley,,0,,448.6,37.78,,,,,,,,,,,0.37,,,,,,,,,,,,,0
main,6.80,s2,351465.0,3134299.1,3006.326,3006.326,3006.326,truncated,,,,,,,,,truncated,,,,,,,,side-valley,,0,,541.7,30.63,,,,,,,,,,,0.47,,,,,,,,,,,,,0
main,6.80,s2chg,351465.0,3134299.1,3006.326,3006.326,3006.326,truncated,,,,,,,,,truncated,,,,,,,,side-valley,,0,,541.7,30.63,,,,,,,,,,,0.47,,,,,,,,,,,,,0
main,6.90,s2,351449.4,3134397.2,2991.311,2991.311,2991.311,truncated,,,,,,,,,truncated,,,,,,,,side-valley,,0,,467.9,35.36,,,,,,,,,,,0.56,,,,,,,,,,,,,0
main,6.90,s2chg,351449.4,3134397.2,2991.311,2991.311,2991.311,truncated,,,,,,,,,truncated,,,,,,,,side-valley,,0,,467.9,35.36,,,,,,,,,,,0.56,,,,,,,,,,,,,0
main,7.00,s2,351495.5,3134484.3,2974.3372,2974.3372,2974.3372,truncated,,,,,,,,side-valley,truncated,,,,,,,,,,0,,2213.8,7.37,,,,,,,,,,,0.74,,,,,0.00,0.00,50.00,0.00,,,,,0
main,7.00,s2chg,351495.5,3134484.3,2974.3372,2974.3372,2974.3372,truncated,,,,,,,,side-valley,truncated,,,,,,,,,,0,,2213.8,7.37,,,,,,,,,,,0.74,,,,,0.00,0.00,50.00,0.00,,,,,0
main,7.10,s2,351489.8,3134582.7,2960.426,2960.426,2960.426,truncated,,,,,,,,,truncated,,,,,,,,,,0,,1989.7,8.27,,,,,,,,,,,0.92,,,,,0.00,0.00,10.00,50.00,,,,,0
main,7.10,s2chg,351489.8,3134582.7,2960.426,2960.426,2960.426,truncated,,,,,,,,,truncated,,,,,,,,,,0,,1989.7,8.27,,,,,,,,,,,0.92,,,,,0.00,0.00,10.00,50.00,,,,,0
main,7.20,s2,351529.6,3134668.6,2946.8423,2946.8423,2946.8423,truncated,,,,,,,,,truncated,,,,,,,,,,0,,762.4,20.43,,,,,,,,,,,0.89,,,,,0.00,0.00,0.00,30.00,,,,,0
main,7.20,s2chg,351529.6,3134668.6,2946.8423,2946.8423,2946.8423,truncated,,,,,,,,,truncated,,,,,,,,,,0,,762.4,20.43,,,,,,,,,,,0.89,,,,,0.00,0.00,0.00,30.00,,,,,0
main,7.30,s2,351551.9,3134764.6,2931.3906,2931.3906,2931.3906,open,,,,,,,,side-valley,ok,435.0,85.489955,28.329968,3039.6,0.94,14.53,108.23486,,108.2,1,,297.4,50.6,,,,,,,,,,,1.00,,1,,25.00,0.00,0.00,600.0,,,0,,1,0
main,7.30,s2chg,351551.9,3134764.6,2931.3906,2931.3906,2931.3906,open,,,,,,,,side-valley,ok,95.0,85.486545,28.330525,2948.8,0.22,3.79,17.456543,,17.46,1,,297.4,50.6,,,,,,,,,,,1.00,,1,,25.00,0.00,0.00,600.0,,,0,,1,0
main,7.40,s2,351556.1,3134864.0,2916.0144,2916.0144,2916.0144,truncated,,,,,,,,sharp-bend,truncated,,,,,,,,sharp-bend;side-valley,,0,,203.3,84.5,,,,,,,,,,,0.69,,,,,,,,,,,,,0
main,7.40,s2chg,351556.1,3134864.0,2916.0144,2916.0144,2916.0144,truncated,,,,,,,,sharp-bend,truncated,,,,,,,,sharp-bend;side-valley,,0,,203.3,84.5,,,,,,,,,,,0.69,,,,,,,,,,,,,0
main,7.50,s2,351511.7,3134925.7,2903.5498,2903.5498,2903.5498,truncated,,,,,,,,sharp-bend;bridged-centreline,truncated,,,,,,,,sharp-bend;bridged-centreline;side-valley,,0,,217.5,80.0,,,,,,,,,,,0.55,,,,,,,,,,,,,1
main,7.50,s2chg,351511.7,3134925.7,2903.5498,2903.5498,2903.5498,truncated,,,,,,,,sharp-bend;bridged-centreline,truncated,,,,,,,,sharp-bend;bridged-centreline;side-valley,,0,,217.5,80.0,,,,,,,,,,,0.55,,,,,,,,,,,,,1
main,7.60,s2,351412.1,3134936.2,2887.795,2887.795,2887.795,truncated,,,,,,,,bridged-centreline,truncated,,,,,,,,bridged-centreline;side-valley,,0,,342.8,44.83,,,,,,,,,,,0.64,,,,,20.00,,210.0,,,,,,1
main,7.60,s2chg,351412.1,3134936.2,2887.795,2887.795,2887.795,truncated,,,,,,,,bridged-centreline,truncated,,,,,,,,bridged-centreline;side-valley,,0,,342.8,44.83,,,,,,,,,,,0.64,,,,,20.00,,210.0,,,,,,1
main,7.70,s2,351312.5,3134946.6,2872.1428,2872.1428,2872.1428,ok,235.0,85.482962,28.330220,3063.8,1.26,19.39,191.66577,bridged-centreline,truncated,,,,,,,,bridged-centreline,,0,,1256.6,12.74,,,,,,,,,,,0.50,1,,,,30.00,,,,0,,1,,1
main,7.70,s2chg,351312.5,3134946.6,2872.1428,2872.1428,2872.1428,ok,235.0,85.482962,28.330220,3063.8,1.26,19.39,191.66577,bridged-centreline,truncated,,,,,,,,bridged-centreline,,0,,1256.6,12.74,,,,,,,,,,,0.50,1,,,,30.00,,,,0,,1,,1
main,7.80,s2,351212.9,3134957.1,2863.0159,2863.0159,2863.0159,truncated,,,,,,,,bridged-centreline,truncated,,,,,,,,bridged-centreline,,0,,,0.00,,,,,,,,,,,0.53,,,,,,,,,,,,,1
main,7.80,s2chg,351212.9,3134957.1,2863.0159,2863.0159,2863.0159,truncated,,,,,,,,bridged-centreline,truncated,,,,,,,,bridged-centreline,,0,,,0.00,,,,,,,,,,,0.53,,,,,,,,,,,,,1
main,7.90,s2,351113.3,3134967.5,2850.2285,2850.2285,2850.2285,truncated,,,,,,,,bridged-centreline,truncated,,,,,,,,bridged-centreline,,0,,,0.00,,,,,,,,,,,0.86,,,,,0.00,0.00,470.0,410.0,,,,,1
main,7.90,s2chg,351113.3,3134967.5,2850.2285,2850.2285,2850.2285,truncated,,,,,,,,bridged-centreline,truncated,,,,,,,,bridged-centreline,,0,,,0.00,,,,,,,,,,,0.86,,,,,0.00,0.00,470.0,410.0,,,,,1
main,8.00,s2,351013.6,3134978.0,2835.5342,2835.5342,2835.5342,open,,,,,,,,bridged-centreline,truncated,,,,,,,,bridged-centreline,,0,,,0.00,,,,,,,,,,,0.95,,,,,0.00,0.00,600.0,380.0,,,,,1
main,8.00,s2chg,351013.6,3134978.0,2835.5342,2835.5342,2835.5342,open,,,,,,,,bridged-centreline,truncated,,,,,,,,bridged-centreline,,0,,,0.00,,,,,,,,,,,0.95,,,,,0.00,0.00,600.0,380.0,,,,,1
main,8.10,s2,350914.0,3134988.4,2825.259,2825.259,2825.259,open,,,,,,,,bridged-centreline,truncated,,,,,,,,bridged-centreline,,0,,,0.00,,,,,,,,,,,0.97,,,,,0.00,0.00,600.0,390.0,,,,,1
main,8.10,s2chg,350914.0,3134988.4,2825.259,2825.259,2825.259,ok,425.0,85.478714,28.328845,3171.5,0.95,14.72,346.2224,bridged-centreline,truncated,,,,,,,,bridged-centreline,,0,,,0.00,,,,,,,,,,,0.97,1,,115.0,,0.00,0.00,,380.0,0,,1,,1
main,8.20,s2,350814.4,3134998.9,2814.4663,2814.4663,2814.4663,truncated,,,,,,,,bridged-centreline,truncated,,,,,,,,bridged-centreline,,0,,,0.00,,,,,,,,,,,0.88,,,,,0.00,0.00,520.0,300.0,,,,,1
main,8.20,s2chg,350814.4,3134998.9,2814.4663,2814.4663,2814.4663,truncated,,,,,,,,bridged-centreline,truncated,,,,,,,,bridged-centreline,,0,,,0.00,,,,,,,,,,,0.88,,,,,0.00,0.00,520.0,300.0,,,,,1
main,8.30,s2,350714.8,3135009.3,2807.6218,2807.6218,2807.6218,truncated,,,,,,,,bridged-centreline,open,,,,,,,,bridged-centreline,,0,,,0.00,,,,,,,,,,,0.83,,,,,0.00,0.00,390.0,600.0,,,,,1
main,8.30,s2chg,350714.8,3135009.3,2807.6218,2807.6218,2807.6218,truncated,,,,,,,,bridged-centreline,open,,,,,,,,bridged-centreline,,0,,,0.00,,,,,,,,,,,0.83,,,,,0.00,0.00,390.0,600.0,,,,,1
main,8.40,s2,350615.1,3135019.8,2795.9785,2795.9785,2795.9785,ok,295.0,85.475784,28.330262,3017.1,0.67,10.38,221.09717,bridged-centreline,ok,585.0,85.476598,28.338080,3080.2,0.59,9.19,284.2036,bridged-centreline;side-valley,,0,880.0,,0.00,,,,,,,,,,,0.85,1,1,105.0,55.0,0.00,0.00,,,0,0,1,1,1
main,8.40,s2chg,350615.1,3135019.8,2795.9785,2795.9785,2795.9785,ok,295.0,85.475784,28.330262,3017.1,0.67,10.38,221.09717,bridged-centreline,ok,315.0,85.476345,28.335654,2903.8,0.21,6.12,107.80664,bridged-centreline;side-valley,,0,610.0,,0.00,,,,,,,,,,,0.85,1,1,105.0,55.0,0.00,0.00,,,0,0,1,0,1
main,8.50,s2,350515.5,3135030.2,2783.0574,2783.0574,2783.0574,truncated,,,,,,,,bridged-centreline,ok,505.0,85.475506,28.337444,3030.3,0.48,7.58,247.19824,bridged-centreline;side-valley,,0,,,0.00,,,,,,,,,,,0.92,,1,,85.0,0.00,0.00,450.0,,,0,,1,1
main,8.50,s2chg,350515.5,3135030.2,2783.0574,2783.0574,2783.0574,truncated,,,,,,,,bridged-centreline,ok,505.0,85.475506,28.337444,3030.3,0.48,7.58,247.19824,bridged-centreline;side-valley,,0,,,0.00,,,,,,,,,,,0.92,,1,,85.0,0.00,0.00,450.0,,,0,,1,1
main,8.60,s2,350415.9,3135040.7,2766.7234,2766.7234,2766.7234,ok,215.0,85.473824,28.331147,2937.7,0.62,9.72,171.02222,bridged-centreline,ok,435.0,85.474423,28.336898,2971.1,0.97,15.01,204.32837,bridged-centreline;side-valley,,0,650.0,,0.00,,,,,,,,,,,0.87,1,1,,75.0,0.00,0.00,,,0,0,1,1,1
main,8.60,s2chg,350415.9,3135040.7,2766.7234,2766.7234,2766.7234,ok,215.0,85.473824,28.331147,2937.7,0.62,9.72,171.02222,bridged-centreline,ok,435.0,85.474423,28.336898,2971.1,0.97,15.01,204.32837,bridged-centreline;side-valley,,0,650.0,,0.00,,,,,,,,,,,0.87,1,1,,75.0,0.00,0.00,,,0,0,1,1,1
main,8.70,s2,350316.3,3135051.1,2759.431,2759.431,2759.431,ok,385.0,85.472648,28.329702,3015.0,0.79,12.21,255.57935,bridged-centreline,ok,395.0,85.473368,28.336622,2894.5,1.31,20.03,135.03027,bridged-centreline;side-valley,,0,780.0,,0.00,,,,,,,,,,,0.88,1,1,,135.0,0.00,0.00,,,0,0,1,1,1
main,8.70,s2chg,350316.3,3135051.1,2759.431,2759.431,2759.431,ok,385.0,85.472648,28.329702,3015.0,0.79,12.21,255.57935,bridged-centreline,ok,395.0,85.473368,28.336622,2894.5,1.31,20.03,135.03027,bridged-centreline;side-valley,,0,780.0,,0.00,,,,,,,,,,,0.88,1,1,,135.0,0.00,0.00,,,0,0,1,1,1
main,8.80,s2,350216.6,3135061.6,2740.0486,2740.0486,2740.0486,truncated,,,,,,,,bridged-centreline,ok,515.0,85.472463,28.337783,2928.6,0.48,7.65,188.51855,bridged-centreline,,0,,,0.00,,,,,,,,,,,0.79,,1,,175.0,0.00,0.00,340.0,,,0,,1,1
main,8.80,s2chg,350216.6,3135061.6,2740.0486,2740.0486,2740.0486,truncated,,,,,,,,bridged-centreline,ok,515.0,85.472463,28.337783,2928.6,0.48,7.65,188.51855,bridged-centreline,,0,,,0.00,,,,,,,,,,,0.79,,1,,175.0,0.00,0.00,340.0,,,0,,1,1
main,8.90,s2,350117.0,3135072.0,2752.411,2740.0486,2740.0486,ok,275.0,85.470716,28.330856,2916.0,0.73,11.32,175.91211,bridged-centreline,ok,405.0,85.471343,28.336877,2889.7,0.72,11.22,149.67236,bridged-centreline,,0,680.0,,0.00,,,,,,,,,,,0.81,1,1,,85.0,0.00,0.00,,,0,0,1,1,1
main,8.90,s2chg,350117.0,3135072.0,2752.411,2740.0486,2740.0486,ok,275.0,85.470716,28.330856,2916.0,0.73,11.32,175.91211,bridged-centreline,ok,175.0,85.471128,28.334810,2774.8,0.34,7.85,34.77124,bridged-centreline,,0,450.0,,0.00,,,,,,,,,,,0.81,1,1,,85.0,0.00,0.00,,,0,0,1,0,1
main,9.00,s2,350017.4,3135082.5,2717.4375,2717.4375,2717.4375,ok,165.0,85.469801,28.331928,2850.2,0.53,10.77,132.79395,bridged-centreline,ok,355.0,85.470278,28.336511,2813.1,0.96,14.75,95.70752,bridged-centreline,,0,520.0,,0.00,,,,,,,,,,,0.88,1,1,65.0,115.0,0.00,0.00,,,0,0,0,1,1
main,9.00,s2chg,350017.4,3135082.5,2717.4375,2717.4375,2717.4375,ok,165.0,85.469801,28.331928,2850.2,0.53,10.77,132.79395,bridged-centreline,ok,205.0,85.470138,28.335163,2746.0,0.37,8.39,28.554443,bridged-centreline,,0,370.0,,0.00,,,,,,,,,,,0.88,1,1,65.0,115.0,0.00,0.00,,,0,0,0,0,1
main,9.10,s2,349917.8,3135092.9,2705.0261,2705.0261,2705.0261,ok,145.0,85.468803,28.332190,2863.7,0.55,11.05,158.7041,bridged-centreline,ok,375.0,85.469280,28.336773,2810.2,0.59,9.21,105.15747,bridged-centreline,,0,520.0,,0.00,,,,,,,,,,,0.93,1,1,125.0,145.0,0.00,0.00,,,0,0,0,1,1
main,9.10,s2chg,349917.8,3135092.9,2705.0261,2705.0261,2705.0261,ok,145.0,85.468803,28.332190,2863.7,0.55,11.05,158.7041,bridged-centreline,ok,375.0,85.469280,28.336773,2810.2,0.59,9.21,105.15747,bridged-centreline,,0,520.0,,0.00,,,,,,,,,,,0.93,1,1,125.0,145.0,0.00,0.00,,,0,0,0,1,1
main,9.20,s2,349818.1,3135103.4,2695.1138,2695.1138,2695.1138,ok,95.0,85.467832,28.332723,2878.3,0.77,11.99,183.23218,bridged-centreline,ok,395.0,85.468281,28.337036,2808.8,0.61,9.60,113.690674,bridged-centreline,,0,490.0,,0.00,,,,,,,,,,,1.00,1,1,,185.0,0.00,0.00,,,0,0,1,1,1
main,9.20,s2chg,349818.1,3135103.4,2695.1138,2695.1138,2695.1138,ok,95.0,85.467832,28.332723,2878.3,0.77,11.99,183.23218,bridged-centreline,ok,395.0,85.468281,28.337036,2808.8,0.61,9.60,113.690674,bridged-centreline,,0,490.0,,0.00,,,,,,,,,,,1.00,1,1,,185.0,0.00,0.00,,,0,0,1,1,1
main,9.30,s2,349718.5,3135113.8,2687.3508,2687.3508,2687.3508,ok,55.0,85.466852,28.333165,2858.4,0.70,10.95,171.08545,bridged-centreline,ok,405.0,85.467273,28.337209,2808.4,0.71,10.98,121.03784,bridged-centreline,,0,460.0,,0.00,,,,,,,,,,,1.00,1,1,,195.0,0.00,0.00,,,0,0,1,1,1
main,9.30,s2chg,349718.5,3135113.8,2687.3508,2687.3508,2687.3508,ok,55.0,85.466852,28.333165,2858.4,0.70,10.95,171.08545,bridged-centreline,ok,405.0,85.467273,28.337209,2808.4,0.71,10.98,121.03784,bridged-centreline,,0,460.0,,0.00,,,,,,,,,,,1.00,1,1,,195.0,0.00,0.00,,,0,0,1,1,1
main,9.40,s2,349618.9,3135124.3,2707.8042,2687.3508,2687.3508,ok,45.00,85.465844,28.333338,2835.6,1.24,18.98,148.26392,bridged-centreline,ok,395.0,85.466246,28.337202,2782.4,0.99,15.20,95.045654,bridged-centreline;side-valley,,0,440.0,,0.00,,,,,,,,,,,1.00,1,1,,245.0,0.00,0.00,,,0,0,1,1,1
main,9.40,s2chg,349618.9,3135124.3,2707.8042,2687.3508,2687.3508,ok,45.00,85.465844,28.333338,2835.6,1.24,18.98,148.26392,bridged-centreline,ok,395.0,85.466246,28.337202,2782.4,0.99,15.20,95.045654,bridged-centreline;side-valley,,0,440.0,,0.00,,,,,,,,,,,1.00,1,1,,245.0,0.00,0.00,,,0,0,1,1,1
main,9.50,s2,349519.3,3135134.7,2700.088,2687.3508,2687.3508,no-bare,,,,,,,,bridged-centreline,ok,415.0,85.465248,28.337464,2774.0,0.64,10.00,86.608154,bridged-centreline,,0,,,0.00,,,,,,,,,,,1.00,,1,,255.0,,40.00,,,,0,,1,1
main,9.50,s2chg,349519.3,3135134.7,2700.088,2687.3508,2687.3508,no-bare,,,,,,,,bridged-centreline,ok,415.0,85.465248,28.337464,2774.0,0.64,10.00,86.608154,bridged-centreline,,0,,,0.00,,,,,,,,,,,1.00,,1,,255.0,,40.00,,,,0,,1,1
main,9.60,s2,349419.6,3135145.2,2686.9197,2686.9197,2686.9197,no-bare,,,,,,,,bridged-centreline,ok,455.0,85.464268,28.337907,2778.9,0.55,8.69,91.97583,bridged-centreline,,0,,,0.00,,,,,,,,,,,1.00,,1,,,,70.0,,,,0,,1,1
main,9.60,s2chg,349419.6,3135145.2,2686.9197,2686.9197,2686.9197,no-bare,,,,,,,,bridged-centreline,ok,175.0,85.464006,28.335391,2677.1,0.51,8.08,-9.816406,bridged-centreline,,0,,,0.00,,,,,,,,,,,1.00,,1,,,,70.0,,,,0,,1,1
main,9.70,s2,349320.0,3135155.6,2697.5376,2686.9197,2686.9197,no-bare,,,,,,,,bridged-centreline,ok,485.0,85.463278,28.338259,2753.6,0.91,14.02,66.64502,bridged-centreline,,0,,,0.00,,,,,,,,,,,0.98,,1,,,,80.0,,,,0,,1,1
main,9.70,s2chg,349320.0,3135155.6,2697.5376,2686.9197,2686.9197,no-bare,,,,,,,,bridged-centreline,ok,175.0,85.462988,28.335473,2681.2,0.76,11.76,-5.721924,bridged-centreline,,0,,,0.00,,,,,,,,,,,0.98,,1,,,,80.0,,,,0,,1,1
main,9.80,s2,349220.4,3135166.1,2710.909,2686.9197,2686.9197,ok,25.00,85.461793,28.333849,2831.3,0.69,10.78,144.42041,bridged-centreline,ok,465.0,85.462242,28.338162,2740.1,0.47,7.51,53.227295,bridged-centreline,,0,490.0,,0.00,,,,,,,,,,,1.00,1,1,,285.0,0.00,0.00,,,0,0,1,1,1
main,9.80,s2chg,349220.4,3135166.1,2710.909,2686.9197,2686.9197,ok,25.00,85.461793,28.333849,2831.3,0.69,10.78,144.42041,bridged-centreline,ok,465.0,85.462242,28.338162,2740.1,0.47,7.51,53.227295,bridged-centreline,,0,490.0,,0.00,,,,,,,,,,,1.00,1,1,,285.0,0.00,0.00,,,0,0,1,1,1
main,9.90,s2,349120.8,3135176.5,2704.4446,2686.9197,2686.9197,ok,55.0,85.460748,28.333662,2855.1,0.93,14.29,168.21875,bridged-centreline,ok,475.0,85.461234,28.338335,2773.8,0.68,10.63,86.86963,bridged-centreline,,0,530.0,,0.00,,,,,,,,,,,1.00,1,1,,,0.00,0.00,,,0,0,1,1,1
main,9.90,s2chg,349120.8,3135176.5,2704.4446,2686.9197,2686.9197,ok,55.0,85.460748,28.333662,2855.1,0.93,14.29,168.21875,bridged-centreline,ok,175.0,85.460954,28.335639,2691.9,0.80,12.34,4.998535,bridged-centreline,,0,230.0,,0.00,,,,,,,,,,,1.00,1,1,,,0.00,0.00,,,0,0,1,1,1
main,10.00,s2,349021.1,3135187.0,2689.6682,2689.6682,2686.9197,ok,185.0,85.459609,28.332577,2958.3,0.72,11.27,268.59863,bridged-centreline,ok,455.0,85.460198,28.338238,2739.8,0.74,11.51,50.137695,bridged-centreline,,0,640.0,,0.00,,,,,,,,,,,1.00,1,1,,,0.00,0.00,,,0,0,1,1,1
main,10.00,s2chg,349021.1,3135187.0,2689.6682,2689.6682,2686.9197,ok,185.0,85.459609,28.332577,2958.3,0.72,11.27,268.59863,bridged-centreline,ok,265.0,85.460020,28.336531,2641.9,0.14,5.27,-47.753662,bridged-centreline,,0,450.0,,0.00,,,,,,,,,,,1.00,1,1,,,0.00,0.00,,,0,0,1,0,1
main,10.10,s2,348921.5,3135197.4,2678.0244,2678.0244,2678.0244,truncated,,,,,,,,bridged-centreline,ok,565.0,85.459283,28.339309,2810.3,0.99,15.18,132.2893,bridged-centreline;prebare-at-trim,,0,,,0.00,,,,,,,,,,,0.98,,1,,,0.00,0.00,140.0,,,1,,1,1
main,10.10,s2chg,348921.5,3135197.4,2678.0244,2678.0244,2678.0244,truncated,,,,,,,,bridged-centreline,ok,225.0,85.458966,28.336254,2634.9,0.47,9.88,-43.128174,bridged-centreline,,0,,,0.00,,,,,,,,,,,0.98,,1,,,0.00,0.00,140.0,,,0,,0,1
main,10.20,s2,348821.9,3135207.9,2660.0344,2660.0344,2660.0344,no-bare,,,,,,,,bridged-centreline,open,,,,,,,,bridged-centreline,,0,,,0.00,,,,,,,,,,,1.00,,,,,,20.00,,600.0,,,,,1
main,10.20,s2chg,348821.9,3135207.9,2660.0344,2660.0344,2660.0344,no-bare,,,,,,,,bridged-centreline,ok,205.0,85.457929,28.336157,2629.9,1.08,16.67,-30.165771,bridged-centreline,,0,,,0.00,,,,,,,,,,,1.00,,1,,,,20.00,,,,0,,1,1
main,10.30,s2,348722.3,3135218.3,2635.839,2635.839,2635.839,no-bare,,,,,,,,bridged-centreline,open,,,,,,,,bridged-centreline,,0,,,0.00,,,,,,,,,,,1.00,,,,,,30.00,,600.0,,,,,1
main,10.30,s2chg,348722.3,3135218.3,2635.839,2635.839,2635.839,no-bare,,,,,,,,bridged-centreline,ok,545.0,85.457230,28.339295,2785.6,0.94,14.43,149.75122,bridged-centreline,,0,,,0.00,,,,,,,,,,,1.00,,1,,285.0,,30.00,,,,0,,1,1
main,10.40,s2,348622.6,3135228.8,2632.1213,2632.1213,2632.1213,no-bare,,,,,,,,bridged-centreline,open,,,,,,,,bridged-centreline,,0,,,0.00,,,,,,,,,,,1.00,,,,,,40.00,,600.0,,,,,1
main,10.40,s2chg,348622.6,3135228.8,2632.1213,2632.1213,2632.1213,no-bare,,,,,,,,bridged-centreline,ok,455.0,85.456128,28.338569,2717.1,0.46,7.37,84.98926,bridged-centreline,,0,,,0.00,,,,,,,,,,,1.00,,1,,195.0,,40.00,,,,0,,1,1
main,10.50,s2,348523.0,3135239.2,2603.0942,2603.0942,2603.0942,no-bare,,,,,,,,bridged-centreline,ok,525.0,85.455176,28.339281,2765.6,0.96,14.79,162.46387,bridged-centreline,,0,,,0.00,,,,,,,,,,,0.90,,1,,205.0,,30.00,,,,0,,1,1
main,10.50,s2chg,348523.0,3135239.2,2603.0942,2603.0942,2603.0942,no-bare,,,,,,,,bridged-centreline,ok,225.0,85.454896,28.336585,2597.3,1.00,15.46,-5.841797,bridged-centreline,,0,,,0.00,,,,,,,,,,,0.90,,1,,205.0,,30.00,,,,0,,1,1
main,10.60,s2,348423.4,3135249.7,2552.185,2552.185,2552.185,ok,15.00,85.453664,28.334601,2637.8,0.90,13.95,85.583984,bridged-centreline,ok,475.0,85.454112,28.338915,2729.7,0.86,13.26,177.52637,bridged-centreline,,0,490.0,,0.00,,,,,,,,,,,0.86,1,1,,235.0,0.00,0.00,,,0,0,1,1,1
main,10.60,s2chg,348423.4,3135249.7,2552.185,2552.185,2552.185,ok,15.00,85.453664,28.334601,2637.8,0.90,13.95,85.583984,bridged-centreline,ok,475.0,85.454112,28.338915,2729.7,0.86,13.26,177.52637,bridged-centreline,,0,490.0,,0.00,,,,,,,,,,,0.86,1,1,,235.0,0.00,0.00,,,0,0,1,1,1
main,10.70,s2,348323.8,3135260.1,2550.0469,2550.0469,2550.0469,ok,85.0,85.452581,28.334055,2667.5,0.92,14.13,117.43994,bridged-centreline,ok,405.0,85.453029,28.338368,2680.0,0.45,7.21,129.92993,bridged-centreline,,0,490.0,,0.00,,,,,,,,,,,0.82,1,1,,85.0,0.00,0.00,,,0,0,1,1,1
main,10.70,s2chg,348323.8,3135260.1,2550.0469,2550.0469,2550.0469,ok,85.0,85.452581,28.334055,2667.5,0.92,14.13,117.43994,bridged-centreline,ok,405.0,85.453029,28.338368,2680.0,0.45,7.21,129.92993,bridged-centreline,,0,490.0,,0.00,,,,,,,,,,,0.82,1,1,,85.0,0.00,0.00,,,0,0,1,1,1
main,10.80,s2,348224.1,3135270.6,2543.693,2543.693,2543.693,ok,115.0,85.451535,28.333868,2661.6,0.71,10.97,117.87671,bridged-centreline,ok,375.0,85.451984,28.338182,2668.8,0.40,6.49,125.08496,bridged-centreline,,0,490.0,,0.00,,,,,,,,,,,0.87,1,1,,45.00,0.00,0.00,,,0,0,1,1,1
main,10.80,s2chg,348224.1,3135270.6,2543.693,2543.693,2543.693,ok,115.0,85.451535,28.333868,2661.6,0.71,10.97,117.87671,bridged-centreline,ok,375.0,85.451984,28.338182,2668.8,0.40,6.49,125.08496,bridged-centreline,,0,490.0,,0.00,,,,,,,,,,,0.87,1,1,,45.00,0.00,0.00,,,0,0,1,1,1
main,10.90,s2,348124.5,3135281.0,2522.305,2522.305,2522.305,ok,145.0,85.450490,28.333681,2668.4,0.54,8.52,146.11694,bridged-centreline,ok,315.0,85.450910,28.337725,2645.3,0.30,4.96,122.98486,bridged-centreline,,0,460.0,,0.00,,,,,,,,,,,0.95,1,1,,,0.00,0.00,,,0,0,1,1,1
main,10.90,s2chg,348124.5,3135281.0,2522.305,2522.305,2522.305,ok,145.0,85.450490,28.333681,2668.4,0.54,8.52,146.11694,bridged-centreline,ok,315.0,85.450910,28.337725,2645.3,0.30,4.96,122.98486,bridged-centreline,,0,460.0,,0.00,,,,,,,,,,,0.95,1,1,,,0.00,0.00,,,0,0,1,1,1
main,11.00,s2,348024.9,3135291.5,2514.516,2514.516,2514.516,ok,175.0,85.449445,28.333494,2652.0,1.05,16.14,137.49072,bridged-centreline,ok,285.0,85.449865,28.337538,2651.3,0.64,10.00,136.7893,bridged-centreline,,0,460.0,,0.00,,,,,,,,,,,0.96,1,1,5.00,5.00,0.00,0.00,,,0,0,1,1,1
main,11.00,s2chg,348024.9,3135291.5,2514.516,2514.516,2514.516,ok,175.0,85.449445,28.333494,2652.0,1.05,16.14,137.49072,bridged-centreline,ok,285.0,85.449865,28.337538,2651.3,0.64,10.00,136.7893,bridged-centreline,,0,460.0,,0.00,,,,,,,,,,,0.96,1,1,5.00,5.00,0.00,0.00,,,0,0,1,1,1
main,11.10,s2,347925.3,3135301.9,2500.968,2500.968,2500.968,ok,245.0,85.448362,28.332948,2617.4,0.48,7.63,116.4209,bridged-centreline;side-valley,ok,185.0,85.448754,28.336722,2632.1,1.96,29.89,131.12842,bridged-centreline,,0,430.0,,0.00,,,,,,,,,,,1.00,1,1,35.00,,0.00,0.00,,,0,0,1,1,1
main,11.10,s2chg,347925.3,3135301.9,2500.968,2500.968,2500.968,ok,245.0,85.448362,28.332948,2617.4,0.48,7.63,116.4209,bridged-centreline;side-valley,ok,185.0,85.448754,28.336722,2632.1,1.96,29.89,131.12842,bridged-centreline,,0,430.0,,0.00,,,,,,,,,,,1.00,1,1,35.00,,0.00,0.00,,,0,0,1,1,1
main,11.20,s2,347825.6,3135312.4,2462.553,2462.553,2462.553,ok,225.0,85.447363,28.333211,2685.3,0.92,14.25,222.71289,bridged-centreline;side-valley,ok,115.0,85.447671,28.336176,2553.5,1.20,21.19,90.98291,bridged-centreline,,0,340.0,,0.00,,,,,,,,,,,1.00,1,1,55.0,5.00,0.00,0.00,,,0,0,1,0,1
main,11.20,s2chg,347825.6,3135312.4,2462.553,2462.553,2462.553,ok,225.0,85.447363,28.333211,2685.3,0.92,14.25,222.71289,bridged-centreline;side-valley,ok,115.0,85.447671,28.336176,2553.5,1.20,21.19,90.98291,bridged-centreline,,0,340.0,,0.00,,,,,,,,,,,1.00,1,1,55.0,5.00,0.00,0.00,,,0,0,1,0,1
main,11.30,s2,347726.0,3135322.8,2451.2085,2451.2085,2451.2085,ok,205.0,85.446365,28.333473,2673.5,0.95,14.62,222.31323,bridged-centreline;side-valley,ok,195.0,85.446729,28.336978,2570.6,1.14,17.46,119.38379,bridged-centreline,,0,400.0,,0.00,,,,,,,,,,,1.00,1,1,5.00,25.00,0.00,0.00,,,0,0,1,1,1
main,11.30,s2chg,347726.0,3135322.8,2451.2085,2451.2085,2451.2085,ok,205.0,85.446365,28.333473,2673.5,0.95,14.62,222.31323,bridged-centreline;side-valley,ok,195.0,85.446729,28.336978,2570.6,1.14,17.46,119.38379,bridged-centreline,,0,400.0,,0.00,,,,,,,,,,,1.00,1,1,5.00,25.00,0.00,0.00,,,0,0,1,1,1
main,11.40,s2,347626.4,3135333.3,2441.436,2441.436,2441.436,ok,155.0,85.445394,28.334005,2630.5,0.99,15.25,189.0896,bridged-centreline;side-valley,ok,285.0,85.445795,28.337869,2652.3,0.50,10.20,210.8418,bridged-centreline,,0,440.0,,0.00,,,,,,,,,,,1.00,1,1,15.00,75.0,0.00,0.00,,,0,0,1,0,1
main,11.40,s2chg,347626.4,3135333.3,2441.436,2441.436,2441.436,ok,155.0,85.445394,28.334005,2630.5,0.99,15.25,189.0896,bridged-centreline;side-valley,ok,285.0,85.445795,28.337869,2652.3,0.50,10.20,210.8418,bridged-centreline,,0,440.0,,0.00,,,,,,,,,,,1.00,1,1,15.00,75.0,0.00,0.00,,,0,0,1,0,1
main,11.50,s2,347526.8,3135343.7,2435.2605,2435.2605,2435.2605,ok,135.0,85.444395,28.334267,2596.4,0.60,9.36,161.15405,bridged-centreline,ok,355.0,85.444843,28.338581,2527.9,1.53,26.49,92.630615,bridged-centreline,,0,490.0,,0.00,,,,,,,,,,,1.00,1,1,15.00,85.0,0.00,0.00,,,0,0,1,0,1
main,11.50,s2chg,347526.8,3135343.7,2435.2605,2435.2605,2435.2605,ok,135.0,85.444395,28.334267,2596.4,0.60,9.36,161.15405,bridged-centreline,ok,305.0,85.444796,28.338132,2589.5,1.68,28.86,154.26562,bridged-centreline,,0,440.0,,0.00,,,,,,,,,,,1.00,1,1,15.00,85.0,0.00,0.00,,,0,0,1,0,1
main,11.60,s2,347427.1,3135354.2,2434.2996,2434.2996,2434.2996,ok,125.0,85.443387,28.334440,2563.3,1.41,21.59,128.98486,bridged-centreline,ok,195.0,85.443676,28.337226,2611.4,0.63,12.27,177.0581,bridged-centreline,,0,320.0,,0.00,,,,,,,,,,,1.00,1,1,35.00,115.0,0.00,0.00,,,0,0,1,0,1
main,11.60,s2chg,347427.1,3135354.2,2434.2996,2434.2996,2434.2996,ok,125.0,85.443387,28.334440,2563.3,1.41,21.59,128.98486,bridged-centreline,ok,195.0,85.443676,28.337226,2611.4,0.63,12.27,177.0581,bridged-centreline,,0,320.0,,0.00,,,,,,,,,,,1.00,1,1,35.00,115.0,0.00,0.00,,,0,0,1,0,1
main,11.70,s2,347327.5,3135364.6,2413.4236,2413.4236,2413.4236,truncated,,,,,,,,bridged-centreline,ok,185.0,85.442650,28.337219,2526.8,3.12,47.38,113.35669,bridged-centreline,,0,,3340.2,5.12,,,,,,,,,,,0.93,,1,,55.0,0.00,0.00,100.0,,,0,,1,1
main,11.70,s2chg,347327.5,3135364.6,2413.4236,2413.4236,2413.4236,truncated,,,,,,,,bridged-centreline,ok,185.0,85.442650,28.337219,2526.8,3.12,47.38,113.35669,bridged-centreline,,0,,3340.2,5.12,,,,,,,,,,,0.93,,1,,55.0,0.00,0.00,100.0,,,0,,1,1
main,11.80,s2,347227.9,3135375.1,2400.3901,2400.3901,2400.3901,truncated,,,,,,,,bridged-centreline,ok,305.0,85.441668,28.338385,2491.4,2.88,43.77,90.97412,bridged-centreline;side-valley,,0,,1351.7,12.64,,,,,,,,,,,0.98,,1,,75.0,0.00,0.00,150.0,,,0,,1,1
main,11.80,s2chg,347227.9,3135375.1,2400.3901,2400.3901,2400.3901,truncated,,,,,,,,bridged-centreline,ok,135.0,85.441553,28.336854,2420.9,1.44,22.03,20.507568,bridged-centreline;side-valley,,0,,1351.7,12.64,,,,,,,,,,,0.98,,1,,75.0,0.00,0.00,150.0,,,0,,1,1
main,11.90,s2,347128.3,3135385.5,2384.1965,2384.1965,2384.1965,truncated,,,,,,,,bridged-centreline,ok,235.0,85.440298,28.337838,2486.1,0.96,14.83,101.85498,bridged-centreline;side-valley,,0,,789.2,21.84,,,,,,,,,,,0.98,,1,,15.00,0.00,0.00,80.0,,,0,,1,1
main,11.90,s2chg,347128.3,3135385.5,2384.1965,2384.1965,2384.1965,truncated,,,,,,,,bridged-centreline,ok,235.0,85.440298,28.337838,2486.1,0.96,14.83,101.85498,bridged-centreline;side-valley,,0,,789.2,21.84,,,,,,,,,,,0.98,,1,,15.00,0.00,0.00,80.0,,,0,,1,1
main,12.00,s2,347031.1,3135369.1,2377.496,2377.496,2377.496,ok,265.0,85.439996,28.333309,2556.3,1.32,23.03,178.83228,prebare-at-trim,ok,235.0,85.438982,28.337639,2522.6,0.73,11.31,145.11548,side-valley,,0,500.0,762.7,22.51,R,-33.72,25.66,,,,,,,,1.00,1,1,85.0,,0.00,0.00,,,1,0,0,1,0
main,12.00,s2chg,347031.1,3135369.1,2377.496,2377.496,2377.496,ok,255.0,85.439975,28.333398,2544.1,1.25,21.99,166.646,,ok,235.0,85.438982,28.337639,2522.6,0.73,11.31,145.11548,side-valley,166.6,1,490.0,762.7,22.51,R,-21.53,24.73,,,,,,,,1.00,1,1,85.0,,0.00,0.00,,,0,0,0,1,0
main,12.10,s2,346935.0,3135340.9,2367.714,2367.714,2367.714,ok,245.0,85.439319,28.333306,2601.7,1.59,24.37,233.9607,side-valley,ok,275.0,85.437540,28.337631,2530.7,0.70,10.96,162.97778,,163.0,1,520.0,901.5,18.94,R,-71.0,26.72,,,,,,,,1.00,1,1,85.0,,0.00,0.00,,,0,0,1,1,0
main,12.10,s2chg,346935.0,3135340.9,2367.714,2367.714,2367.714,ok,245.0,85.439319,28.333306,2601.7,1.59,24.37,233.9607,side-valley,ok,275.0,85.437540,28.337631,2530.7,0.70,10.96,162.97778,,163.0,1,520.0,901.5,18.94,R,-71.0,26.72,,,,,,,,1.00,1,1,85.0,,0.00,0.00,,,0,0,1,1,0
main,12.20,s2,346842.1,3135304.2,2356.7827,2356.7827,2356.7827,ok,215.0,85.438444,28.333282,2556.7,1.59,27.38,199.92383,,ok,205.0,85.436676,28.336635,2492.4,0.74,11.53,135.63086,,167.8,2,420.0,1327.8,12.83,R,-64.3,29.71,,,,,,,,1.00,1,1,55.0,25.00,0.00,0.00,,,0,0,0,1,0
main,12.20,s2chg,346842.1,3135304.2,2356.7827,2356.7827,2356.7827,ok,125.0,85.438056,28.334018,2415.0,0.81,15.02,58.176514,,ok,205.0,85.436676,28.336635,2492.4,0.74,11.53,135.63086,,96.9,2,330.0,1327.8,12.83,R,77.5,18.94,55.3,35.27,84.1,strong,16082,755836,1.79,1.00,1,1,55.0,25.00,0.00,0.00,,,0,0,0,1,0
main,12.30,s2,346753.2,3135258.8,2351.9504,2351.9504,2351.9504,ok,145.0,85.437277,28.333450,2470.3,1.30,22.75,118.369385,,ok,235.0,85.435589,28.336436,2493.9,0.82,12.68,141.96973,,130.2,2,380.0,1579.3,10.74,R,23.60,26.04,,,,,,,,1.00,1,1,75.0,55.0,0.00,0.00,,,0,0,0,1,0
main,12.30,s2chg,346753.2,3135258.8,2351.9504,2351.9504,2351.9504,ok,145.0,85.437277,28.333450,2470.3,1.30,22.75,118.369385,,ok,235.0,85.435589,28.336436,2493.9,0.82,12.68,141.96973,,130.2,2,380.0,1579.3,10.74,R,23.60,26.04,,,,,,,,1.00,1,1,75.0,55.0,0.00,0.00,,,0,0,0,1,0
main,12.40,s2,346665.9,3135212.0,2343.8462,2343.8462,2343.8462,ok,195.0,85.436729,28.332665,2552.6,1.23,18.90,208.73315,,ok,265.0,85.434422,28.336175,2466.6,0.44,7.09,122.72168,,165.7,2,460.0,900.0,18.57,R,-86.0,20.19,,,,,,,,1.00,1,1,55.0,55.0,0.00,0.00,,,0,0,1,1,0
main,12.40,s2chg,346665.9,3135212.0,2343.8462,2343.8462,2343.8462,ok,195.0,85.436729,28.332665,2552.6,1.23,18.90,208.73315,,ok,265.0,85.434422,28.336175,2466.6,0.44,7.09,122.72168,,165.7,2,460.0,900.0,18.57,R,-86.0,20.19,,,,,,,,1.00,1,1,55.0,55.0,0.00,0.00,,,0,0,1,1,0
main,12.50,s2,346582.6,3135162.3,2332.7458,2332.7458,2332.7458,ok,95.0,85.435484,28.333054,2414.9,1.13,17.43,82.19946,,ok,265.0,85.433257,28.335522,2508.9,1.22,18.70,176.18018,,129.2,2,360.0,765.9,21.89,R,94.0,25.56,44.29,27.73,68.1,strong,23208,873653,1.24,1.00,1,1,15.00,65.0,0.00,0.00,,,0,0,1,1,0
main,12.50,s2chg,346582.6,3135162.3,2332.7458,2332.7458,2332.7458,ok,95.0,85.435484,28.333054,2414.9,1.13,17.43,82.19946,,ok,265.0,85.433257,28.335522,2508.9,1.22,18.70,176.18018,,129.2,2,360.0,765.9,21.89,R,94.0,25.56,44.29,27.73,68.1,strong,23208,873653,1.24,1.00,1,1,15.00,65.0,0.00,0.00,,,0,0,1,1,0
main,12.60,s2,346506.6,3135102.4,2325.3506,2325.3506,2325.3506,ok,95.0,85.434824,28.332594,2390.5,0.87,13.41,65.170166,,ok,255.0,85.432255,28.334655,2524.1,1.20,18.45,198.75244,,132.0,2,350.0,1326.5,12.30,R,133.6,22.81,70.5,47.09,103.9,strong,23744,1422341,1.96,1.00,1,1,35.00,25.00,0.00,0.00,,,0,0,1,1,0
main,12.60,s2chg,346506.6,3135102.4,2325.3506,2325.3506,2325.3506,ok,95.0,85.434824,28.332594,2390.5,0.87,13.41,65.170166,,ok,255.0,85.432255,28.334655,2524.1,1.20,18.45,198.75244,,132.0,2,350.0,1326.5,12.30,R,133.6,22.81,70.5,47.09,103.9,strong,23744,1422341,1.96,1.00,1,1,35.00,25.00,0.00,0.00,,,0,0,1,1,0
main,12.70,s2,346463.3,3135015.2,2317.9758,2317.9758,2317.9758,ok,85.0,85.434336,28.331880,2384.8,0.82,12.67,66.8728,,ok,325.0,85.431228,28.334218,2502.0,1.07,19.14,184.05078,,125.5,2,410.0,2026.1,8.06,L,-117.2,22.96,,,,,,,,1.00,1,1,65.0,55.0,0.00,0.00,,,0,0,1,0,0
main,12.70,s2chg,346463.3,3135015.2,2317.9758,2317.9758,2317.9758,ok,85.0,85.434336,28.331880,2384.8,0.82,12.67,66.8728,,ok,325.0,85.431228,28.334218,2502.0,1.07,19.14,184.05078,,125.5,2,410.0,2026.1,8.06,L,-117.2,22.96,,,,,,,,1.00,1,1,65.0,55.0,0.00,0.00,,,0,0,1,0,0
main,12.80,s2,346401.0,3134941.3,2312.6118,2312.6118,2312.6118,ok,105.0,85.433747,28.330985,2426.1,0.69,10.71,113.44141,,ok,335.0,85.430913,28.333946,2490.5,1.11,19.74,177.85254,,145.6,2,440.0,796.3,20.95,L,-64.4,22.46,,,,,,,,1.00,1,1,75.0,65.0,0.00,0.00,,,0,0,1,0,0
main,12.80,s2chg,346401.0,3134941.3,2312.6118,2312.6118,2312.6118,ok,105.0,85.433747,28.330985,2426.1,0.69,10.71,113.44141,,ok,335.0,85.430913,28.333946,2490.5,1.11,19.74,177.85254,,145.6,2,440.0,796.3,20.95,L,-64.4,22.46,,,,,,,,1.00,1,1,75.0,65.0,0.00,0.00,,,0,0,1,0,0
main,12.90,s2,346310.0,3134908.0,2302.9348,2302.9348,2302.9348,ok,265.0,85.433728,28.329467,2406.4,0.95,14.60,103.45093,side-valley,ok,275.0,85.430541,28.333330,2458.4,1.06,16.35,155.5122,,155.5,1,540.0,914.3,17.93,L,-52.1,21.92,,,,,,,,1.00,1,1,5.00,25.00,0.00,0.00,,,0,0,1,1,0
main,12.90,s2chg,346310.0,3134908.0,2302.9348,2302.9348,2302.9348,ok,265.0,85.433728,28.329467,2406.4,0.95,14.60,103.45093,side-valley,ok,275.0,85.430541,28.333330,2458.4,1.06,16.35,155.5122,,155.5,1,540.0,914.3,17.93,L,-52.1,21.92,,,,,,,,1.00,1,1,5.00,25.00,0.00,0.00,,,0,0,1,1,0
main,13.00,s2,346231.6,3134846.2,2292.5898,2292.5898,2292.5898,ok,215.0,85.432429,28.329146,2405.2,1.73,29.74,112.563965,side-valley,ok,275.0,85.430017,28.332916,2460.3,1.07,16.40,167.70752,,167.7,1,490.0,708.0,23.38,L,-55.1,33.96,,,,,,,,1.00,1,1,15.00,35.00,0.00,0.00,,,0,0,0,1,0
main,13.00,s2chg,346231.6,3134846.2,2292.5898,2292.5898,2292.5898,ok,215.0,85.432429,28.329146,2405.2,1.73,29.74,112.563965,side-valley,ok,275.0,85.430017,28.332916,2460.3,1.07,16.40,167.70752,,167.7,1,490.0,708.0,23.38,L,-55.1,33.96,,,,,,,,1.00,1,1,15.00,35.00,0.00,0.00,,,0,0,0,1,0
main,13.10,s2,346146.2,3134796.5,2284.5366,2284.5366,2284.5366,ok,165.0,85.431150,28.329009,2427.0,1.51,26.08,142.45044,side-valley,ok,275.0,85.429427,28.332577,2422.2,0.75,11.71,137.65869,,137.7,1,440.0,583.6,29.06,L,4.79,28.59,,,,,,,,1.00,1,1,65.0,45.00,0.00,0.00,,,0,0,0,1,0
main,13.10,s2chg,346146.2,3134796.5,2284.5366,2284.5366,2284.5366,ok,165.0,85.431150,28.329009,2427.0,1.51,26.08,142.45044,side-valley,ok,275.0,85.429427,28.332577,2422.2,0.75,11.71,137.65869,,137.7,1,440.0,583.6,29.06,L,4.79,28.59,,,,,,,,1.00,1,1,65.0,45.00,0.00,0.00,,,0,0,0,1,0
main,13.20,s2,346048.1,3134776.0,2279.5422,2279.5422,2279.5422,ok,145.0,85.429660,28.328884,2446.3,1.46,25.41,166.75586,,ok,265.0,85.429236,28.332474,2413.9,0.84,12.96,134.396,side-valley,166.8,1,410.0,494.7,34.59,L,32.36,28.52,19.57,4.94,36.58,weak,,,0.51,0.95,1,1,45.00,35.00,0.00,0.00,,,0,0,0,1,0
main,13.20,s2chg,346048.1,3134776.0,2279.5422,2279.5422,2279.5422,ok,145.0,85.429660,28.328884,2446.3,1.46,25.41,166.75586,,ok,265.0,85.429236,28.332474,2413.9,0.84,12.96,134.396,side-valley,166.8,1,410.0,494.7,34.59,L,32.36,28.52,19.57,4.94,36.58,weak,,,0.51,0.95,1,1,45.00,35.00,0.00,0.00,,,0,0,0,1,0
main,13.30,s2,345951.5,3134783.0,2272.5293,2272.5293,2272.5293,ok,175.0,85.428438,28.328660,2421.3,1.35,20.65,148.75,,ok,165.0,85.428609,28.331634,2353.1,1.49,22.78,80.57178,,114.7,2,340.0,962.5,17.33,L,68.2,30.74,43.51,23.66,71.4,strong,21653,800859,1.30,1.00,1,1,75.0,15.00,0.00,0.00,,,0,0,1,1,0
main,13.30,s2chg,345951.5,3134783.0,2272.5293,2272.5293,2272.5293,ok,175.0,85.428438,28.328660,2421.3,1.35,20.65,148.75,,ok,165.0,85.428609,28.331634,2353.1,1.49,22.78,80.57178,,114.7,2,340.0,962.5,17.33,L,68.2,30.74,43.51,23.66,71.4,strong,21653,800859,1.30,1.00,1,1,75.0,15.00,0.00,0.00,,,0,0,1,1,0
main,13.40,s2,345853.5,3134793.6,2265.6272,2265.6272,2265.6272,ok,255.0,85.427112,28.328050,2442.6,0.61,12.00,177.00488,,ok,155.0,85.427773,28.331612,2358.9,0.66,12.68,93.28418,,135.1,2,410.0,11717.9,1.42,,,,,,,,,,,1.00,1,1,45.00,35.00,0.00,0.00,,,0,0,0,0,0
main,13.40,s2chg,345853.5,3134793.6,2265.6272,2265.6272,2265.6272,ok,255.0,85.427112,28.328050,2442.6,0.61,12.00,177.00488,,ok,155.0,85.427773,28.331612,2358.9,0.66,12.68,93.28418,,135.1,2,410.0,11717.9,1.42,,,,,,,,,,,1.00,1,1,45.00,35.00,0.00,0.00,,,0,0,0,0,0
main,13.50,s2,345755.9,3134816.2,2256.2158,2256.2158,2256.2158,ok,255.0,85.426611,28.328214,2431.9,0.55,10.97,175.6521,,ok,175.0,85.426469,28.332002,2376.0,0.59,9.18,119.805176,,147.7,2,430.0,961.2,17.58,R,-55.8,14.30,,,,,,,,1.00,1,1,55.0,15.00,0.00,0.00,,,0,0,0,1,0
main,13.50,s2chg,345755.9,3134816.2,2256.2158,2256.2158,2256.2158,ok,255.0,85.426611,28.328214,2431.9,0.55,10.97,175.6521,,ok,175.0,85.426469,28.332002,2376.0,0.59,9.18,119.805176,,147.7,2,430.0,961.2,17.58,R,-55.8,14.30,,,,,,,,1.00,1,1,55.0,15.00,0.00,0.00,,,0,0,0,1,0
main,13.60,s2,345659.5,3134806.5,2251.987,2251.987,2251.987,ok,255.0,85.425823,28.328127,2425.0,0.66,12.78,172.96924,,ok,195.0,85.425333,28.332074,2387.0,0.66,10.29,135.05151,,154.0,2,450.0,1151.0,14.70,R,-37.92,16.41,,,,,,,,1.00,1,1,45.00,15.00,0.00,0.00,,,0,0,0,1,0
main,13.60,s2chg,345659.5,3134806.5,2251.987,2251.987,2251.987,ok,255.0,85.425823,28.328127,2425.0,0.66,12.78,172.96924,,ok,195.0,85.425333,28.332074,2387.0,0.66,10.29,135.05151,,154.0,2,450.0,1151.0,14.70,R,-37.92,16.41,,,,,,,,1.00,1,1,45.00,15.00,0.00,0.00,,,0,0,0,1,0
main,13.70,s2,345565.2,3134783.7,2246.1638,2246.1638,2246.1638,ok,245.0,85.425106,28.328036,2416.1,0.71,13.49,169.9563,,ok,235.0,85.424088,28.332181,2413.1,0.71,13.55,166.90112,,168.4,2,480.0,2369.8,7.10,R,-3.06,19.12,,,,,,,,1.00,1,1,65.0,15.00,0.00,0.00,,,0,0,0,0,0
main,13.70,s2chg,345565.2,3134783.7,2246.1638,2246.1638,2246.1638,ok,245.0,85.425106,28.328036,2416.1,0.71,13.49,169.9563,,ok,235.0,85.424088,28.332181,2413.1,0.71,13.55,166.90112,,168.4,2,480.0,2369.8,7.10,R,-3.06,19.12,,,,,,,,1.00,1,1,65.0,15.00,0.00,0.00,,,0,0,0,0,0
main,13.80,s2,345467.5,3134766.6,2240.3916,2240.3916,2240.3916,ok,185.0,85.423845,28.328378,2389.3,0.97,17.54,148.89038,,ok,235.0,85.423268,28.332043,2405.6,0.29,4.81,165.24585,side-valley,148.9,1,420.0,5528.9,3.06,,,,,,,,,,,1.00,1,1,35.00,25.00,0.00,0.00,,,0,0,0,1,0
main,13.80,s2chg,345467.5,3134766.6,2240.3916,2240.3916,2240.3916,ok,185.0,85.423845,28.328378,2389.3,0.97,17.54,148.89038,,ok,235.0,85.423268,28.332043,2405.6,0.29,4.81,165.24585,side-valley,148.9,1,420.0,5528.9,3.06,,,,,,,,,,,1.00,1,1,35.00,25.00,0.00,0.00,,,0,0,0,1,0
main,13.90,s2,345368.0,3134754.6,2235.8901,2235.8901,2235.8901,ok,155.0,85.422899,28.328544,2343.6,1.19,21.05,107.7522,,ok,225.0,85.422110,28.331809,2404.9,1.28,22.49,168.98999,side-valley,107.8,1,380.0,1147.0,14.64,R,61.2,30.81,42.58,22.03,71.1,weak,,,1.16,1.00,1,1,45.00,15.00,0.00,0.00,,,0,0,0,0,0
main,13.90,s2chg,345368.0,3134754.6,2235.8901,2235.8901,2235.8901,ok,155.0,85.422899,28.328544,2343.6,1.19,21.05,107.7522,,ok,165.0,85.422238,28.331279,2337.4,0.92,16.84,101.535645,side-valley,107.8,1,320.0,1147.0,14.64,R,-6.22,26.96,,,,,,,,1.00,1,1,45.00,15.00,0.00,0.00,,,0,0,0,0,0
main,14.00,s2,345270.1,3134736.5,2227.0718,2227.0718,2227.0718,ok,165.0,85.422087,28.328319,2330.4,1.44,24.96,103.35034,,ok,165.0,85.421079,28.331065,2377.8,3.23,49.03,150.77783,side-valley,103.4,1,330.0,625.2,27.18,R,47.43,55.0,,,,,,,,1.00,1,1,65.0,5.00,0.00,0.00,,,0,0,0,1,0
main,14.00,s2chg,345270.1,3134736.5,2227.0718,2227.0718,2227.0718,ok,165.0,85.422087,28.328319,2330.4,1.44,24.96,103.35034,,ok,165.0,85.421079,28.331065,2377.8,3.23,49.03,150.77783,side-valley,103.4,1,330.0,625.2,27.18,R,47.43,55.0,,,,,,,,1.00,1,1,65.0,5.00,0.00,0.00,,,0,0,0,1,0
main,14.10,s2,345176.7,3134700.5,2221.2422,2221.2422,2221.2422,ok,155.0,85.421472,28.328223,2307.0,2.23,37.75,85.74756,side-valley,ok,175.0,85.419688,28.330641,2383.6,0.85,15.63,162.40332,,162.4,1,330.0,599.1,28.56,R,76.7,40.86,36.95,18.53,62.3,weak,,,1.06,1.00,1,1,75.0,15.00,0.00,0.00,,,0,0,0,0,0
main,14.10,s2chg,345176.7,3134700.5,2221.2422,2221.2422,2221.2422,ok,155.0,85.421472,28.328223,2307.0,2.23,37.75,85.74756,side-valley,ok,175.0,85.419688,28.330641,2383.6,0.85,15.63,162.40332,,162.4,1,330.0,599.1,28.56,R,76.7,40.86,36.95,18.53,62.3,weak,,,1.06,1.00,1,1,75.0,15.00,0.00,0.00,,,0,0,0,0,0
main,14.20,s2,345106.1,3134634.0,2222.1697,2221.2422,2221.2422,truncated,,,,,,,,,ok,215.0,85.418543,28.330196,2402.7,2.05,31.22,181.41895,,181.4,1,,1546.1,10.80,,,,,,,,,,,0.93,,1,,,20.00,60.0,40.00,,,0,,1,0
main,14.20,s2chg,345106.1,3134634.0,2222.1697,2221.2422,2221.2422,truncated,,,,,,,,,ok,215.0,85.418543,28.330196,2402.7,2.05,31.22,181.41895,,181.4,1,,1546.1,10.80,,,,,,,,,,,0.93,,1,,,20.00,60.0,40.00,,,0,,1,0
main,14.30,s2,345037.3,3134565.7,2208.4622,2208.4622,2208.4622,ok,85.0,85.419768,28.327579,2243.0,2.38,40.13,34.571777,,ok,195.0,85.417957,28.329415,2326.5,0.97,14.90,118.01318,,76.3,2,280.0,969.4,16.77,L,-83.4,42.81,,,,,,,,0.87,1,1,55.0,15.00,10.00,90.0,,,0,0,0,1,0
main,14.30,s2chg,345037.3,3134565.7,2208.4622,2208.4622,2208.4622,ok,85.0,85.419768,28.327579,2243.0,2.38,40.13,34.571777,,ok,195.0,85.417957,28.329415,2326.5,0.97,14.90,118.01318,,76.3,2,280.0,969.4,16.77,L,-83.4,42.81,,,,,,,,0.87,1,1,55.0,15.00,10.00,90.0,,,0,0,0,1,0
main,14.40,s2,344956.9,3134506.9,2218.949,2208.4622,2208.4622,ok,75.0,85.418776,28.327036,2294.2,3.07,51.2,85.76245,,ok,205.0,85.417401,28.329147,2306.1,0.71,11.04,97.62329,,91.7,2,280.0,456.7,36.40,L,-11.86,52.4,,,,,,,,0.98,1,1,25.00,35.00,0.00,0.00,,,0,0,0,1,0
main,14.40,s2chg,344956.9,3134506.9,2218.949,2208.4622,2208.4622,ok,75.0,85.418776,28.327036,2294.2,3.07,51.2,85.76245,,ok,205.0,85.417401,28.329147,2306.1,0.71,11.04,97.62329,,91.7,2,280.0,456.7,36.40,L,-11.86,52.4,,,,,,,,0.98,1,1,25.00,35.00,0.00,0.00,,,0,0,0,1,0
main,14.50,s2,344867.0,3134463.3,2212.4607,2208.4622,2208.4622,ok,85.0,85.417657,28.326469,2343.2,2.73,45.68,134.70972,,ok,215.0,85.417118,28.329042,2309.5,0.34,5.55,101.04199,,117.9,2,300.0,626.1,25.82,L,33.67,46.02,,,,,,,,0.98,1,1,15.00,15.00,0.00,0.00,,,0,0,0,1,0
main,14.50,s2chg,344867.0,3134463.3,2212.4607,2208.4622,2208.4622,ok,85.0,85.417657,28.326469,2343.2,2.73,45.68,134.70972,,ok,215.0,85.417118,28.329042,2309.5,0.34,5.55,101.04199,,117.9,2,300.0,626.1,25.82,L,33.67,46.02,,,,,,,,0.98,1,1,15.00,15.00,0.00,0.00,,,0,0,0,1,0
main,14.60,s2,344776.5,3134473.3,2187.7969,2187.7969,2187.7969,ok,115.0,85.416717,28.326274,2271.3,2.39,40.35,83.54663,side-valley,ok,145.0,85.416415,28.328514,2307.2,0.92,14.23,119.43213,,119.4,1,260.0,1549.4,10.10,R,35.89,42.78,,,,,,,,1.00,1,1,75.0,5.00,0.00,0.00,,,0,0,0,1,0
main,14.60,s2chg,344776.5,3134473.3,2187.7969,2187.7969,2187.7969,ok,115.0,85.416717,28.326274,2271.3,2.39,40.35,83.54663,side-valley,ok,145.0,85.416415,28.328514,2307.2,0.92,14.23,119.43213,,119.4,1,260.0,1549.4,10.10,R,35.89,42.78,,,,,,,,1.00,1,1,75.0,5.00,0.00,0.00,,,0,0,0,1,0
main,14.70,s2,344680.4,3134482.8,2183.1267,2183.1267,2183.1267,ok,145.0,85.416009,28.326122,2249.0,1.23,21.63,65.8916,side-valley,ok,135.0,85.415225,28.328457,2320.5,1.14,17.51,137.3833,,137.4,1,280.0,377.1,44.64,R,71.5,27.83,30.73,17.62,49.37,weak,,,0.97,1.00,1,1,25.00,15.00,0.00,0.00,,,0,0,0,1,0
main,14.70,s2chg,344680.4,3134482.8,2183.1267,2183.1267,2183.1267,ok,145.0,85.416009,28.326122,2249.0,1.23,21.63,65.8916,side-valley,ok,135.0,85.415225,28.328457,2320.5,1.14,17.51,137.3833,,137.4,1,280.0,377.1,44.64,R,71.5,27.83,30.73,17.62,49.37,weak,,,0.97,1.00,1,1,25.00,15.00,0.00,0.00,,,0,0,0,1,0
main,14.80,s2,344605.1,3134418.5,2178.4373,2178.4373,2178.4373,ok,125.0,85.415659,28.325936,2269.9,1.51,26.17,91.47656,,ok,325.0,85.412670,28.328897,2341.4,1.10,16.88,162.92749,side-valley,91.5,1,450.0,316.7,52.2,R,71.5,31.14,22.21,12.24,36.27,weak,,,0.63,1.00,1,1,35.00,15.00,0.00,0.00,,,0,0,0,1,0
main,14.80,s2chg,344605.1,3134418.5,2178.4373,2178.4373,2178.4373,ok,125.0,85.415659,28.325936,2269.9,1.51,26.17,91.47656,,ok,325.0,85.412670,28.328897,2341.4,1.10,16.88,162.92749,side-valley,91.5,1,450.0,316.7,52.2,R,71.5,31.14,22.21,12.24,36.27,weak,,,0.63,1.00,1,1,35.00,15.00,0.00,0.00,,,0,0,0,1,0
main,14.90,s2,344542.9,3134340.7,2175.3044,2175.3044,2175.3044,ok,115.0,85.415174,28.325513,2289.4,1.64,28.22,114.045654,side-valley,ok,195.0,85.412571,28.326936,2367.6,0.94,14.56,192.31714,,192.3,1,310.0,415.2,39.57,R,78.3,31.75,32.07,18.14,51.8,weak,,,0.83,1.00,1,1,25.00,25.00,0.00,0.00,,,0,0,0,1,0
main,14.90,s2chg,344542.9,3134340.7,2175.3044,2175.3044,2175.3044,ok,115.0,85.415174,28.325513,2289.4,1.64,28.22,114.045654,side-valley,ok,195.0,85.412571,28.326936,2367.6,0.94,14.56,192.31714,,192.3,1,310.0,415.2,39.57,R,78.3,31.75,32.07,18.14,51.8,weak,,,0.83,1.00,1,1,25.00,25.00,0.00,0.00,,,0,0,0,1,0
main,15.00,s2,344489.1,3134257.9,2169.4656,2169.4656,2169.4656,ok,115.0,85.414708,28.324879,2299.0,0.98,17.74,129.51172,,ok,175.0,85.412097,28.325902,2384.7,0.30,4.90,215.18579,,172.3,2,290.0,545.3,31.09,R,85.7,18.40,39.75,25.85,59.7,weak,,,0.97,1.00,1,1,5.00,55.0,0.00,0.00,,,0,0,0,1,0
main,15.00,s2chg,344489.1,3134257.9,2169.4656,2169.4656,2169.4656,ok,115.0,85.414708,28.324879,2299.0,0.98,17.74,129.51172,,ok,175.0,85.412097,28.325902,2384.7,0.30,4.90,215.18579,,172.3,2,290.0,545.3,31.09,R,85.7,18.40,39.75,25.85,59.7,weak,,,0.97,1.00,1,1,5.00,55.0,0.00,0.00,,,0,0,0,1,0
main,15.10,s2,344467.9,3134161.3,2162.3867,2162.3867,2162.3867,ok,95.0,85.414362,28.324185,2305.4,0.92,14.25,143.04199,,ok,185.0,85.411714,28.324853,2369.4,1.15,17.72,206.99268,,175.0,2,280.0,691.5,24.19,R,64.0,22.74,39.36,23.19,62.5,strong,25299,846426,0.95,1.00,1,1,15.00,35.00,0.00,0.00,,,0,0,1,1,0
main,15.10,s2chg,344467.9,3134161.3,2162.3867,2162.3867,2162.3867,ok,95.0,85.414362,28.324185,2305.4,0.92,14.25,143.04199,,ok,185.0,85.411714,28.324853,2369.4,1.15,17.72,206.99268,,175.0,2,280.0,691.5,24.19,R,64.0,22.74,39.36,23.19,62.5,strong,25299,846426,0.95,1.00,1,1,15.00,35.00,0.00,0.00,,,0,0,1,1,0
main,15.20,s2,344438.4,3134066.4,2188.7312,2162.3867,2162.3867,ok,145.0,85.414610,28.323408,2331.0,0.87,15.91,168.64575,,ok,195.0,85.411265,28.323736,2307.2,1.46,22.29,144.82104,,156.7,2,340.0,626.9,26.98,R,-23.82,27.38,,,,,,,,1.00,1,1,25.00,15.00,0.00,0.00,,,0,0,0,1,0
main,15.20,s2chg,344438.4,3134066.4,2188.7312,2162.3867,2162.3867,ok,145.0,85.414610,28.323408,2331.0,0.87,15.91,168.64575,,ok,195.0,85.411265,28.323736,2307.2,1.46,22.29,144.82104,,156.7,2,340.0,626.9,26.98,R,-23.82,27.38,,,,,,,,1.00,1,1,25.00,15.00,0.00,0.00,,,0,0,0,1,0
main,15.30,s2,344442.4,3133972.4,2176.93,2162.3867,2162.3867,ok,115.0,85.414365,28.322743,2319.5,0.88,16.07,157.15259,,ok,205.0,85.411207,28.322620,2313.7,0.71,11.05,151.30371,,154.2,2,320.0,980.7,17.20,R,-5.85,19.51,,,,,,,,1.00,1,1,5.00,45.00,0.00,0.00,,,0,0,0,1,0
main,15.30,s2chg,344442.4,3133972.4,2176.93,2162.3867,2162.3867,ok,115.0,85.414365,28.322743,2319.5,0.88,16.07,157.15259,,ok,205.0,85.411207,28.322620,2313.7,0.71,11.05,151.30371,,154.2,2,320.0,980.7,17.20,R,-5.85,19.51,,,,,,,,1.00,1,1,5.00,45.00,0.00,0.00,,,0,0,0,1,0
main,15.40,s2,344448.3,3133874.0,2139.7136,2139.7136,2139.7136,ok,75.0,85.414021,28.321917,2279.7,0.96,17.32,139.95776,,ok,235.0,85.411004,28.321467,2318.3,1.33,20.45,178.55176,,159.3,2,310.0,1104.5,15.26,R,38.59,26.80,36.73,14.90,65.2,weak,,,0.93,1.00,1,1,5.00,45.00,0.00,0.00,,,0,0,0,1,0
main,15.40,s2chg,344448.3,3133874.0,2139.7136,2139.7136,2139.7136,ok,75.0,85.414021,28.321917,2279.7,0.96,17.32,139.95776,,ok,235.0,85.411004,28.321467,2318.3,1.33,20.45,178.55176,,159.3,2,310.0,1104.5,15.26,R,38.59,26.80,36.73,14.90,65.2,weak,,,0.93,1.00,1,1,5.00,45.00,0.00,0.00,,,0,0,0,1,0
main,15.50,s2,344469.6,3133776.6,2145.9023,2139.7136,2139.7136,ok,45.00,85.413950,28.320997,2270.7,1.63,28.01,130.97461,,ok,255.0,85.411035,28.320553,2342.9,0.40,6.36,203.16064,,167.1,2,300.0,18366.4,0.92,,,,,,,,,,,1.00,1,1,5.00,65.0,0.00,0.00,,,0,0,0,1,0
main,15.50,s2chg,344469.6,3133776.6,2145.9023,2139.7136,2139.7136,ok,45.00,85.413950,28.320997,2270.7,1.63,28.01,130.97461,,ok,255.0,85.411035,28.320553,2342.9,0.40,6.36,203.16064,,167.1,2,300.0,18366.4,0.92,,,,,,,,,,,1.00,1,1,5.00,65.0,0.00,0.00,,,0,0,0,1,0
main,15.60,s2,344483.2,3133678.1,2134.6868,2134.6868,2134.6868,ok,45.00,85.414101,28.320113,2268.8,1.77,30.27,134.07495,,ok,195.0,85.411794,28.319743,2303.0,1.20,18.40,168.30103,,151.2,2,240.0,3866.7,4.35,,,,,,,,,,,1.00,1,1,5.00,115.0,0.00,0.00,,,0,0,0,1,0
main,15.60,s2chg,344483.2,3133678.1,2134.6868,2134.6868,2134.6868,ok,45.00,85.414101,28.320113,2268.8,1.77,30.27,134.07495,,ok,195.0,85.411794,28.319743,2303.0,1.20,18.40,168.30103,,151.2,2,240.0,3866.7,4.35,,,,,,,,,,,1.00,1,1,5.00,115.0,0.00,0.00,,,0,0,0,1,0
main,15.70,s2,344507.1,3133581.3,2132.5532,2132.5532,2132.5532,ok,45.00,85.414359,28.319236,2253.1,1.40,24.46,120.5061,,ok,195.0,85.412043,28.318904,2286.9,0.61,9.56,154.34277,,137.4,2,240.0,3458.3,4.83,,,,,,,,,,,0.70,1,1,5.00,55.0,0.00,0.00,,,0,0,0,1,0
main,15.70,s2chg,344507.1,3133581.3,2132.5532,2132.5532,2132.5532,ok,45.00,85.414359,28.319236,2253.1,1.40,24.46,120.5061,,ok,195.0,85.412043,28.318904,2286.9,0.61,9.56,154.34277,,137.4,2,240.0,3458.3,4.83,,,,,,,,,,,0.70,1,1,5.00,55.0,0.00,0.00,,,0,0,0,1,0
main,15.80,s2,344506.1,3133482.0,2135.7117,2132.5532,2132.5532,truncated,,,,,,,,,ok,155.0,85.412461,28.318009,2265.0,0.65,10.10,132.46875,,132.5,1,,3874.0,4.28,,,,,,,,,,,0.67,,1,,55.0,0.00,0.00,90.0,,,0,,1,0
main,15.80,s2chg,344506.1,3133482.0,2135.7117,2132.5532,2132.5532,truncated,,,,,,,,,ok,155.0,85.412461,28.318009,2265.0,0.65,10.10,132.46875,,132.5,1,,3874.0,4.28,,,,,,,,,,,0.67,,1,,55.0,0.00,0.00,90.0,,,0,,1,0
main,15.90,s2,344544.6,3133395.3,2151.229,2132.5532,2132.5532,ok,55.0,85.414872,28.317545,2278.2,1.53,26.39,145.68652,,ok,185.0,85.412536,28.317360,2266.5,0.64,10.06,133.92773,side-valley,145.7,1,240.0,805.1,20.93,L,11.76,28.24,,,,,,,,1.00,1,1,,35.00,0.00,0.00,,,0,0,0,1,0
main,15.90,s2chg,344544.6,3133395.3,2151.229,2132.5532,2132.5532,ok,55.0,85.414872,28.317545,2278.2,1.53,26.39,145.68652,,ok,185.0,85.412536,28.317360,2266.5,0.64,10.06,133.92773,side-valley,145.7,1,240.0,805.1,20.93,L,11.76,28.24,,,,,,,,1.00,1,1,,35.00,0.00,0.00,,,0,0,0,1,0
main,16.00,s2,344539.4,3133298.6,2120.7158,2120.7158,2120.7158,ok,55.0,85.414833,28.316625,2251.6,2.02,30.83,130.83447,,ok,155.0,85.412794,28.316649,2232.6,0.96,14.78,111.899414,side-valley,130.8,1,210.0,989.8,16.95,L,18.94,34.19,,,,,,,,1.00,1,1,,35.00,0.00,0.00,,,0,0,1,1,0
main,16.00,s2chg,344539.4,3133298.6,2120.7158,2120.7158,2120.7158,ok,55.0,85.414833,28.316625,2251.6,2.02,30.83,130.83447,,ok,155.0,85.412794,28.316649,2232.6,0.96,14.78,111.899414,side-valley,130.8,1,210.0,989.8,16.95,L,18.94,34.19,,,,,,,,1.00,1,1,,35.00,0.00,0.00,,,0,0,1,1,0
main,16.10,s2,344519.7,3133200.9,2148.691,2120.7158,2120.7158,ok,125.0,85.415340,28.315553,2284.8,1.63,27.99,164.11182,side-valley,ok,125.0,85.412932,28.315941,2206.8,0.72,11.13,86.07495,,86.1,1,250.0,1305.1,12.76,L,78.0,30.12,63.2,36.35,101.4,strong,14958,803782,1.80,1.00,1,1,,55.0,0.00,0.00,,,0,0,0,1,0
main,16.10,s2chg,344519.7,3133200.9,2148.691,2120.7158,2120.7158,ok,125.0,85.415340,28.315553,2284.8,1.63,27.99,164.11182,side-valley,ok,125.0,85.412932,28.315941,2206.8,0.72,11.13,86.07495,,86.1,1,250.0,1305.1,12.76,L,78.0,30.12,63.2,36.35,101.4,strong,14958,803782,1.80,1.00,1,1,,55.0,0.00,0.00,,,0,0,0,1,0
main,16.20,s2,344500.0,3133103.2,2148.1277,2120.7158,2120.7158,ok,135.0,85.415257,28.314674,2246.1,1.26,22.09,125.39209,side-valley,ok,185.0,85.412136,28.315123,2243.7,0.92,14.16,122.937744,,122.9,1,320.0,10402.2,1.64,,,,,,,,,,,1.00,1,1,,55.0,0.00,0.00,,,0,0,0,1,0
main,16.20,s2chg,344500.0,3133103.2,2148.1277,2120.7158,2120.7158,ok,135.0,85.415257,28.314674,2246.1,1.26,22.09,125.39209,side-valley,ok,185.0,85.412136,28.315123,2243.7,0.92,14.16,122.937744,,122.9,1,320.0,10402.2,1.64,,,,,,,,,,,1.00,1,1,,55.0,0.00,0.00,,,0,0,0,1,0
main,16.30,s2,344485.3,3133004.6,2107.1414,2107.1414,2107.1414,ok,145.0,85.415220,28.313766,2213.0,0.92,14.21,105.86304,,ok,145.0,85.412403,28.314178,2209.4,0.82,12.64,102.21069,,104.0,2,290.0,4930.7,3.46,,,,,,,,,,,1.00,1,1,5.00,45.00,0.00,0.00,,,0,0,1,1,0
main,16.30,s2chg,344485.3,3133004.6,2107.1414,2107.1414,2107.1414,ok,145.0,85.415220,28.313766,2213.0,0.92,14.21,105.86304,,ok,145.0,85.412403,28.314178,2209.4,0.82,12.64,102.21069,,104.0,2,290.0,4930.7,3.46,,,,,,,,,,,1.00,1,1,5.00,45.00,0.00,0.00,,,0,0,1,1,0
main,16.40,s2,344467.9,3132906.5,2107.0364,2107.0364,2107.0364,ok,135.0,85.414952,28.312879,2229.8,0.95,17.28,122.79883,,ok,155.0,85.412141,28.313322,2233.9,0.73,11.39,126.84888,side-valley,122.8,1,290.0,2186.7,7.80,L,-4.05,20.69,,,,,,,,1.00,1,1,5.00,35.00,0.00,0.00,,,0,0,0,1,0
main,16.40,s2chg,344467.9,3132906.5,2107.0364,2107.0364,2107.0364,ok,135.0,85.414952,28.312879,2229.8,0.95,17.28,122.79883,,ok,155.0,85.412141,28.313322,2233.9,0.73,11.39,126.84888,side-valley,122.8,1,290.0,2186.7,7.80,L,-4.05,20.69,,,,,,,,1.00,1,1,5.00,35.00,0.00,0.00,,,0,0,0,1,0
main,16.50,s2,344446.5,3132809.2,2140.27,2107.0364,2107.0364,ok,215.0,85.415498,28.311676,2268.2,0.98,15.12,161.14648,side-valley,ok,145.0,85.412070,28.312556,2225.5,0.80,12.36,118.48877,,118.5,1,360.0,1760.9,9.70,L,42.66,19.53,45.24,24.45,74.4,strong,18229,701013,1.22,1.00,1,1,5.00,105.0,0.00,0.00,,,0,0,1,1,0
main,16.50,s2chg,344446.5,3132809.2,2140.27,2107.0364,2107.0364,ok,215.0,85.415498,28.311676,2268.2,0.98,15.12,161.14648,side-valley,ok,145.0,85.412070,28.312556,2225.5,0.80,12.36,118.48877,,118.5,1,360.0,1760.9,9.70,L,42.66,19.53,45.24,24.45,74.4,strong,18229,701013,1.22,1.00,1,1,5.00,105.0,0.00,0.00,,,0,0,1,1,0
main,16.60,s2,344414.0,3132716.4,2125.064,2107.0364,2107.0364,ok,115.0,85.414187,28.311048,2284.4,0.71,10.99,177.40771,side-valley,ok,205.0,85.411189,28.311933,2268.0,0.90,16.39,161.00244,side-valley,,0,320.0,3204.5,5.31,,,,,,,,,,,1.00,1,1,5.00,55.0,0.00,0.00,,,0,0,1,0,0
main,16.60,s2chg,344414.0,3132716.4,2125.064,2107.0364,2107.0364,ok,115.0,85.414187,28.311048,2284.4,0.71,10.99,177.40771,side-valley,ok,75.0,85.412446,28.311562,2172.0,0.33,7.70,64.98462,side-valley,,0,190.0,3204.5,5.31,,,,,,,,,,,1.00,1,1,5.00,55.0,0.00,0.00,,,0,0,1,0,0
main,16.70,s2,344377.4,3132624.5,2090.4216,2090.4216,2090.4216,ok,85.0,85.413532,28.310291,2232.3,0.46,9.72,141.8977,side-valley,ok,185.0,85.411030,28.311067,2239.9,1.92,32.71,149.44238,side-valley,,0,270.0,4590.9,3.69,,,,,,,,,,,1.00,1,1,15.00,75.0,0.00,0.00,,,0,0,0,0,0
main,16.70,s2chg,344377.4,3132624.5,2090.4216,2090.4216,2090.4216,ok,85.0,85.413532,28.310291,2232.3,0.46,9.72,141.8977,side-valley,ok,185.0,85.411030,28.311067,2239.9,1.92,32.71,149.44238,side-valley,,0,270.0,4590.9,3.69,,,,,,,,,,,1.00,1,1,15.00,75.0,0.00,0.00,,,0,0,0,0,0
main,16.80,s2,344345.0,3132530.5,2085.4758,2085.4758,2085.4758,ok,65.0,85.413028,28.309515,2193.7,1.01,18.25,108.22876,side-valley,ok,265.0,85.409915,28.310381,2291.1,0.58,9.11,205.6565,,205.7,1,330.0,1225.2,13.59,L,-97.4,20.39,,,,,,,,1.00,1,1,15.00,165.0,0.00,0.00,,,0,0,0,1,0
main,16.80,s2chg,344345.0,3132530.5,2085.4758,2085.4758,2085.4758,ok,65.0,85.413028,28.309515,2193.7,1.01,18.25,108.22876,side-valley,ok,265.0,85.409915,28.310381,2291.1,0.58,9.11,205.6565,,205.7,1,330.0,1225.2,13.59,L,-97.4,20.39,,,,,,,,1.00,1,1,15.00,165.0,0.00,0.00,,,0,0,0,1,0
main,16.90,s2,344316.2,3132435.5,2085.0005,2085.0005,2085.0005,ok,195.0,85.413916,28.308085,2165.9,0.64,12.40,80.91675,side-valley,ok,195.0,85.410412,28.309549,2219.6,0.42,6.69,134.5747,side-valley,,0,390.0,457.5,36.43,L,-53.7,14.09,,,,,,,,1.00,1,1,15.00,25.00,0.00,0.00,,,0,0,0,1,0
main,16.90,s2chg,344316.2,3132435.5,2085.0005,2085.0005,2085.0005,ok,195.0,85.413916,28.308085,2165.9,0.64,12.40,80.91675,side-valley,ok,195.0,85.410412,28.309549,2219.6,0.42,6.69,134.5747,side-valley,,0,390.0,457.5,36.43,L,-53.7,14.09,,,,,,,,1.00,1,1,15.00,25.00,0.00,0.00,,,0,0,0,1,0
main,17.00,s2,344269.1,3132349.4,2108.2097,2085.0005,2085.0005,ok,85.0,85.412274,28.307526,2224.9,1.50,26.04,139.92651,,ok,185.0,85.410392,28.309179,2200.8,1.44,21.98,115.77002,side-valley,139.9,1,270.0,396.8,43.11,L,24.16,34.08,,,,,,,,1.00,1,1,15.00,45.00,0.00,0.00,,,0,0,0,1,0
main,17.00,s2chg,344269.1,3132349.4,2108.2097,2085.0005,2085.0005,ok,85.0,85.412274,28.307526,2224.9,1.50,26.04,139.92651,,ok,185.0,85.410392,28.309179,2200.8,1.44,21.98,115.77002,side-valley,139.9,1,270.0,396.8,43.11,L,24.16,34.08,,,,,,,,1.00,1,1,15.00,45.00,0.00,0.00,,,0,0,0,1,0
main,17.10,s2,344188.1,3132294.5,2099.2559,2085.0005,2085.0005,ok,105.0,85.411352,28.306731,2261.9,1.31,22.98,176.88184,,ok,145.0,85.410210,28.308647,2168.1,0.50,7.86,83.12378,side-valley,176.9,1,250.0,965.1,16.04,L,93.8,24.29,59.6,37.64,91.1,strong,16855,853697,1.67,1.00,1,1,5.00,15.00,0.00,0.00,,,0,0,0,1,0
main,17.10,s2chg,344188.1,3132294.5,2099.2559,2085.0005,2085.0005,ok,105.0,85.411352,28.306731,2261.9,1.31,22.98,176.88184,,ok,145.0,85.410210,28.308647,2168.1,0.50,7.86,83.12378,side-valley,176.9,1,250.0,965.1,16.04,L,93.8,24.29,59.6,37.64,91.1,strong,16855,853697,1.67,1.00,1,1,5.00,15.00,0.00,0.00,,,0,0,0,1,0
main,17.20,s2,344089.5,3132280.5,2103.5068,2085.0005,2085.0005,truncated,,,,,,,,side-valley,ok,115.0,85.409281,28.308234,2209.7,0.82,12.69,124.71216,,124.7,1,,607.3,26.03,,,,,,,,,,,0.90,,1,,15.00,0.00,0.00,160.0,,,0,,1,0
main,17.20,s2chg,344089.5,3132280.5,2103.5068,2085.0005,2085.0005,truncated,,,,,,,,side-valley,ok,115.0,85.409281,28.308234,2209.7,0.82,12.69,124.71216,,124.7,1,,607.3,26.03,,,,,,,,,,,0.90,,1,,15.00,0.00,0.00,160.0,,,0,,1,0
main,17.30,s2,344009.5,3132226.1,2096.62,2096.62,2085.0005,truncated,,,,,,,,side-valley,ok,115.0,85.408186,28.307508,2206.0,0.69,10.72,109.38501,,109.4,1,,477.0,34.02,,,,,,,,,,,0.89,,1,,5.00,0.00,0.00,160.0,,,0,,1,0
main,17.30,s2chg,344009.5,3132226.1,2096.62,2096.62,2085.0005,truncated,,,,,,,,side-valley,ok,115.0,85.408186,28.307508,2206.0,0.69,10.72,109.38501,,109.4,1,,477.0,34.02,,,,,,,,,,,0.89,,1,,5.00,0.00,0.00,160.0,,,0,,1,0
main,17.40,s2,343993.7,3132129.4,2062.115,2062.115,2062.115,ok,155.0,85.410282,28.305406,2216.9,1.71,29.40,154.76855,,ok,215.0,85.407005,28.306869,2219.2,0.87,16.01,157.05176,side-valley,154.8,1,370.0,85214.8,0.18,,,,,,,,,,,0.98,1,1,55.0,105.0,0.00,0.00,,,0,0,0,0,0
main,17.40,s2chg,343993.7,3132129.4,2062.115,2062.115,2062.115,ok,155.0,85.410282,28.305406,2216.9,1.71,29.40,154.76855,,ok,215.0,85.407005,28.306869,2219.2,0.87,16.01,157.05176,side-valley,154.8,1,370.0,85214.8,0.18,,,,,,,,,,,0.98,1,1,55.0,105.0,0.00,0.00,,,0,0,0,0,0
main,17.50,s2,343954.9,3132043.6,2072.7424,2062.115,2062.115,ok,75.0,85.409063,28.304815,2207.7,2.11,32.22,145.54395,,ok,215.0,85.406940,28.306504,2186.6,0.93,14.36,124.47656,side-valley,145.5,1,290.0,667.2,24.10,L,21.07,35.27,,,,,,,,0.94,1,1,5.00,35.00,0.00,0.00,,,0,0,1,1,0
main,17.50,s2chg,343954.9,3132043.6,2072.7424,2062.115,2062.115,ok,75.0,85.409063,28.304815,2207.7,2.11,32.22,145.54395,,ok,215.0,85.406940,28.306504,2186.6,0.93,14.36,124.47656,side-valley,145.5,1,290.0,667.2,24.10,L,21.07,35.27,,,,,,,,0.94,1,1,5.00,35.00,0.00,0.00,,,0,0,1,1,0
main,17.60,s2,343871.8,3131992.9,2077.6865,2062.115,2062.115,ok,95.0,85.408291,28.304155,2173.1,1.15,20.36,111.00244,,ok,155.0,85.406693,28.305795,2165.8,1.13,17.31,103.673584,,107.3,2,250.0,824.7,19.50,L,7.33,26.72,,,,,,,,0.87,1,1,15.00,25.00,0.00,0.00,,,0,0,0,1,0
main,17.60,s2chg,343871.8,3131992.9,2077.6865,2062.115,2062.115,ok,95.0,85.408291,28.304155,2173.1,1.15,20.36,111.00244,,ok,155.0,85.406693,28.305795,2165.8,1.13,17.31,103.673584,,107.3,2,250.0,824.7,19.50,L,7.33,26.72,,,,,,,,0.87,1,1,15.00,25.00,0.00,0.00,,,0,0,0,1,0
main,17.70,s2,343785.3,3131953.4,2050.1458,2050.1458,2050.1458,ok,145.0,85.407689,28.303404,2153.6,0.82,15.20,103.46704,,ok,95.0,85.406253,28.305045,2166.6,2.51,38.19,116.42944,,109.9,2,240.0,3197.4,5.11,,,,,,,,,,,0.88,1,1,5.00,45.00,0.00,0.00,,,0,0,0,1,0
main,17.70,s2chg,343785.3,3131953.4,2050.1458,2050.1458,2050.1458,ok,145.0,85.407689,28.303404,2153.6,0.82,15.20,103.46704,,ok,95.0,85.406253,28.305045,2166.6,2.51,38.19,116.42944,,109.9,2,240.0,3197.4,5.11,,,,,,,,,,,0.88,1,1,5.00,45.00,0.00,0.00,,,0,0,0,1,0
main,17.80,s2,343725.4,3131875.1,2046.0693,2046.0693,2046.0693,ok,115.0,85.407017,28.302995,2165.9,0.77,11.92,119.82495,,ok,105.0,85.405487,28.304321,2182.5,2.17,33.07,136.45093,,128.1,2,220.0,3125.3,5.35,,,,,,,,,,,0.95,1,1,25.00,35.00,0.00,0.00,,,0,0,1,1,0
main,17.80,s2chg,343725.4,3131875.1,2046.0693,2046.0693,2046.0693,ok,115.0,85.407017,28.302995,2165.9,0.77,11.92,119.82495,,ok,105.0,85.405487,28.304321,2182.5,2.17,33.07,136.45093,,128.1,2,220.0,3125.3,5.35,,,,,,,,,,,0.95,1,1,25.00,35.00,0.00,0.00,,,0,0,1,1,0
main,17.90,s2,343651.2,3131808.2,2060.0144,2046.0693,2046.0693,ok,105.0,85.406150,28.302406,2149.3,1.75,26.71,103.18091,,ok,85.0,85.404922,28.303613,2159.5,1.76,26.80,113.4397,,108.3,2,190.0,4699.9,3.50,,,,,,,,,,,1.00,1,1,35.00,15.00,0.00,0.00,,,0,0,1,1,0
main,17.90,s2chg,343651.2,3131808.2,2060.0144,2046.0693,2046.0693,ok,105.0,85.406150,28.302406,2149.3,1.75,26.71,103.18091,,ok,85.0,85.404922,28.303613,2159.5,1.76,26.80,113.4397,,108.3,2,190.0,4699.9,3.50,,,,,,,,,,,1.00,1,1,35.00,15.00,0.00,0.00,,,0,0,1,1,0
main,18.00,s2,343576.1,3131742.2,2034.7925,2034.7925,2034.7925,ok,125.0,85.405549,28.301683,2151.0,1.55,26.83,116.21411,,ok,95.0,85.404083,28.303064,2131.3,1.88,28.61,96.458984,,106.3,2,220.0,1107.6,14.92,L,19.76,39.22,,,,,,,,1.00,1,1,35.00,35.00,0.00,0.00,,,0,0,0,1,0
main,18.00,s2chg,343576.1,3131742.2,2034.7925,2034.7925,2034.7925,ok,125.0,85.405549,28.301683,2151.0,1.55,26.83,116.21411,,ok,95.0,85.404083,28.303064,2131.3,1.88,28.61,96.458984,,106.3,2,220.0,1107.6,14.92,L,19.76,39.22,,,,,,,,1.00,1,1,35.00,35.00,0.00,0.00,,,0,0,0,1,0
main,18.10,s2,343502.1,3131676.5,2026.9805,2026.9805,2026.9805,ok,155.0,85.404776,28.300723,2188.6,2.07,35.08,161.58936,,ok,105.0,85.403425,28.302636,2116.2,2.24,34.11,89.23486,,125.4,2,260.0,1204.3,13.77,L,72.4,48.93,57.3,23.94,101.2,weak,,,1.63,1.00,1,1,35.00,25.00,0.00,0.00,,,0,0,0,1,0
main,18.10,s2chg,343502.1,3131676.5,2026.9805,2026.9805,2026.9805,ok,155.0,85.404776,28.300723,2188.6,2.07,35.08,161.58936,,ok,105.0,85.403425,28.302636,2116.2,2.24,34.11,89.23486,,125.4,2,260.0,1204.3,13.77,L,72.4,48.93,57.3,23.94,101.2,weak,,,1.63,1.00,1,1,35.00,25.00,0.00,0.00,,,0,0,0,1,0
main,18.20,s2,343420.7,3131638.0,2034.7516,2026.9805,2026.9805,ok,165.0,85.404004,28.300289,2172.1,0.87,13.51,145.07788,side-valley,ok,135.0,85.402439,28.302509,2148.9,2.39,36.32,121.90869,,121.9,1,300.0,5534.9,2.92,,,,,,,,,,,1.00,1,1,25.00,25.00,0.00,0.00,,,0,0,1,1,0
main,18.20,s2chg,343420.7,3131638.0,2034.7516,2026.9805,2026.9805,ok,165.0,85.404004,28.300289,2172.1,0.87,13.51,145.07788,side-valley,ok,135.0,85.402439,28.302509,2148.9,2.39,36.32,121.90869,,121.9,1,300.0,5534.9,2.92,,,,,,,,,,,1.00,1,1,25.00,25.00,0.00,0.00,,,0,0,1,1,0
main,18.30,s2,343336.2,3131601.6,2049.3577,2026.9805,2026.9805,ok,125.0,85.402800,28.300194,2161.6,1.22,18.74,134.66504,side-valley,ok,205.0,85.401424,28.302812,2300.1,2.13,32.51,273.1057,,273.1,1,330.0,1111.1,14.29,R,138.4,37.53,67.6,42.36,103.9,strong,42540,2445102,1.51,0.89,1,1,15.00,25.00,0.00,0.00,,,0,0,1,1,0
main,18.30,s2chg,343336.2,3131601.6,2049.3577,2026.9805,2026.9805,ok,125.0,85.402800,28.300194,2161.6,1.22,18.74,134.66504,side-valley,ok,75.0,85.401983,28.301748,2068.0,0.87,13.42,41.00464,,41.00,1,200.0,1111.1,14.29,R,-93.7,23.05,,,,,,,,0.89,1,1,15.00,25.00,0.00,0.00,,,0,0,1,1,0
main,18.40,s2,343255.8,3131546.2,2011.2505,2011.2505,2011.2505,ok,105.0,85.402199,28.300034,2135.3,1.44,21.97,124.05078,side-valley,ok,165.0,85.400308,28.301678,2173.4,1.04,16.00,162.13623,,162.1,1,270.0,1269.9,12.38,R,38.09,27.18,41.92,16.46,74.8,weak,,,1.12,0.96,1,1,35.00,35.00,0.00,0.00,,,0,0,1,1,0
main,18.40,s2chg,343255.8,3131546.2,2011.2505,2011.2505,2011.2505,ok,105.0,85.402199,28.300034,2135.3,1.44,21.97,124.05078,side-valley,ok,165.0,85.400308,28.301678,2173.4,1.04,16.00,162.13623,,162.1,1,270.0,1269.9,12.38,R,38.09,27.18,41.92,16.46,74.8,weak,,,1.12,0.96,1,1,35.00,35.00,0.00,0.00,,,0,0,1,1,0
main,18.50,s2,343189.1,3131484.6,2005.4028,2005.4028,2005.4028,ok,85.0,85.401366,28.299582,2105.5,2.18,33.22,100.07886,side-valley,ok,115.0,85.400021,28.300817,2146.4,1.18,18.16,140.9585,,141.0,1,200.0,19355.3,0.82,,,,,,,,,,,0.89,1,1,35.00,25.00,0.00,0.00,,,0,0,1,1,0
main,18.50,s2chg,343189.1,3131484.6,2005.4028,2005.4028,2005.4028,ok,85.0,85.401366,28.299582,2105.5,2.18,33.22,100.07886,side-valley,ok,115.0,85.400021,28.300817,2146.4,1.18,18.16,140.9585,,141.0,1,200.0,19355.3,0.82,,,,,,,,,,,0.89,1,1,35.00,25.00,0.00,0.00,,,0,0,1,1,0
main,18.60,s2,343140.7,3131408.4,1995.6844,1995.6844,1995.6844,truncated,,,,,,,,,ok,145.0,85.399394,28.300373,2129.8,1.96,29.84,134.08972,side-valley,,0,,952.7,17.14,,,,,,,,,,,0.90,,1,,35.00,0.00,0.00,60.0,,,0,,1,0
main,18.60,s2chg,343140.7,3131408.4,1995.6844,1995.6844,1995.6844,truncated,,,,,,,,,ok,145.0,85.399394,28.300373,2129.8,1.96,29.84,134.08972,side-valley,,0,,952.7,17.14,,,,,,,,,,,0.90,,1,,35.00,0.00,0.00,60.0,,,0,,1,0
main,18.70,s2,343050.5,3131372.4,2005.5793,1995.6844,1995.6844,ok,115.0,85.399905,28.298186,2142.2,1.03,15.89,146.54773,,ok,115.0,85.398899,28.299960,2101.1,1.40,21.41,105.44519,side-valley,146.5,1,230.0,5197.5,3.02,,,,,,,,,,,1.00,1,1,15.00,35.00,0.00,0.00,,,0,0,1,1,0
main,18.70,s2chg,343050.5,3131372.4,2005.5793,1995.6844,1995.6844,ok,115.0,85.399905,28.298186,2142.2,1.03,15.89,146.54773,,ok,115.0,85.398899,28.299960,2101.1,1.40,21.41,105.44519,side-valley,146.5,1,230.0,5197.5,3.02,,,,,,,,,,,1.00,1,1,15.00,35.00,0.00,0.00,,,0,0,1,1,0
main,18.80,s2,342957.3,3131335.8,1977.9246,1977.9246,1977.9246,ok,135.0,85.399166,28.297740,2127.7,1.02,18.36,149.74268,side-valley,ok,105.0,85.397912,28.299494,2106.5,1.25,19.11,128.60376,,128.6,1,240.0,468.1,34.23,R,-21.14,26.50,,,,,,,,1.00,1,1,25.00,45.00,0.00,0.00,,,0,0,0,1,0
main,18.80,s2chg,342957.3,3131335.8,1977.9246,1977.9246,1977.9246,ok,135.0,85.399166,28.297740,2127.7,1.02,18.36,149.74268,side-valley,ok,105.0,85.397912,28.299494,2106.5,1.25,19.11,128.60376,,128.6,1,240.0,468.1,34.23,R,-21.14,26.50,,,,,,,,1.00,1,1,25.00,45.00,0.00,0.00,,,0,0,0,1,0
main,18.90,s2,342880.9,3131273.1,1970.6715,1970.6715,1970.6715,ok,125.0,85.398693,28.297541,2110.8,0.85,15.71,140.16516,side-valley,ok,145.0,85.396512,28.298874,2147.3,1.73,26.42,176.6571,side-valley,,0,270.0,311.4,55.9,R,36.49,30.74,20.32,5.92,37.58,weak,,,0.52,1.00,1,1,15.00,65.0,0.00,0.00,,,0,0,0,1,0
main,18.90,s2chg,342880.9,3131273.1,1970.6715,1970.6715,1970.6715,ok,125.0,85.398693,28.297541,2110.8,0.85,15.71,140.16516,side-valley,ok,145.0,85.396512,28.298874,2147.3,1.73,26.42,176.6571,side-valley,,0,270.0,311.4,55.9,R,36.49,30.74,20.32,5.92,37.58,weak,,,0.52,1.00,1,1,15.00,65.0,0.00,0.00,,,0,0,0,1,0
main,19.00,s2,342847.7,3131181.6,1966.8264,1966.8264,1966.8264,ok,85.0,85.398153,28.297153,2092.9,0.42,9.04,126.03491,,ok,245.0,85.394986,28.297847,2161.0,1.32,20.15,194.13062,side-valley,126.0,1,330.0,409.4,40.69,R,68.1,22.09,28.79,17.36,45.15,weak,,,0.73,1.00,1,1,,45.00,0.00,0.00,,,0,0,0,1,0
main,19.00,s2chg,342847.7,3131181.6,1966.8264,1966.8264,1966.8264,ok,85.0,85.398153,28.297153,2092.9,0.42,9.04,126.03491,,ok,155.0,85.395876,28.297652,2189.6,0.92,16.74,222.81104,side-valley,126.0,1,240.0,409.4,40.69,R,96.8,19.03,40.24,26.47,60.0,weak,,,0.97,1.00,1,1,,45.00,0.00,0.00,,,0,0,0,0,0
main,19.10,s2,342849.3,3131082.1,1958.9845,1958.9845,1958.9845,ok,115.0,85.398511,28.296396,2123.6,0.66,12.73,164.59753,,ok,225.0,85.395148,28.296497,2155.6,0.73,11.35,196.59021,side-valley,164.6,1,340.0,3155.7,5.10,,,,,,,,,,,1.00,1,1,5.00,55.0,0.00,0.00,,,0,0,0,1,0
main,19.10,s2chg,342849.3,3131082.1,1958.9845,1958.9845,1958.9845,ok,115.0,85.398511,28.296396,2123.6,0.66,12.73,164.59753,,ok,225.0,85.395148,28.296497,2155.6,0.73,11.35,196.59021,side-valley,164.6,1,340.0,3155.7,5.10,,,,,,,,,,,1.00,1,1,5.00,55.0,0.00,0.00,,,0,0,0,1,0
main,19.20,s2,342847.6,3130984.2,1995.377,1958.9845,1958.9845,ok,115.0,85.398487,28.295358,2135.8,0.96,17.42,176.78186,,ok,205.0,85.395383,28.295886,2115.5,0.80,12.42,156.52942,side-valley,176.8,1,320.0,722.9,23.31,L,20.25,21.40,,,,,,,,1.00,1,1,,45.00,0.00,0.00,,,0,0,0,1,0
main,19.20,s2chg,342847.6,3130984.2,1995.377,1958.9845,1958.9845,ok,115.0,85.398487,28.295358,2135.8,0.96,17.42,176.78186,,ok,205.0,85.395383,28.295886,2115.5,0.80,12.42,156.52942,side-valley,176.8,1,320.0,722.9,23.31,L,20.25,21.40,,,,,,,,1.00,1,1,,45.00,0.00,0.00,,,0,0,0,1,0
main,19.30,s2,342817.1,3130892.3,2002.1912,1958.9845,1958.9845,ok,145.0,85.398412,28.294241,2078.7,1.12,17.14,119.72522,,ok,205.0,85.395196,28.295386,2086.6,1.38,21.20,127.63318,side-valley,119.7,1,350.0,545.3,31.38,L,-7.91,27.26,,,,,,,,1.00,1,1,25.00,55.0,0.00,0.00,,,0,0,1,1,0
main,19.30,s2chg,342817.1,3130892.3,2002.1912,1958.9845,1958.9845,ok,145.0,85.398412,28.294241,2078.7,1.12,17.14,119.72522,,ok,205.0,85.395196,28.295386,2086.6,1.38,21.20,127.63318,side-valley,119.7,1,350.0,545.3,31.38,L,-7.91,27.26,,,,,,,,1.00,1,1,25.00,55.0,0.00,0.00,,,0,0,1,1,0
main,19.40,s2,342761.0,3130809.7,1940.746,1940.746,1940.746,ok,185.0,85.398043,28.293046,2085.8,1.22,18.67,145.04529,,ok,155.0,85.395263,28.294724,2059.1,1.80,27.52,118.352905,side-valley,145.0,1,340.0,707.5,23.85,L,26.69,33.26,,,,,,,,0.97,1,1,35.00,35.00,0.00,0.00,,,0,0,1,1,0
main,19.40,s2chg,342761.0,3130809.7,1940.746,1940.746,1940.746,ok,185.0,85.398043,28.293046,2085.8,1.22,18.67,145.04529,,ok,155.0,85.395263,28.294724,2059.1,1.80,27.52,118.352905,side-valley,145.0,1,340.0,707.5,23.85,L,26.69,33.26,,,,,,,,0.97,1,1,35.00,35.00,0.00,0.00,,,0,0,1,1,0
main,19.50,s2,342701.4,3130729.8,1990.1005,1940.746,1940.746,ok,155.0,85.397122,28.292385,2078.3,1.13,20.09,137.51941,,ok,145.0,85.394817,28.294024,2082.6,0.99,17.93,141.87854,side-valley,137.5,1,300.0,1729.4,9.76,L,-4.36,26.92,,,,,,,,0.98,1,1,15.00,45.00,0.00,0.00,,,0,0,0,0,0
main,19.50,s2chg,342701.4,3130729.8,1990.1005,1940.746,1940.746,ok,155.0,85.397122,28.292385,2078.3,1.13,20.09,137.51941,,ok,145.0,85.394817,28.294024,2082.6,0.99,17.93,141.87854,side-valley,137.5,1,300.0,1729.4,9.76,L,-4.36,26.92,,,,,,,,0.98,1,1,15.00,45.00,0.00,0.00,,,0,0,0,0,0
main,19.60,s2,342635.5,3130654.8,1988.3296,1940.746,1940.746,ok,145.0,85.396385,28.291761,2124.4,1.04,18.62,183.61047,,ok,155.0,85.394072,28.293392,2107.7,1.20,21.20,166.95813,,175.3,2,300.0,7687.7,2.21,,,,,,,,,,,1.00,1,1,5.00,55.0,0.00,0.00,,,0,0,0,0,0
main,19.60,s2chg,342635.5,3130654.8,1988.3296,1940.746,1940.746,ok,145.0,85.396385,28.291761,2124.4,1.04,18.62,183.61047,,ok,155.0,85.394072,28.293392,2107.7,1.20,21.20,166.95813,,175.3,2,300.0,7687.7,2.21,,,,,,,,,,,1.00,1,1,5.00,55.0,0.00,0.00,,,0,0,0,0,0
main,19.70,s2,342562.0,3130587.3,1986.3376,1940.746,1940.746,ok,165.0,85.395788,28.291013,2119.3,0.60,11.79,178.50745,,ok,145.0,85.393425,28.292732,2073.9,1.11,17.10,133.18665,,155.8,2,310.0,1357.0,12.39,R,-45.32,20.77,,,,,,,,1.00,1,1,25.00,55.0,0.00,0.00,,,0,0,0,1,0
main,19.70,s2chg,342562.0,3130587.3,1986.3376,1940.746,1940.746,ok,165.0,85.395788,28.291013,2119.3,0.60,11.79,178.50745,,ok,145.0,85.393425,28.292732,2073.9,1.11,17.10,133.18665,,155.8,2,310.0,1357.0,12.39,R,-45.32,20.77,,,,,,,,1.00,1,1,25.00,55.0,0.00,0.00,,,0,0,0,1,0
main,19.80,s2,342513.2,3130502.8,1925.1968,1925.1968,1925.1968,ok,135.0,85.395121,28.290480,2106.7,1.08,19.25,181.47705,,ok,135.0,85.392964,28.291843,2028.7,1.59,24.32,103.47778,,142.5,2,270.0,3762.0,4.40,,,,,,,,,,,1.00,1,1,5.00,55.0,0.00,0.00,,,0,0,0,1,0
main,19.80,s2chg,342513.2,3130502.8,1925.1968,1925.1968,1925.1968,ok,135.0,85.395121,28.290480,2106.7,1.08,19.25,181.47705,,ok,135.0,85.392964,28.291843,2028.7,1.59,24.32,103.47778,,142.5,2,270.0,3762.0,4.40,,,,,,,,,,,1.00,1,1,5.00,55.0,0.00,0.00,,,0,0,0,1,0
main,19.90,s2,342447.4,3130427.7,1912.3352,1912.3352,1912.3352,ok,155.0,85.394684,28.289768,2136.1,1.11,19.81,223.80981,,ok,115.0,85.392426,28.290997,2028.7,2.19,33.30,116.349365,,170.1,2,270.0,11468.6,1.43,,,,,,,,,,,1.00,1,1,35.00,35.00,0.00,0.00,,,0,0,0,1,0
main,19.90,s2chg,342447.4,3130427.7,1912.3352,1912.3352,1912.3352,ok,155.0,85.394684,28.289768,2136.1,1.11,19.81,223.80981,,ok,115.0,85.392426,28.290997,2028.7,2.19,33.30,116.349365,,170.1,2,270.0,11468.6,1.43,,,,,,,,,,,1.00,1,1,35.00,35.00,0.00,0.00,,,0,0,0,1,0
main,20.00,s2,342420.8,3130336.9,1946.1909,1912.3352,1912.3352,ok,105.0,85.393935,28.289109,2078.9,1.61,27.78,166.5437,,ok,155.0,85.391903,28.290471,2007.5,0.66,10.29,95.118286,side-valley,166.5,1,260.0,684.2,24.59,L,71.4,29.62,42.94,24.11,69.6,strong,15967,582785,1.20,1.00,1,1,25.00,35.00,0.00,0.00,,,0,0,0,1,0
main,20.00,s2chg,342420.8,3130336.9,1946.1909,1912.3352,1912.3352,ok,105.0,85.393935,28.289109,2078.9,1.61,27.78,166.5437,,ok,155.0,85.391903,28.290471,2007.5,0.66,10.29,95.118286,side-valley,166.5,1,260.0,684.2,24.59,L,71.4,29.62,42.94,24.11,69.6,strong,15967,582785,1.20,1.00,1,1,25.00,35.00,0.00,0.00,,,0,0,0,1,0
main,20.00,pelican0827,342420.8,3130336.9,1946.1909,1912.3352,1912.3352,truncated,,,,,,,,capped-by-s2chg,truncated,,,,,,,,side-valley,,0,,684.2,24.59,,,,,,,,,,,0.81,,,,,0.00,0.00,13.50,25.50,,,,,0
main,20.00,pelican0901,342420.8,3130336.9,1946.1909,1912.3352,1912.3352,truncated,,,,,,,,capped-by-s2chg,ok,144.8,85.391952,28.290439,2003.8,0.67,3.21,91.47449,side-valley,,0,,684.2,24.59,,,,,,,,,,,0.96,,1,,38.25,0.00,0.00,57.0,,,0,,1,0
main,20.10,s2,342349.9,3130271.6,1902.7133,1902.7133,1902.7133,ok,115.0,85.393194,28.288348,2043.0,1.19,21.02,140.3114,,ok,145.0,85.391410,28.289958,2006.3,2.85,43.29,103.625854,side-valley,140.3,1,260.0,695.5,24.09,L,36.69,48.12,,,,,,,,1.00,1,1,45.00,15.00,0.00,0.00,,,0,0,0,1,0
main,20.10,s2chg,342349.9,3130271.6,1902.7133,1902.7133,1902.7133,ok,115.0,85.393194,28.288348,2043.0,1.19,21.02,140.3114,,ok,145.0,85.391410,28.289958,2006.3,2.85,43.29,103.625854,side-valley,140.3,1,260.0,695.5,24.09,L,36.69,48.12,,,,,,,,1.00,1,1,45.00,15.00,0.00,0.00,,,0,0,0,1,0
main,20.10,pelican0827,342349.9,3130271.6,1902.7133,1902.7133,1902.7133,no-bare,,,,,,,,,truncated,,,,,,,,side-valley,,0,,695.5,24.09,,,,,,,,,,,0.78,,,,,,4.50,,39.00,,,,,0
main,20.10,pelican0901,342349.9,3130271.6,1902.7133,1902.7133,1902.7133,truncated,,,,,,,,capped-by-s2chg,ok,150.8,85.391338,28.290023,2036.1,2.25,7.85,133.41943,side-valley,,0,,695.5,24.09,,,,,,,,,,,0.99,,1,,11.25,0.00,0.00,43.50,,,0,,1,0
main,20.20,s2,342265.1,3130218.6,1891.8066,1891.8066,1891.8066,ok,155.0,85.392400,28.287441,2043.0,1.56,26.98,151.23926,,ok,125.0,85.390874,28.289469,2017.3,2.20,37.29,125.510864,side-valley,151.2,1,280.0,656.1,25.14,L,25.73,46.03,,,,,,,,0.95,1,1,35.00,15.00,0.00,0.00,,,0,0,0,0,0
main,20.20,s2chg,342265.1,3130218.6,1891.8066,1891.8066,1891.8066,ok,155.0,85.392400,28.287441,2043.0,1.56,26.98,151.23926,,ok,125.0,85.390874,28.289469,2017.3,2.20,37.29,125.510864,side-valley,151.2,1,280.0,656.1,25.14,L,25.73,46.03,,,,,,,,0.95,1,1,35.00,15.00,0.00,0.00,,,0,0,0,0,0
main,20.20,pelican0827,342265.1,3130218.6,1891.8066,1891.8066,1891.8066,truncated,,,,,,,,,truncated,,,,,,,,side-valley,,0,,656.1,25.14,,,,,,,,,,,0.75,,,,,,,,,,,,,0
main,20.20,pelican0901,342265.1,3130218.6,1891.8066,1891.8066,1891.8066,truncated,,,,,,,,capped-by-s2chg,ok,125.2,85.390848,28.289503,2028.0,2.32,18.67,136.1853,side-valley,,0,,656.1,25.14,,,,,,,,,,,0.99,,1,,14.25,0.00,0.00,51.0,,,0,,0,0
main,20.30,s2,342181.8,3130163.4,1877.294,1877.294,1877.294,ok,155.0,85.391421,28.286861,2033.1,1.26,22.23,155.78064,,ok,155.0,85.389998,28.289257,2087.0,2.24,37.89,209.66162,side-valley,155.8,1,310.0,1315.7,12.85,L,-53.9,43.93,,,,,,,,1.00,1,1,45.00,45.00,0.00,0.00,,,0,0,0,0,0
main,20.30,s2chg,342181.8,3130163.4,1877.294,1877.294,1877.294,ok,155.0,85.391421,28.286861,2033.1,1.26,22.23,155.78064,,ok,155.0,85.389998,28.289257,2087.0,2.24,37.89,209.66162,side-valley,155.8,1,310.0,1315.7,12.85,L,-53.9,43.93,,,,,,,,1.00,1,1,45.00,45.00,0.00,0.00,,,0,0,0,0,0
main,20.30,pelican0827,342181.8,3130163.4,1877.294,1877.294,1877.294,truncated,,,,,,,,,truncated,,,,,,,,side-valley,,0,,1315.7,12.85,,,,,,,,,,,0.72,,,,,,,,,,,,,0
main,20.30,pelican0901,342181.8,3130163.4,1877.294,1877.294,1877.294,ok,165.8,85.391493,28.286741,2048.9,1.13,11.10,171.61548,capped-by-s2chg,ok,140.2,85.390048,28.289173,2063.2,2.44,19.44,185.90576,side-valley,,0,306.0,1315.7,12.85,L,-14.29,22.38,,,,,,,,1.00,1,1,39.75,41.25,0.00,0.00,,,0,0,0,0,0
main,20.40,s2,342094.0,3130119.9,1870.6804,1870.6804,1870.6804,ok,195.0,85.390602,28.286087,2022.8,1.02,18.36,152.13074,,ok,135.0,85.389287,28.288730,2042.2,1.79,27.31,171.49097,,161.8,2,330.0,33317.1,0.50,,,,,,,,,,,1.00,1,1,55.0,45.00,0.00,0.00,,,0,0,0,1,0
main,20.40,s2chg,342094.0,3130119.9,1870.6804,1870.6804,1870.6804,ok,195.0,85.390602,28.286087,2022.8,1.02,18.36,152.13074,,ok,135.0,85.389287,28.288730,2042.2,1.79,27.31,171.49097,,161.8,2,330.0,33317.1,0.50,,,,,,,,,,,1.00,1,1,55.0,45.00,0.00,0.00,,,0,0,0,1,0
main,20.40,pelican0827,342094.0,3130119.9,1870.6804,1870.6804,1870.6804,truncated,,,,,,,,capped-by-s2chg,truncated,,,,,,,,capped-by-s2chg,,0,,33317.1,0.50,,,,,,,,,,,0.71,,,,,,,,,,,,,0
main,20.40,pelican0901,342094.0,3130119.9,1870.6804,1870.6804,1870.6804,ok,204.8,85.390659,28.285972,2033.8,0.95,9.96,163.09106,,ok,147.8,85.389217,28.288870,2072.7,2.06,7.27,201.97021,,182.5,2,352.5,33317.1,0.50,,,,,,,,,,,1.00,1,1,32.25,44.25,0.00,0.00,,,0,0,0,1,0
main,20.50,s2,341996.4,3130100.1,1930.8407,1870.6804,1870.6804,ok,285.0,85.390102,28.285205,2001.7,0.93,16.91,131.05957,side-valley,ok,65.0,85.388556,28.287951,2039.0,2.15,36.45,168.3656,,168.4,1,350.0,729.9,23.09,R,37.31,40.18,,,,,,,,1.00,1,1,45.00,25.00,0.00,0.00,,,0,0,0,0,0
main,20.50,s2chg,341996.4,3130100.1,1930.8407,1870.6804,1870.6804,ok,285.0,85.390102,28.285205,2001.7,0.93,16.91,131.05957,side-valley,ok,65.0,85.388556,28.287951,2039.0,2.15,36.45,168.3656,,168.4,1,350.0,729.9,23.09,R,37.31,40.18,,,,,,,,1.00,1,1,45.00,25.00,0.00,0.00,,,0,0,0,0,0
main,20.50,pelican0827,341996.4,3130100.1,1930.8407,1870.6804,1870.6804,truncated,,,,,,,,side-valley,truncated,,,,,,,,capped-by-s2chg,,0,,729.9,23.09,,,,,,,,,,,0.77,,,,,0.00,0.00,55.5,10.50,,,,,0
main,20.50,pelican0901,341996.4,3130100.1,1930.8407,1870.6804,1870.6804,truncated,,,,,,,,side-valley;capped-by-s2chg,ok,78.8,85.388474,28.288096,2073.9,2.24,7.81,203.25781,capped-by-s2chg,,0,,729.9,23.09,,,,,,,,,,,0.99,,1,,21.75,0.00,0.00,31.50,,,0,,1,0
main,20.60,s2,341912.0,3130048.1,1940.3969,1870.6804,1870.6804,ok,265.0,85.389614,28.285142,2003.7,0.70,10.83,133.00488,side-valley,ok,65.0,85.387597,28.287412,2046.4,1.67,28.73,175.7013,,175.7,1,330.0,469.4,36.47,R,42.70,30.70,24.41,9.49,43.61,weak,,,0.63,1.00,1,1,45.00,15.00,0.00,0.00,,,0,0,1,0,0
main,20.60,s2chg,341912.0,3130048.1,1940.3969,1870.6804,1870.6804,ok,265.0,85.389614,28.285142,2003.7,0.70,10.83,133.00488,side-valley,ok,65.0,85.387597,28.287412,2046.4,1.67,28.73,175.7013,,175.7,1,330.0,469.4,36.47,R,42.70,30.70,24.41,9.49,43.61,weak,,,0.63,1.00,1,1,45.00,15.00,0.00,0.00,,,0,0,1,0,0
main,20.60,pelican0827,341912.0,3130048.1,1940.3969,1870.6804,1870.6804,truncated,,,,,,,,side-valley;capped-by-s2chg,truncated,,,,,,,,capped-by-s2chg,,0,,469.4,36.47,,,,,,,,,,,0.79,,,,,0.00,0.00,12.00,7.50,,,,,0
main,20.60,pelican0901,341912.0,3130048.1,1940.3969,1870.6804,1870.6804,truncated,,,,,,,,side-valley;capped-by-s2chg,ok,75.8,85.387503,28.287519,2057.8,1.33,5.12,187.15063,,187.2,1,,469.4,36.47,,,,,,,,,,,0.99,,1,,15.75,0.00,0.00,43.50,,,0,,1,0
main,20.70,s2,341848.3,3129971.2,1858.6453,1858.6453,1858.6453,ok,225.0,85.389165,28.285136,2021.6,1.76,26.91,162.96252,side-valley,ok,85.0,85.386671,28.286704,1980.7,1.76,30.19,122.01306,,122.0,1,310.0,658.2,25.29,R,-40.95,40.44,,,,,,,,1.00,1,1,35.00,35.00,0.00,0.00,,,0,0,1,0,0
main,20.70,s2chg,341848.3,3129971.2,1858.6453,1858.6453,1858.6453,ok,225.0,85.389165,28.285136,2021.6,1.76,26.91,162.96252,side-valley,ok,85.0,85.386671,28.286704,1980.7,1.76,30.19,122.01306,,122.0,1,310.0,658.2,25.29,R,-40.95,40.44,,,,,,,,1.00,1,1,35.00,35.00,0.00,0.00,,,0,0,1,0,0
main,20.70,pelican0827,341848.3,3129971.2,1858.6453,1858.6453,1858.6453,truncated,,,,,,,,side-valley;capped-by-s2chg,truncated,,,,,,,,capped-by-s2chg,,0,,658.2,25.29,,,,,,,,,,,0.83,,,,,0.00,0.00,30.00,39.00,,,,,0
main,20.70,pelican0901,341848.3,3129971.2,1858.6453,1858.6453,1858.6453,truncated,,,,,,,,side-valley;capped-by-s2chg,ok,89.2,85.386601,28.286748,1991.0,1.63,14.24,132.35315,,132.4,1,,658.2,25.29,,,,,,,,,,,0.98,,1,,35.25,0.00,0.00,180.0,,,0,,0,0
main,20.80,s2,341797.8,3129887.9,1858.6738,1858.6453,1858.6453,ok,155.0,85.388151,28.284842,2002.5,1.29,22.68,143.84216,side-valley,ok,115.0,85.385866,28.286031,1937.9,1.15,17.69,79.29138,,79.3,1,270.0,9251.7,1.78,,,,,,,,,,,1.00,1,1,25.00,45.00,0.00,0.00,,,0,0,0,1,0
main,20.80,s2chg,341797.8,3129887.9,1858.6738,1858.6453,1858.6453,ok,155.0,85.388151,28.284842,2002.5,1.29,22.68,143.84216,side-valley,ok,115.0,85.385866,28.286031,1937.9,1.15,17.69,79.29138,,79.3,1,270.0,9251.7,1.78,,,,,,,,,,,1.00,1,1,25.00,45.00,0.00,0.00,,,0,0,0,1,0
main,20.80,pelican0827,341797.8,3129887.9,1858.6738,1858.6453,1858.6453,truncated,,,,,,,,side-valley;capped-by-s2chg,truncated,,,,,,,,capped-by-s2chg,,0,,9251.7,1.78,,,,,,,,,,,0.75,,,,,,,,,,,,,0
main,20.80,pelican0901,341797.8,3129887.9,1858.6738,1858.6453,1858.6453,truncated,,,,,,,,side-valley;capped-by-s2chg,ok,126.8,85.385725,28.286104,1942.8,1.25,11.85,84.10828,,84.1,1,,9251.7,1.78,,,,,,,,,,,0.95,,1,,42.75,0.00,0.00,54.0,,,0,,0,0
main,20.90,s2,341763.2,3129794.4,1883.2325,1858.6453,1858.6453,ok,45.00,85.386821,28.284465,1957.8,1.42,24.63,99.13623,,ok,175.0,85.385099,28.285591,1941.1,0.89,13.74,82.447754,side-valley,99.1,1,220.0,664.7,25.66,L,16.69,28.21,,,,,,,,1.00,1,1,25.00,65.0,0.00,0.00,,,0,0,0,1,0
main,20.90,s2chg,341763.2,3129794.4,1883.2325,1858.6453,1858.6453,ok,45.00,85.386821,28.284465,1957.8,1.42,24.63,99.13623,,ok,175.0,85.385099,28.285591,1941.1,0.89,13.74,82.447754,side-valley,99.1,1,220.0,664.7,25.66,L,16.69,28.21,,,,,,,,1.00,1,1,25.00,65.0,0.00,0.00,,,0,0,0,1,0
main,20.90,pelican0827,341763.2,3129794.4,1883.2325,1858.6453,1858.6453,truncated,,,,,,,,capped-by-s2chg,truncated,,,,,,,,side-valley;capped-by-s2chg,,0,,664.7,25.66,,,,,,,,,,,0.80,,,,,,,,,,,,,0
main,20.90,pelican0901,341763.2,3129794.4,1883.2325,1858.6453,1858.6453,truncated,,,,,,,,capped-by-s2chg,ok,182.2,85.385005,28.285653,1947.9,0.80,3.57,89.292725,side-valley,,0,,664.7,25.66,,,,,,,,,,,0.98,,1,,66.8,0.00,0.00,4.50,,,0,,1,0
main,21.00,s2,341688.5,3129730.3,1892.7188,1858.6453,1858.6453,truncated,,,,,,,,,ok,175.0,85.384630,28.285270,1924.7,0.97,14.92,66.04468,side-valley,,0,,687.6,24.57,,,,,,,,,,,0.84,,1,,55.0,,20.00,,,,0,,1,0
main,21.00,s2chg,341688.5,3129730.3,1892.7188,1858.6453,1858.6453,truncated,,,,,,,,,ok,175.0,85.384630,28.285270,1924.7,0.97,14.92,66.04468,side-valley,,0,,687.6,24.57,,,,,,,,,,,0.84,,1,,55.0,,20.00,,,,0,,1,0
main,21.00,pelican0827,341688.5,3129730.3,1892.7188,1858.6453,1858.6453,truncated,,,,,,,,uncapped-s2-truncated,truncated,,,,,,,,side-valley;capped-by-s2chg,,0,,687.6,24.57,,,,,,,,,,,0.39,,,,,,,,,,,,,0
main,21.00,pelican0901,341688.5,3129730.3,1892.7188,1858.6453,1858.6453,truncated,,,,,,,,uncapped-s2-truncated,ok,174.8,85.384604,28.285297,1928.8,1.13,4.54,70.18811,side-valley,,0,,687.6,24.57,,,,,,,,,,,0.96,,1,,51.8,22.50,7.50,22.50,,,0,,1,0
main,21.10,s2,341598.2,3129687.6,1876.8973,1858.6738,1858.6453,truncated,,,,,,,,,ok,145.0,85.384017,28.284737,1926.9,1.91,29.14,68.20862,side-valley,,0,,2276.2,7.28,,,,,,,,,,,0.68,,1,,55.0,0.00,0.00,0.00,,,0,,1,0
main,21.10,s2chg,341598.2,3129687.6,1876.8973,1858.6738,1858.6453,truncated,,,,,,,,,ok,145.0,85.384017,28.284737,1926.9,1.91,29.14,68.20862,side-valley,,0,,2276.2,7.28,,,,,,,,,,,0.68,,1,,55.0,0.00,0.00,0.00,,,0,,1,0
main,21.10,pelican0827,341598.2,3129687.6,1876.8973,1858.6738,1858.6453,truncated,,,,,,,,uncapped-s2-truncated,truncated,,,,,,,,side-valley;capped-by-s2chg,,0,,2276.2,7.28,,,,,,,,,,,0.43,,,,,0.00,0.00,10.50,6.00,,,,,0
main,21.10,pelican0901,341598.2,3129687.6,1876.8973,1858.6738,1858.6453,truncated,,,,,,,,uncapped-s2-truncated,ok,146.2,85.383985,28.284778,1935.8,1.40,5.34,77.151855,side-valley,,0,,2276.2,7.28,,,,,,,,,,,0.97,,1,,50.2,0.00,0.00,28.50,,,0,,1,0
main,21.20,s2,341517.5,3129628.9,1861.0923,1861.0923,1858.6453,truncated,,,,,,,,,ok,135.0,85.383243,28.284113,1932.7,1.30,20.00,71.63208,side-valley,,0,,7448.9,2.25,,,,,,,,,,,0.57,,1,,45.00,0.00,0.00,50.00,,,0,,1,0
main,21.20,s2chg,341517.5,3129628.9,1861.0923,1861.0923,1858.6453,truncated,,,,,,,,,ok,135.0,85.383243,28.284113,1932.7,1.30,20.00,71.63208,side-valley,,0,,7448.9,2.25,,,,,,,,,,,0.57,,1,,45.00,0.00,0.00,50.00,,,0,,1,0
main,21.20,pelican0827,341517.5,3129628.9,1861.0923,1861.0923,1858.6453,truncated,,,,,,,,uncapped-s2-truncated,truncated,,,,,,,,side-valley;capped-by-s2chg,,0,,7448.9,2.25,,,,,,,,,,,0.48,,,,,55.5,6.00,102.0,13.50,,,,,0
main,21.20,pelican0901,341517.5,3129628.9,1861.0923,1861.0923,1858.6453,truncated,,,,,,,,uncapped-s2-truncated,ok,77.2,85.383559,28.283720,1860.4,0.45,2.60,-0.68444824,side-valley;capped-by-s2chg,,0,,7448.9,2.25,,,,,,,,,,,0.99,,1,,50.2,0.00,0.00,114.0,,,0,,1,0
main,21.30,s2,341437.2,3129573.9,1845.9565,1845.9565,1845.9565,truncated,,,,,,,,,ok,125.0,85.382481,28.283526,1938.0,1.35,20.66,92.03552,,92.0,1,,1843.9,8.96,,,,,,,,,,,0.63,,1,,45.00,0.00,0.00,100.0,,,0,,1,0
main,21.30,s2chg,341437.2,3129573.9,1845.9565,1845.9565,1845.9565,truncated,,,,,,,,,ok,125.0,85.382481,28.283526,1938.0,1.35,20.66,92.03552,,92.0,1,,1843.9,8.96,,,,,,,,,,,0.63,,1,,45.00,0.00,0.00,100.0,,,0,,1,0
main,21.30,pelican0827,341437.2,3129573.9,1845.9565,1845.9565,1845.9565,truncated,,,,,,,,uncapped-s2-truncated,ok,144.8,85.382337,28.283701,1971.0,1.46,5.50,125.024414,capped-by-s2chg,,0,,1843.9,8.96,,,,,,,,,,,0.50,,1,,44.25,,4.50,,,,0,,1,0
main,21.30,pelican0901,341437.2,3129573.9,1845.9565,1845.9565,1845.9565,truncated,,,,,,,,uncapped-s2-truncated,ok,125.2,85.382454,28.283559,1944.7,1.43,5.41,98.79016,,98.8,1,,1843.9,8.96,,,,,,,,,,,0.98,,1,,44.25,0.00,0.00,135.0,,,0,,1,0
main,21.40,s2,341365.2,3129506.6,1828.7701,1828.7701,1828.7701,ok,135.0,85.383226,28.281068,1999.5,1.89,32.28,170.7174,,ok,135.0,85.381724,28.283002,1949.0,1.29,19.76,120.204346,,145.5,2,270.0,1767.0,9.27,R,-50.5,37.85,,,,,,,,0.70,1,1,25.00,45.00,0.00,0.00,,,0,0,0,1,0
main,21.40,s2chg,341365.2,3129506.6,1828.7701,1828.7701,1828.7701,ok,135.0,85.383226,28.281068,1999.5,1.89,32.28,170.7174,,ok,135.0,85.381724,28.283002,1949.0,1.29,19.76,120.204346,,145.5,2,270.0,1767.0,9.27,R,-50.5,37.85,,,,,,,,0.70,1,1,25.00,45.00,0.00,0.00,,,0,0,0,1,0
main,21.40,pelican0827,341365.2,3129506.6,1828.7701,1828.7701,1828.7701,truncated,,,,,,,,capped-by-s2chg,truncated,,,,,,,,capped-by-s2chg,,0,,1767.0,9.27,,,,,,,,,,,0.89,,,,,0.00,0.00,0.00,0.00,,,,,0
main,21.40,pelican0901,341365.2,3129506.6,1828.7701,1828.7701,1828.7701,truncated,,,,,,,,capped-by-s2chg,ok,147.8,85.381626,28.283128,1969.5,1.28,4.97,140.75537,capped-by-s2chg,,0,,1767.0,9.27,,,,,,,,,,,0.99,,1,,39.75,0.00,0.00,21.00,,,0,,1,0
main,21.50,s2,341271.4,3129476.9,1825.1437,1825.1437,1825.1437,ok,185.0,85.382844,28.280628,2004.6,2.05,34.74,179.46826,junction,ok,115.0,85.380716,28.282445,1924.9,1.04,16.07,99.77881,junction,,0,300.0,883.7,18.66,,,,,,,,,,,0.69,1,1,55.0,35.00,0.00,0.00,,,0,0,0,1,0
main,21.50,s2chg,341271.4,3129476.9,1825.1437,1825.1437,1825.1437,ok,185.0,85.382844,28.280628,2004.6,2.05,34.74,179.46826,junction,ok,115.0,85.380716,28.282445,1924.9,1.04,16.07,99.77881,junction,,0,300.0,883.7,18.66,,,,,,,,,,,0.69,1,1,55.0,35.00,0.00,0.00,,,0,0,0,1,0
main,21.50,pelican0827,341271.4,3129476.9,1825.1437,1825.1437,1825.1437,truncated,,,,,,,,junction;capped-by-s2chg,ok,132.8,85.380554,28.282582,1959.4,1.51,5.65,134.27222,junction;capped-by-s2chg,,0,,883.7,18.66,,,,,,,,,,,0.98,,1,,30.75,0.00,0.00,46.50,,,0,,1,0
main,21.50,pelican0901,341271.4,3129476.9,1825.1437,1825.1437,1825.1437,ok,195.8,85.382954,28.280534,2035.9,1.98,16.51,210.76929,junction;capped-by-s2chg,ok,131.2,85.380565,28.282573,1958.3,1.52,5.69,133.19751,junction;capped-by-s2chg,,0,327.0,883.7,18.66,,,,,,,,,,,1.00,1,1,51.8,30.75,0.00,0.00,,,0,0,0,1,0
main,21.60,s2,341225.2,3129390.5,1820.8806,1820.8806,1820.8806,ok,155.0,85.382243,28.280109,1990.6,1.71,29.37,169.71667,junction,ok,155.0,85.379885,28.281832,1923.4,1.99,30.39,102.54773,junction,,0,310.0,8596.7,1.88,,,,,,,,,,,0.83,1,1,45.00,45.00,0.00,0.00,,,0,0,0,1,0
main,21.60,s2chg,341225.2,3129390.5,1820.8806,1820.8806,1820.8806,ok,155.0,85.382243,28.280109,1990.6,1.71,29.37,169.71667,junction,ok,155.0,85.379885,28.281832,1923.4,1.99,30.39,102.54773,junction,,0,310.0,8596.7,1.88,,,,,,,,,,,0.83,1,1,45.00,45.00,0.00,0.00,,,0,0,0,1,0
main,21.60,pelican0827,341225.2,3129390.5,1820.8806,1820.8806,1820.8806,ok,170.2,85.382396,28.279997,1916.2,1.98,7.04,95.347046,junction;capped-by-s2chg,ok,165.8,85.379767,28.281918,1960.7,3.36,11.18,139.77527,junction;capped-by-s2chg,,0,336.0,8596.7,1.88,,,,,,,,,,,1.00,1,1,45.75,45.75,0.00,0.00,,,0,0,1,1,0
main,21.60,pelican0901,341225.2,3129390.5,1820.8806,1820.8806,1820.8806,ok,170.2,85.382396,28.279997,1916.2,1.98,7.04,95.347046,junction;capped-by-s2chg,ok,162.8,85.379790,28.281901,1953.0,3.14,10.50,132.16675,junction,,0,333.0,8596.7,1.88,,,,,,,,,,,1.00,1,1,45.75,45.75,0.00,0.00,,,0,0,1,1,0
main,21.70,s2,341177.2,3129304.3,1820.4543,1820.4543,1820.4543,ok,95.0,85.381232,28.279610,1898.7,1.13,17.32,78.21655,junction,ok,165.0,85.379438,28.281212,1902.9,2.00,30.57,82.450195,junction,,0,260.0,1174.6,13.94,,,,,,,,,,,1.00,1,1,35.00,105.0,0.00,0.00,,,0,0,1,1,0
main,21.70,s2chg,341177.2,3129304.3,1820.4543,1820.4543,1820.4543,ok,95.0,85.381232,28.279610,1898.7,1.13,17.32,78.21655,junction,ok,165.0,85.379438,28.281212,1902.9,2.00,30.57,82.450195,junction,,0,260.0,1174.6,13.94,,,,,,,,,,,1.00,1,1,35.00,105.0,0.00,0.00,,,0,0,1,1,0
main,21.70,pelican0827,341177.2,3129304.3,1820.4543,1820.4543,1820.4543,ok,105.8,85.381340,28.279514,1920.6,1.26,4.91,100.121704,junction;capped-by-s2chg,ok,176.2,85.379327,28.281311,1922.5,1.37,5.23,102.02637,junction;capped-by-s2chg,,0,282.0,1174.6,13.94,,,,,,,,,,,1.00,1,1,32.25,105.8,0.00,0.00,,,0,0,1,1,0
main,21.70,pelican0901,341177.2,3129304.3,1820.4543,1820.4543,1820.4543,ok,104.2,85.381329,28.279523,1918.5,1.30,5.03,98.04712,junction;capped-by-s2chg,ok,158.2,85.379456,28.281196,1899.3,2.00,7.12,78.83984,junction,,0,262.5,1174.6,13.94,,,,,,,,,,,1.00,1,1,32.25,105.8,0.00,0.00,,,0,0,1,1,0
main,21.80,s2,341090.4,3129258.4,1815.7152,1815.7152,1815.7152,ok,85.0,85.380191,28.279181,1917.8,1.43,21.90,102.04797,junction,ok,155.0,85.378801,28.280852,1864.8,0.82,15.22,49.071167,junction,,0,240.0,1061.6,15.70,,,,,,,,,,,1.00,1,1,25.00,35.00,0.00,0.00,,,0,0,1,0,0
main,21.80,s2chg,341090.4,3129258.4,1815.7152,1815.7152,1815.7152,ok,85.0,85.380191,28.279181,1917.8,1.43,21.90,102.04797,junction,ok,55.0,85.379405,28.280125,1829.4,0.81,12.61,13.718506,junction,,0,140.0,1061.6,15.70,,,,,,,,,,,1.00,1,1,25.00,35.00,0.00,0.00,,,0,0,1,1,0
main,21.80,pelican0827,341090.4,3129258.4,1815.7152,1815.7152,1815.7152,ok,99.8,85.380306,28.279043,1930.1,1.35,12.48,114.40222,junction;capped-by-s2chg,ok,66.8,85.379309,28.280242,1833.1,0.03,1.56,17.366089,junction;capped-by-s2chg;prebare-at-trim,,0,166.5,1061.6,15.70,,,,,,,,,,,1.00,1,1,23.25,38.25,0.00,0.00,,,0,1,0,1,0
main,21.80,pelican0901,341090.4,3129258.4,1815.7152,1815.7152,1815.7152,ok,99.8,85.380306,28.279043,1930.1,1.35,12.48,114.40222,junction;capped-by-s2chg,ok,66.8,85.379309,28.280242,1833.1,0.03,1.56,17.366089,junction;capped-by-s2chg;prebare-at-trim,,0,166.5,1061.6,15.70,,,,,,,,,,,1.00,1,1,23.25,38.25,0.00,0.00,,,0,1,0,1,0
main,21.90,s2,341003.6,3129211.3,1813.9121,1813.9121,1813.9121,ok,105.0,85.379393,28.278574,1931.6,1.41,24.54,117.67395,junction,open,,,,,,,,junction,,0,,3245.8,5.04,,,,,,,,,,,1.00,1,,35.00,,0.00,0.00,,600.0,0,,0,,0
main,21.90,s2chg,341003.6,3129211.3,1813.9121,1813.9121,1813.9121,ok,105.0,85.379393,28.278574,1931.6,1.41,24.54,117.67395,junction,open,,,,,,,,junction,,0,,3245.8,5.04,,,,,,,,,,,1.00,1,,35.00,,0.00,0.00,,600.0,0,,0,,0
main,21.90,pelican0827,341003.6,3129211.3,1813.9121,1813.9121,1813.9121,ok,123.8,85.379523,28.278401,1958.8,1.09,10.85,144.86023,junction;capped-by-s2chg,truncated,,,,,,,,junction;uncapped-s2-open,,0,,3245.8,5.04,,,,,,,,,,,0.99,1,,36.75,,0.00,0.00,,451.5,0,,0,,0
main,21.90,pelican0901,341003.6,3129211.3,1813.9121,1813.9121,1813.9121,ok,123.8,85.379523,28.278401,1958.8,1.09,10.85,144.86023,junction;capped-by-s2chg,open,,,,,,,,junction;uncapped-s2-open,,0,,3245.8,5.04,,,,,,,,,,,1.00,1,,36.75,,0.00,0.00,,600.0,0,,0,,0
main,22.00,s2,340931.1,3129143.5,1817.5468,1813.9121,1813.9121,ok,105.0,85.378733,28.277998,1918.8,1.42,24.73,104.854004,junction,open,,,,,,,,junction,,0,,609.2,26.32,,,,,,,,,,,1.00,1,,45.00,,0.00,0.00,,600.0,0,,0,,0
main,22.00,s2chg,340931.1,3129143.5,1817.5468,1813.9121,1813.9121,ok,105.0,85.378733,28.277998,1918.8,1.42,24.73,104.854004,junction,open,,,,,,,,junction,,0,,609.2,26.32,,,,,,,,,,,1.00,1,,45.00,,0.00,0.00,,600.0,0,,0,,0
main,22.00,pelican0827,340931.1,3129143.5,1817.5468,1813.9121,1813.9121,ok,120.8,85.378859,28.277857,1943.2,1.26,11.89,129.2649,junction;capped-by-s2chg,truncated,,,,,,,,junction;uncapped-s2-open,,0,,609.2,26.32,,,,,,,,,,,0.97,1,,47.25,,0.00,0.00,,519.0,0,,0,,0
main,22.00,pelican0901,340931.1,3129143.5,1817.5468,1813.9121,1813.9121,ok,120.8,85.378859,28.277857,1943.2,1.26,11.89,129.2649,junction;capped-by-s2chg,open,,,,,,,,junction;uncapped-s2-open,,0,,609.2,26.32,,,,,,,,,,,1.00,1,,47.25,,0.00,0.00,,600.0,0,,0,,0
main,22.10,s2,340846.7,3129089.9,1801.5165,1801.5165,1801.5165,ok,165.0,85.378485,28.277273,1934.7,1.11,19.78,133.23047,junction;side-valley;no-change-in-run,ok,165.0,85.376008,28.279152,1910.6,1.19,18.24,109.04224,junction,,0,330.0,312.1,53.3,,,,,,,,,,,1.00,0,1,125.0,65.0,0.00,0.00,,,0,0,0,1,0
main,22.10,s2chg,340846.7,3129089.9,1801.5165,1801.5165,1801.5165,ok,165.0,85.378485,28.277273,1934.7,1.11,19.78,133.23047,junction;side-valley;no-change-in-run,ok,165.0,85.376008,28.279152,1910.6,1.19,18.24,109.04224,junction,,0,330.0,312.1,53.3,,,,,,,,,,,1.00,0,1,125.0,65.0,0.00,0.00,,,0,0,0,1,0
main,22.10,pelican0827,340846.7,3129089.9,1801.5165,1801.5165,1801.5165,ok,72.8,85.377804,28.277790,1822.1,0.66,8.11,20.556763,junction;side-valley;capped-by-s2chg;prebare-at-trim;no-change-in-run,truncated,,,,,,,,junction;capped-by-s2chg,,0,,312.1,53.3,,,,,,,,,,,0.96,0,,45.75,,0.00,0.00,,51.0,1,,0,,0
main,22.10,pelican0901,340846.7,3129089.9,1801.5165,1801.5165,1801.5165,ok,72.8,85.377804,28.277790,1822.1,0.66,8.11,20.556763,junction;side-valley;capped-by-s2chg;prebare-at-trim;no-change-in-run,ok,182.2,85.375842,28.279278,1939.1,0.81,3.62,137.55762,junction;capped-by-s2chg,,0,255.0,312.1,53.3,,,,,,,,,,,1.00,0,1,45.75,62.2,0.00,0.00,,,1,0,0,1,0
main,22.20,s2,340797.8,3129012.5,1797.3217,1797.3217,1797.3217,ok,175.0,85.378431,28.277103,1933.3,1.05,18.75,135.95422,junction,ok,105.0,85.375777,28.277746,1946.8,0.92,14.20,149.453,junction;side-valley,,0,280.0,293.3,58.7,,,,,,,,,,,1.00,1,1,125.0,15.00,0.00,0.00,,,0,0,0,1,0
main,22.20,s2chg,340797.8,3129012.5,1797.3217,1797.3217,1797.3217,ok,175.0,85.378431,28.277103,1933.3,1.05,18.75,135.95422,junction,ok,105.0,85.375777,28.277746,1946.8,0.92,14.20,149.453,junction;side-valley,,0,280.0,293.3,58.7,,,,,,,,,,,1.00,1,1,125.0,15.00,0.00,0.00,,,0,0,0,1,0
main,22.20,pelican0827,340797.8,3129012.5,1797.3217,1797.3217,1797.3217,ok,194.2,85.378662,28.277047,1948.8,0.63,7.91,151.51843,junction;capped-by-s2chg,ok,116.2,85.375624,28.277783,1962.4,1.37,5.25,165.11707,junction;side-valley;capped-by-s2chg,,0,310.5,293.3,58.7,,,,,,,,,,,1.00,1,1,44.25,18.75,0.00,0.00,,,0,0,0,1,0
main,22.20,pelican0901,340797.8,3129012.5,1797.3217,1797.3217,1797.3217,ok,194.2,85.378662,28.277047,1948.8,0.63,7.91,151.51843,junction;capped-by-s2chg,ok,104.2,85.375742,28.277754,1949.7,1.01,4.19,152.41296,junction;side-valley,,0,298.5,293.3,58.7,,,,,,,,,,,1.00,1,1,44.25,18.75,0.00,0.00,,,0,0,0,1,0
main,22.30,s2,340798.7,3128918.9,1794.4862,1794.4862,1794.4862,ok,185.0,85.378592,28.276924,1943.3,0.60,11.81,148.82288,junction,ok,145.0,85.375373,28.276460,1882.2,0.82,12.62,87.68298,junction;side-valley,,0,330.0,354.1,46.44,,,,,,,,,,,1.00,1,1,55.0,35.00,0.00,0.00,,,0,0,0,1,0
main,22.30,s2chg,340798.7,3128918.9,1794.4862,1794.4862,1794.4862,ok,75.0,85.377486,28.276765,1814.2,0.24,4.16,19.700317,junction,ok,145.0,85.375373,28.276460,1882.2,0.82,12.62,87.68298,junction;side-valley,,0,220.0,354.1,46.44,,,,,,,,,,,1.00,1,1,55.0,35.00,0.00,0.00,,,0,0,1,1,0
main,22.30,pelican0827,340798.7,3128918.9,1794.4862,1794.4862,1794.4862,ok,87.8,85.377657,28.276789,1822.4,0.80,3.59,27.895142,junction;capped-by-s2chg;prebare-at-trim,ok,155.2,85.375227,28.276439,1891.1,0.93,3.96,96.622314,junction;side-valley;capped-by-s2chg,,0,243.0,354.1,46.44,,,,,,,,,,,1.00,1,1,51.8,39.75,0.00,0.00,,,1,0,1,1,0
main,22.30,pelican0901,340798.7,3128918.9,1794.4862,1794.4862,1794.4862,ok,87.8,85.377657,28.276789,1822.4,0.80,3.59,27.895142,junction;capped-by-s2chg;prebare-at-trim,ok,153.8,85.375242,28.276441,1890.2,0.93,3.96,95.7251,junction;side-valley,,0,241.5,354.1,46.44,,,,,,,,,,,1.00,1,1,51.8,39.75,0.00,0.00,,,1,0,1,1,0
main,22.40,s2,340837.2,3128826.9,1793.7511,1793.7511,1793.7511,ok,125.0,85.378345,28.276186,1871.9,1.22,18.65,78.186035,junction,ok,175.0,85.375545,28.275345,1870.4,0.97,14.96,76.63452,junction;side-valley,,0,300.0,1460.4,11.00,,,,,,,,,,,1.00,1,1,65.0,65.0,0.00,0.00,,,0,0,1,1,0
main,22.40,s2chg,340837.2,3128826.9,1793.7511,1793.7511,1793.7511,ok,125.0,85.378345,28.276186,1871.9,1.22,18.65,78.186035,junction,ok,175.0,85.375545,28.275345,1870.4,0.97,14.96,76.63452,junction;side-valley,,0,300.0,1460.4,11.00,,,,,,,,,,,1.00,1,1,65.0,65.0,0.00,0.00,,,0,0,1,1,0
main,22.40,pelican0827,340837.2,3128826.9,1793.7511,1793.7511,1793.7511,ok,144.8,85.378576,28.276255,1918.5,1.18,11.37,124.796875,junction;capped-by-s2chg,ok,201.8,85.375246,28.275256,1903.5,1.78,6.47,109.72302,junction;side-valley;capped-by-s2chg,,0,346.5,1460.4,11.00,,,,,,,,,,,1.00,1,1,66.8,60.8,0.00,0.00,,,0,0,0,1,0
main,22.40,pelican0901,340837.2,3128826.9,1793.7511,1793.7511,1793.7511,ok,144.8,85.378576,28.276255,1918.5,1.18,11.37,124.796875,junction;capped-by-s2chg,ok,201.8,85.375246,28.275256,1903.5,1.78,6.47,109.72302,junction;side-valley;capped-by-s2chg,,0,346.5,1460.4,11.00,,,,,,,,,,,1.00,1,1,66.8,60.8,0.00,0.00,,,0,0,0,1,0
main,22.50,s2,340861.7,3128730.3,1787.0112,1787.0112,1787.0112,ok,125.0,85.378638,28.275224,1871.0,0.66,10.33,83.96924,junction,ok,185.0,85.375666,28.274586,1861.7,1.39,21.24,74.67786,junction;no-change-in-run,,0,310.0,1485.2,11.30,,,,,,,,,,,1.00,1,0,75.0,175.0,0.00,0.00,,,0,0,1,1,0
main,22.50,s2chg,340861.7,3128730.3,1787.0112,1787.0112,1787.0112,ok,125.0,85.378638,28.275224,1871.0,0.66,10.33,83.96924,junction,ok,185.0,85.375666,28.274586,1861.7,1.39,21.24,74.67786,junction;no-change-in-run,,0,310.0,1485.2,11.30,,,,,,,,,,,1.00,1,0,75.0,175.0,0.00,0.00,,,0,0,1,1,0
main,22.50,pelican0827,340861.7,3128730.3,1787.0112,1787.0112,1787.0112,ok,135.8,85.378787,28.275256,1881.0,0.68,3.25,94.03735,junction;capped-by-s2chg,ok,201.8,85.375458,28.274542,1886.5,1.22,4.80,99.482544,junction;capped-by-s2chg,,0,337.5,1485.2,11.30,,,,,,,,,,,1.00,1,1,69.8,74.2,0.00,0.00,,,0,0,1,1,0
main,22.50,pelican0901,340861.7,3128730.3,1787.0112,1787.0112,1787.0112,ok,134.2,85.378772,28.275253,1880.0,0.69,3.26,93.022095,junction;capped-by-s2chg,ok,200.2,85.375473,28.274545,1884.7,1.22,4.80,97.71155,junction;capped-by-s2chg,,0,334.5,1485.2,11.30,,,,,,,,,,,1.00,1,1,69.8,74.2,0.00,0.00,,,0,0,1,1,0
main,22.60,s2,340880.3,3128632.8,1779.9619,1779.9619,1779.9619,ok,135.0,85.378970,28.274214,1865.1,0.63,9.78,85.12073,junction,ok,175.0,85.375929,28.273930,1867.7,0.93,14.28,87.76709,junction;side-valley,,0,310.0,959.1,17.83,,,,,,,,,,,1.00,1,1,75.0,135.0,0.00,0.00,,,0,0,1,1,0
main,22.60,s2chg,340880.3,3128632.8,1779.9619,1779.9619,1779.9619,ok,135.0,85.378970,28.274214,1865.1,0.63,9.78,85.12073,junction,ok,175.0,85.375929,28.273930,1867.7,0.93,14.28,87.76709,junction;side-valley,,0,310.0,959.1,17.83,,,,,,,,,,,1.00,1,1,75.0,135.0,0.00,0.00,,,0,0,1,1,0
main,22.60,pelican0827,340880.3,3128632.8,1779.9619,1779.9619,1779.9619,ok,144.8,85.379112,28.274227,1873.8,0.66,3.20,93.86267,junction;capped-by-s2chg,ok,186.8,85.375767,28.273915,1880.2,0.97,4.09,100.18982,junction;side-valley;capped-by-s2chg,,0,331.5,959.1,17.83,,,,,,,,,,,1.00,1,1,80.2,131.2,0.00,0.00,,,0,0,1,1,0
main,22.60,pelican0901,340880.3,3128632.8,1779.9619,1779.9619,1779.9619,ok,131.2,85.378975,28.274215,1865.4,0.62,3.07,85.417725,junction,ok,186.8,85.375767,28.273915,1880.2,0.97,4.09,100.18982,junction;side-valley;capped-by-s2chg,,0,318.0,959.1,17.83,,,,,,,,,,,1.00,1,1,80.2,131.2,0.00,0.00,,,0,0,1,1,0
main,22.70,s2,340883.4,3128533.6,1777.2582,1777.2582,1777.2582,ok,145.0,85.379124,28.273176,1837.0,0.94,14.44,59.706665,junction,ok,155.0,85.376168,28.273220,1842.4,0.38,6.14,65.16577,junction;side-valley,,0,300.0,1467.6,11.62,,,,,,,,,,,1.00,1,1,85.0,105.0,0.00,0.00,,,0,0,1,1,0
main,22.70,s2chg,340883.4,3128533.6,1777.2582,1777.2582,1777.2582,ok,145.0,85.379124,28.273176,1837.0,0.94,14.44,59.706665,junction,ok,155.0,85.376168,28.273220,1842.4,0.38,6.14,65.16577,junction;side-valley,,0,300.0,1467.6,11.62,,,,,,,,,,,1.00,1,1,85.0,105.0,0.00,0.00,,,0,0,1,1,0
main,22.70,pelican0827,340883.4,3128533.6,1777.2582,1777.2582,1777.2582,truncated,,,,,,,,junction;capped-by-s2chg,ok,168.8,85.375985,28.273222,1793.7,0.59,7.66,16.410889,junction;side-valley;capped-by-s2chg,,0,,1467.6,11.62,,,,,,,,,,,0.99,,1,,102.8,0.00,0.00,31.50,,,0,,0,0
main,22.70,pelican0901,340883.4,3128533.6,1777.2582,1777.2582,1777.2582,ok,150.8,85.379226,28.273174,1846.6,0.98,4.12,69.3302,junction,ok,168.8,85.375985,28.273222,1793.7,0.59,7.66,16.410889,junction;side-valley;capped-by-s2chg,,0,319.5,1467.6,11.62,,,,,,,,,,,1.00,1,1,86.2,102.8,0.00,0.00,,,0,0,1,0,0
main,22.80,s2,340869.3,3128435.0,1773.5977,1773.5977,1773.5977,ok,185.0,85.379400,28.272250,1845.5,0.87,13.40,71.85364,junction;side-valley,ok,125.0,85.376344,28.272342,1813.7,1.20,18.36,40.05957,junction,,0,310.0,1909.3,8.80,,,,,,,,,,,1.00,1,1,105.0,75.0,0.00,0.00,,,0,0,1,1,0
main,22.80,s2chg,340869.3,3128435.0,1773.5977,1773.5977,1773.5977,ok,185.0,85.379400,28.272250,1845.5,0.87,13.40,71.85364,junction;side-valley,ok,125.0,85.376344,28.272342,1813.7,1.20,18.36,40.05957,junction,,0,310.0,1909.3,8.80,,,,,,,,,,,1.00,1,1,105.0,75.0,0.00,0.00,,,0,0,1,1,0
main,22.80,pelican0827,340869.3,3128435.0,1773.5977,1773.5977,1773.5977,ok,195.8,85.379553,28.272245,1857.0,0.81,3.61,83.40552,junction;side-valley;capped-by-s2chg,ok,140.2,85.376146,28.272348,1839.5,1.30,5.04,65.89465,junction,,0,336.0,1909.3,8.80,,,,,,,,,,,1.00,1,1,104.2,78.8,0.00,0.00,,,0,0,1,1,0
main,22.80,pelican0901,340869.3,3128435.0,1773.5977,1773.5977,1773.5977,ok,185.2,85.379446,28.272249,1849.1,0.85,3.72,75.483154,junction;side-valley,ok,144.8,85.376100,28.272349,1845.3,1.28,4.97,71.653564,junction;capped-by-s2chg,,0,330.0,1909.3,8.80,,,,,,,,,,,1.00,1,1,104.2,78.8,0.00,0.00,,,0,0,1,1,0
main,22.90,s2,340870.5,3128335.9,1768.9553,1768.9553,1768.9553,ok,195.0,85.379527,28.271332,1840.7,0.53,8.30,71.72046,,ok,155.0,85.376065,28.271475,1823.8,0.86,13.34,54.845825,side-valley,71.7,1,350.0,824.9,20.23,L,16.87,15.71,19.75,3.81,37.41,weak,,,0.79,1.00,1,1,75.0,55.0,0.00,0.00,,,0,0,1,1,0
main,22.90,s2chg,340870.5,3128335.9,1768.9553,1768.9553,1768.9553,ok,195.0,85.379527,28.271332,1840.7,0.53,8.30,71.72046,,ok,85.0,85.376778,28.271445,1782.6,0.20,3.53,13.679565,side-valley,71.7,1,280.0,824.9,20.23,L,58.0,9.01,40.96,27.62,60.0,strong,6905,240371,2.00,1.00,1,1,75.0,55.0,0.00,0.00,,,0,0,1,1,0
main,22.90,pelican0827,340870.5,3128335.9,1768.9553,1768.9553,1768.9553,ok,215.2,85.379777,28.271322,1845.6,0.53,2.82,76.61304,capped-by-s2chg,ok,95.2,85.376630,28.271451,1784.1,0.14,1.80,15.148071,side-valley;capped-by-s2chg;prebare-at-trim,,0,310.5,824.9,20.23,L,61.5,3.35,40.02,28.56,56.0,strong,7698,261894,1.89,1.00,1,1,80.2,50.2,0.00,0.00,,,0,1,1,1,0
main,22.90,pelican0901,340870.5,3128335.9,1768.9553,1768.9553,1768.9553,ok,204.8,85.379670,28.271326,1843.3,0.51,2.76,74.35974,,ok,95.2,85.376630,28.271451,1784.1,0.14,1.80,15.148071,side-valley;capped-by-s2chg;prebare-at-trim,74.4,1,300.0,824.9,20.23,L,59.2,3.30,39.96,28.50,56.0,strong,7417,251940,1.91,1.00,1,1,80.2,50.2,0.00,0.00,,,0,1,1,1,0
main,23.00,s2,340869.4,3128236.4,1766.2295,1766.2295,1766.2295,ok,155.0,85.379086,28.270211,1847.2,1.49,22.73,80.9928,,ok,175.0,85.375906,28.270855,1821.5,2.02,30.88,55.293823,,68.1,2,330.0,647.8,26.09,L,25.70,38.34,,,,,,,,1.00,1,1,45.00,45.00,0.00,0.00,,,0,0,1,1,0
main,23.00,s2chg,340869.4,3128236.4,1766.2295,1766.2295,1766.2295,ok,85.0,85.378391,28.270352,1792.9,0.37,5.95,26.623657,,ok,85.0,85.376801,28.270674,1774.5,0.24,4.09,8.237427,,17.43,2,170.0,647.8,26.09,L,18.39,7.22,26.22,14.99,42.16,strong,2077,46277,2.00,1.00,1,1,45.00,45.00,0.00,0.00,,,0,0,1,1,0
main,23.00,pelican0827,340869.4,3128236.4,1766.2295,1766.2295,1766.2295,ok,98.2,85.378565,28.270317,1799.6,0.35,2.34,33.376587,capped-by-s2chg;prebare-at-trim,ok,96.8,85.376642,28.270706,1773.8,0.38,2.43,7.5236816,capped-by-s2chg;prebare-at-trim,,0,195.0,647.8,26.09,L,25.85,3.37,29.03,19.86,42.06,strong,2681,66156,2.05,1.00,1,1,41.25,41.25,0.00,0.00,,,1,1,1,1,0
main,23.00,pelican0901,340869.4,3128236.4,1766.2295,1766.2295,1766.2295,ok,98.2,85.378565,28.270317,1799.6,0.35,2.34,33.376587,capped-by-s2chg;prebare-at-trim,ok,96.8,85.376642,28.270706,1773.8,0.38,2.43,7.5236816,capped-by-s2chg;prebare-at-trim,,0,195.0,647.8,26.09,L,25.85,3.37,29.03,19.86,42.06,strong,2681,66156,2.05,1.00,1,1,41.25,41.25,0.00,0.00,,,1,1,1,1,0
main,23.10,s2,340832.2,3128147.1,1760.5197,1760.5197,1760.5197,ok,125.0,85.378322,28.269218,1855.7,0.97,14.89,95.22681,,ok,175.0,85.375679,28.270390,1829.3,0.96,14.87,68.82056,,82.0,2,300.0,788.5,21.17,L,26.41,21.04,26.09,8.63,47.66,weak,,,0.92,1.00,1,1,55.0,25.00,0.00,0.00,,,0,0,1,1,0
main,23.10,s2chg,340832.2,3128147.1,1760.5197,1760.5197,1760.5197,ok,125.0,85.378322,28.269218,1855.7,0.97,14.89,95.22681,,ok,45.00,85.376864,28.269865,1777.9,0.20,3.62,17.396729,,56.3,2,170.0,788.5,21.17,L,77.8,15.32,59.5,39.13,88.7,weak,,,2.53,1.00,1,1,55.0,25.00,0.00,0.00,,,0,0,1,1,0
main,23.10,pelican0827,340832.2,3128147.1,1760.5197,1760.5197,1760.5197,ok,138.8,85.378486,28.269146,1872.0,0.83,3.66,111.45886,capped-by-s2chg,ok,62.2,85.376668,28.269951,1777.2,0.04,1.58,16.724487,capped-by-s2chg;prebare-at-trim,,0,201.0,788.5,21.17,L,94.7,3.99,60.4,43.36,84.0,strong,10484,538058,2.41,1.00,1,1,53.2,24.75,0.00,0.00,,,0,1,1,1,0
main,23.10,pelican0901,340832.2,3128147.1,1760.5197,1760.5197,1760.5197,ok,123.8,85.378349,28.269206,1858.5,0.96,4.06,98.01245,,ok,62.2,85.376668,28.269951,1777.2,0.04,1.58,16.724487,capped-by-s2chg;prebare-at-trim,98.0,1,186.0,788.5,21.17,L,81.3,4.35,58.1,41.51,81.3,strong,8818,435764,2.45,1.00,1,1,53.2,24.75,0.00,0.00,,,0,1,1,1,0
main,23.20,s2,340764.0,3128074.2,1753.9976,1753.9976,1753.9976,ok,185.0,85.378145,28.268245,1856.6,0.88,13.60,102.63318,side-valley,ok,85.0,85.375831,28.269389,1824.6,0.84,12.98,70.62109,,70.6,1,270.0,10277.1,1.60,,,,,,,,,,,1.00,1,1,45.00,35.00,0.00,0.00,,,0,0,1,1,0
main,23.20,s2chg,340764.0,3128074.2,1753.9976,1753.9976,1753.9976,ok,125.0,85.377611,28.268509,1821.0,0.35,5.69,67.0354,side-valley,ok,85.0,85.375831,28.269389,1824.6,0.84,12.98,70.62109,,70.6,1,210.0,10277.1,1.60,,,,,,,,,,,1.00,1,1,45.00,35.00,0.00,0.00,,,0,0,1,1,0
main,23.20,pelican0827,340764.0,3128074.2,1753.9976,1753.9976,1753.9976,ok,143.2,85.377812,28.268410,1830.8,0.53,2.84,76.80615,side-valley;capped-by-s2chg;prebare-at-trim,ok,99.8,85.375662,28.269472,1834.6,0.57,2.94,80.589355,capped-by-s2chg,,0,243.0,10277.1,1.60,,,,,,,,,,,1.00,1,1,41.25,39.75,0.00,0.00,,,1,0,1,1,0
main,23.20,pelican0901,340764.0,3128074.2,1753.9976,1753.9976,1753.9976,ok,143.2,85.377812,28.268410,1830.8,0.53,2.84,76.80615,side-valley;capped-by-s2chg;prebare-at-trim,ok,96.8,85.375689,28.269459,1833.4,0.54,2.86,79.35266,,79.4,1,240.0,10277.1,1.60,,,,,,,,,,,1.00,1,1,41.25,39.75,0.00,0.00,,,1,0,1,1,0
main,23.30,s2,340731.1,3127984.5,1751.5879,1751.5879,1751.5879,ok,145.0,85.377546,28.267755,1828.4,1.18,18.07,76.80029,side-valley,ok,95.0,85.375369,28.268525,1820.2,0.91,16.61,68.57703,,68.6,1,240.0,4034.2,4.03,,,,,,,,,,,1.00,1,1,35.00,55.0,0.00,0.00,,,0,0,1,0,0
main,23.30,s2chg,340731.1,3127984.5,1751.5879,1751.5879,1751.5879,ok,145.0,85.377546,28.267755,1828.4,1.18,18.07,76.80029,side-valley,ok,95.0,85.375369,28.268525,1820.2,0.91,16.61,68.57703,,68.6,1,240.0,4034.2,4.03,,,,,,,,,,,1.00,1,1,35.00,55.0,0.00,0.00,,,0,0,1,0,0
main,23.30,pelican0827,340731.1,3127984.5,1751.5879,1751.5879,1751.5879,ok,156.8,85.377697,28.267702,1877.2,1.33,12.35,125.6366,side-valley;capped-by-s2chg,truncated,,,,,,,,capped-by-s2chg,,0,,4034.2,4.03,,,,,,,,,,,0.98,1,,30.75,,0.00,0.00,,76.5,0,,0,,0
main,23.30,pelican0901,340731.1,3127984.5,1751.5879,1751.5879,1751.5879,ok,156.8,85.377697,28.267702,1877.2,1.33,12.35,125.6366,side-valley;capped-by-s2chg,ok,104.2,85.375241,28.268570,1833.7,0.94,9.86,82.07959,,82.1,1,261.0,4034.2,4.03,,,,,,,,,,,1.00,1,1,30.75,54.8,0.00,0.00,,,0,0,0,0,0
main,23.40,s2,340694.1,3127893.0,1745.9955,1745.9955,1745.9955,ok,135.0,85.377078,28.266940,1842.2,2.03,30.98,96.24158,side-valley,ok,65.0,85.375292,28.267603,1825.6,0.63,9.92,79.604614,side-valley,,0,200.0,1020.2,15.96,L,16.64,32.53,,,,,,,,1.00,1,1,65.0,25.00,0.00,0.00,,,0,0,1,1,0
main,23.40,s2chg,340694.1,3127893.0,1745.9955,1745.9955,1745.9955,ok,135.0,85.377078,28.266940,1842.2,2.03,30.98,96.24158,side-valley,ok,65.0,85.375292,28.267603,1825.6,0.63,9.92,79.604614,side-valley,,0,200.0,1020.2,15.96,L,16.64,32.53,,,,,,,,1.00,1,1,65.0,25.00,0.00,0.00,,,0,0,1,1,0
main,23.40,pelican0827,340694.1,3127893.0,1745.9955,1745.9955,1745.9955,ok,147.8,85.377238,28.266880,1854.1,0.66,3.18,108.14868,side-valley;capped-by-s2chg,ok,83.2,85.375081,28.267681,1836.6,0.99,4.14,90.615845,side-valley;capped-by-s2chg,,0,231.0,1020.2,15.96,L,17.53,5.22,27.56,16.95,42.78,strong,14441,338300,0.88,1.00,1,1,60.8,26.25,0.00,0.00,,,0,0,1,1,0
main,23.40,pelican0901,340694.1,3127893.0,1745.9955,1745.9955,1745.9955,ok,144.8,85.377210,28.266891,1852.3,0.63,3.10,106.33716,side-valley,ok,78.8,85.375123,28.267665,1832.4,0.76,3.46,86.4259,side-valley,,0,223.5,1020.2,15.96,L,19.91,4.64,29.86,19.19,45.19,strong,13764,349348,0.97,1.00,1,1,60.8,26.25,0.00,0.00,,,0,0,1,1,0
main,23.50,s2,340662.1,3127802.3,1742.1069,1742.1069,1742.1069,ok,305.0,85.377883,28.264829,1824.1,0.70,10.94,81.98694,side-valley,ok,85.0,85.374918,28.267035,1818.3,1.46,22.39,76.18091,side-valley,,0,390.0,530.2,31.83,L,5.81,24.92,,,,,,,,1.00,1,1,55.0,65.0,0.00,0.00,,,0,0,1,1,0
main,23.50,s2chg,340662.1,3127802.3,1742.1069,1742.1069,1742.1069,ok,305.0,85.377883,28.264829,1824.1,0.70,10.94,81.98694,side-valley,ok,85.0,85.374918,28.267035,1818.3,1.46,22.39,76.18091,side-valley,,0,390.0,530.2,31.83,L,5.81,24.92,,,,,,,,1.00,1,1,55.0,65.0,0.00,0.00,,,0,0,1,1,0
main,23.50,pelican0827,340662.1,3127802.3,1742.1069,1742.1069,1742.1069,ok,90.8,85.376244,28.266048,1776.2,0.36,2.35,34.0907,side-valley;capped-by-s2chg,ok,96.8,85.374793,28.267128,1823.7,0.40,2.47,81.63208,side-valley;capped-by-s2chg,,0,187.5,530.2,31.83,L,-47.54,3.41,,,,,,,,1.00,1,1,50.2,68.2,0.00,0.00,,,0,0,1,1,0
main,23.50,pelican0901,340662.1,3127802.3,1742.1069,1742.1069,1742.1069,truncated,,,,,,,,side-valley;capped-by-s2chg,ok,96.8,85.374793,28.267128,1823.7,0.40,2.47,81.63208,side-valley;capped-by-s2chg,,0,,530.2,31.83,,,,,,,,,,,1.00,,1,,68.2,0.00,0.00,81.0,,,0,,1,0
main,23.60,s2,340579.4,3127749.1,1737.4839,1737.4839,1737.4839,ok,265.0,85.376476,28.264335,1842.5,0.74,11.44,105.02075,side-valley,ok,95.0,85.374094,28.266686,1805.0,0.69,10.73,67.551025,,67.6,1,360.0,1038.9,15.68,L,37.47,15.69,32.57,18.22,52.9,strong,15171,419995,1.12,1.00,1,1,45.00,55.0,0.00,0.00,,,0,0,1,1,0
main,23.60,s2chg,340579.4,3127749.1,1737.4839,1737.4839,1737.4839,ok,265.0,85.376476,28.264335,1842.5,0.74,11.44,105.02075,side-valley,ok,95.0,85.374094,28.266686,1805.0,0.69,10.73,67.551025,,67.6,1,360.0,1038.9,15.68,L,37.47,15.69,32.57,18.22,52.9,strong,15171,419995,1.12,1.00,1,1,45.00,55.0,0.00,0.00,,,0,0,1,1,0
main,23.60,pelican0827,340579.4,3127749.1,1737.4839,1737.4839,1737.4839,ok,107.2,85.375431,28.265366,1783.1,0.05,1.60,45.600952,side-valley;capped-by-s2chg;prebare-at-trim,ok,108.8,85.373972,28.266807,1815.0,0.74,3.40,77.557495,capped-by-s2chg,,0,216.0,1038.9,15.68,L,-31.96,3.76,,,,,,,,1.00,1,1,45.75,54.8,0.00,0.00,,,1,0,1,1,0
main,23.60,pelican0901,340579.4,3127749.1,1737.4839,1737.4839,1737.4839,ok,107.2,85.375431,28.265366,1783.1,0.05,1.60,45.600952,side-valley;capped-by-s2chg;prebare-at-trim,ok,93.8,85.374074,28.266707,1806.7,0.69,3.27,69.227295,,69.2,1,201.0,1038.9,15.68,L,-23.63,3.64,,,,,,,,1.00,1,1,45.75,54.8,0.00,0.00,,,1,0,1,1,0
main,23.70,s2,340500.0,3127695.2,1735.248,1735.248,1735.248,ok,225.0,85.375223,28.263979,1838.3,0.75,11.61,103.06604,side-valley,ok,105.0,85.373305,28.266315,1820.2,2.43,37.06,84.95178,,85.0,1,330.0,938.6,16.54,R,-18.11,38.84,,,,,,,,1.00,1,1,55.0,15.00,0.00,0.00,,,0,0,1,1,0
main,23.70,s2chg,340500.0,3127695.2,1735.248,1735.248,1735.248,ok,95.0,85.374444,28.264928,1777.9,0.17,3.08,42.63794,side-valley,ok,105.0,85.373305,28.266315,1820.2,2.43,37.06,84.95178,,85.0,1,200.0,938.6,16.54,R,42.31,37.19,44.14,11.27,82.4,weak,,,1.76,1.00,1,1,55.0,15.00,0.00,0.00,,,0,0,1,1,0
main,23.70,pelican0827,340500.0,3127695.2,1735.248,1735.248,1735.248,ok,107.2,85.374542,28.264807,1779.2,0.11,1.75,43.918457,side-valley;capped-by-s2chg;prebare-at-trim,ok,119.2,85.373194,28.266450,1850.0,1.45,5.49,114.79138,capped-by-s2chg,,0,226.5,938.6,16.54,R,70.9,5.76,53.7,37.75,76.1,strong,14226,649023,1.92,1.00,1,1,51.8,18.75,0.00,0.00,,,1,0,1,1,0
main,23.70,pelican0901,340500.0,3127695.2,1735.248,1735.248,1735.248,ok,107.2,85.374542,28.264807,1779.2,0.11,1.75,43.918457,side-valley;capped-by-s2chg;prebare-at-trim,ok,104.2,85.373284,28.266340,1828.9,1.64,6.05,93.67578,,93.7,1,211.5,938.6,16.54,R,49.76,6.29,46.54,31.92,67.3,strong,11261,445488,1.79,1.00,1,1,51.8,18.75,0.00,0.00,,,1,0,1,1,0
main,23.80,s2,340431.6,3127624.5,1731.7961,1731.7961,1731.7961,ok,215.0,85.374918,28.263789,1830.9,0.92,14.26,99.11072,,ok,85.0,85.372569,28.265377,1786.6,3.02,45.86,54.791992,,77.0,2,300.0,382.0,42.32,R,-44.32,48.03,,,,,,,,1.00,1,1,35.00,45.00,0.00,0.00,,,0,0,1,1,0
main,23.80,s2chg,340431.6,3127624.5,1731.7961,1731.7961,1731.7961,ok,85.0,85.373865,28.264501,1774.0,0.13,2.62,42.160034,,ok,85.0,85.372569,28.265377,1786.6,3.02,45.86,54.791992,,48.48,2,170.0,382.0,42.32,R,12.63,45.94,,,,,,,,1.00,1,1,35.00,45.00,0.00,0.00,,,0,0,1,1,0
main,23.80,pelican0827,340431.6,3127624.5,1731.7961,1731.7961,1731.7961,ok,101.2,85.374031,28.264389,1775.9,0.13,1.78,44.0896,capped-by-s2chg;prebare-at-trim,ok,104.2,85.372379,28.265506,1862.5,1.16,4.64,130.70422,capped-by-s2chg,,0,205.5,382.0,42.32,R,86.6,4.97,39.74,28.31,55.7,weak,,,1.36,1.00,1,1,39.75,39.75,0.00,0.00,,,1,0,1,1,0
main,23.80,pelican0901,340431.6,3127624.5,1731.7961,1731.7961,1731.7961,ok,101.2,85.374031,28.264389,1775.9,0.13,1.78,44.0896,capped-by-s2chg;prebare-at-trim,ok,101.2,85.372403,28.265490,1859.0,1.44,5.43,127.22595,,127.2,1,202.5,382.0,42.32,R,83.1,5.72,39.22,27.77,55.3,weak,,,1.35,1.00,1,1,39.75,39.75,0.00,0.00,,,1,0,1,1,0
main,23.90,s2,340364.6,3127559.0,1728.2843,1728.2843,1728.2843,ok,235.0,85.374783,28.263726,1820.7,0.96,14.80,92.371216,,ok,65.0,85.371959,28.264499,1810.3,1.53,23.47,81.98035,,87.2,2,300.0,414.4,39.07,R,-10.39,27.75,,,,,,,,1.00,1,1,45.00,5.00,0.00,0.00,,,0,0,1,1,0
main,23.90,s2chg,340364.6,3127559.0,1728.2843,1728.2843,1728.2843,ok,105.0,85.373517,28.264073,1769.7,0.20,3.52,41.429688,,ok,65.0,85.371959,28.264499,1810.3,1.53,23.47,81.98035,,61.7,2,170.0,414.4,39.07,R,40.55,23.73,31.14,14.71,53.4,weak,,,1.27,1.00,1,1,45.00,5.00,0.00,0.00,,,0,0,1,1,0
main,23.90,pelican0827,340364.6,3127559.0,1728.2843,1728.2843,1728.2843,ok,114.8,85.373653,28.264036,1771.0,0.09,1.69,42.693726,capped-by-s2chg;prebare-at-trim,ok,83.2,85.371740,28.264559,1841.0,1.18,4.68,112.723145,capped-by-s2chg,,0,198.0,414.4,39.07,R,70.0,4.97,37.92,26.82,53.5,strong,11627,374739,1.37,1.00,1,1,47.25,5.25,0.00,0.00,,,1,0,1,1,0
main,23.90,pelican0901,340364.6,3127559.0,1728.2843,1728.2843,1728.2843,ok,114.8,85.373653,28.264036,1771.0,0.09,1.69,42.693726,capped-by-s2chg;prebare-at-trim,ok,83.2,85.371740,28.264559,1841.0,1.18,4.68,112.723145,capped-by-s2chg,,0,198.0,414.4,39.07,R,70.0,4.97,37.92,26.82,53.5,strong,11627,374739,1.37,1.00,1,1,47.25,5.25,0.00,0.00,,,1,0,1,1,0
main,24.00,s2,340376.9,3127463.1,1726.0302,1726.0302,1726.0302,ok,185.0,85.374509,28.263329,1805.6,1.08,16.65,79.5625,,ok,105.0,85.371667,28.263557,1800.7,1.49,22.81,74.63806,,77.1,2,290.0,2839.2,5.28,L,4.92,28.24,,,,,,,,1.00,1,1,35.00,35.00,0.00,0.00,,,0,0,1,1,0
main,24.00,s2chg,340376.9,3127463.1,1726.0302,1726.0302,1726.0302,ok,85.0,85.373494,28.263411,1765.5,0.57,8.95,39.43628,,ok,105.0,85.371667,28.263557,1800.7,1.49,22.81,74.63806,,57.0,2,190.0,2839.2,5.28,L,-35.20,24.51,,,,,,,,1.00,1,1,35.00,35.00,0.00,0.00,,,0,0,1,1,0
main,24.00,pelican0827,340376.9,3127463.1,1726.0302,1726.0302,1726.0302,ok,98.2,85.373672,28.263396,1772.0,0.40,2.46,45.980103,capped-by-s2chg;prebare-at-trim,ok,117.8,85.371494,28.263571,1825.0,1.15,4.59,98.96704,capped-by-s2chg,,0,216.0,2839.2,5.28,L,-53.0,5.21,,,,,,,,1.00,1,1,33.75,36.75,0.00,0.00,,,1,0,1,1,0
main,24.00,pelican0901,340376.9,3127463.1,1726.0302,1726.0302,1726.0302,ok,98.2,85.373672,28.263396,1772.0,0.40,2.46,45.980103,capped-by-s2chg;prebare-at-trim,ok,122.2,85.371449,28.263575,1830.0,0.93,3.96,103.96838,,104.0,1,220.5,2839.2,5.28,L,-58.0,4.66,,,,,,,,1.00,1,1,33.75,36.75,0.00,0.00,,,1,0,1,1,0
main,24.10,s2,340386.2,3127368.2,1722.9807,1722.9807,1722.9807,ok,95.0,85.373658,28.262358,1851.6,1.70,29.17,128.64526,,ok,135.0,85.371536,28.263000,1797.0,1.51,23.03,74.04236,,101.3,2,230.0,418.9,38.64,L,54.6,37.16,31.24,12.95,55.2,weak,,,0.99,1.00,1,1,35.00,45.00,0.00,0.00,,,0,0,0,1,0
main,24.10,s2chg,340386.2,3127368.2,1722.9807,1722.9807,1722.9807,ok,95.0,85.373658,28.262358,1851.6,1.70,29.17,128.64526,,ok,135.0,85.371536,28.263000,1797.0,1.51,23.03,74.04236,,101.3,2,230.0,418.9,38.64,L,54.6,37.16,31.24,12.95,55.2,weak,,,0.99,1.00,1,1,35.00,45.00,0.00,0.00,,,0,0,0,1,0
main,24.10,pelican0827,340386.2,3127368.2,1722.9807,1722.9807,1722.9807,ok,114.8,85.373889,28.262288,1885.1,1.19,11.47,162.10706,capped-by-s2chg,ok,149.2,85.371357,28.263054,1770.1,1.02,10.37,47.119263,capped-by-s2chg,,0,264.0,418.9,38.64,L,115.0,15.46,42.31,28.88,61.4,weak,,,1.32,1.00,1,1,35.25,48.75,0.00,0.00,,,0,0,0,0,0
main,24.10,pelican0901,340386.2,3127368.2,1722.9807,1722.9807,1722.9807,ok,114.8,85.373889,28.262288,1885.1,1.19,11.47,162.10706,capped-by-s2chg,ok,149.2,85.371357,28.263054,1770.1,1.02,10.37,47.119263,capped-by-s2chg,,0,264.0,418.9,38.64,L,115.0,15.46,42.31,28.88,61.4,weak,,,1.32,1.00,1,1,35.25,48.75,0.00,0.00,,,0,0,0,0,0
main,24.20,s2,340320.9,3127295.3,1718.5872,1718.5872,1718.5872,ok,125.0,85.373020,28.261209,1830.4,1.37,23.93,111.78088,,ok,115.0,85.371321,28.262639,1796.8,1.54,23.54,78.22534,,95.0,2,240.0,429.8,38.20,L,33.56,33.57,,,,,,,,1.00,1,1,85.0,65.0,0.00,0.00,,,0,0,0,1,0
main,24.20,s2chg,340320.9,3127295.3,1718.5872,1718.5872,1718.5872,ok,125.0,85.373020,28.261209,1830.4,1.37,23.93,111.78088,,ok,115.0,85.371321,28.262639,1796.8,1.54,23.54,78.22534,,95.0,2,240.0,429.8,38.20,L,33.56,33.57,,,,,,,,1.00,1,1,85.0,65.0,0.00,0.00,,,0,0,0,1,0
main,24.20,pelican0827,340320.9,3127295.3,1718.5872,1718.5872,1718.5872,ok,140.2,85.373164,28.261088,1852.9,1.41,12.85,134.31421,capped-by-s2chg,ok,128.2,85.371192,28.262747,1781.8,0.84,9.24,63.25818,capped-by-s2chg,,0,268.5,429.8,38.20,L,71.1,15.82,33.40,21.61,50.3,weak,,,1.07,1.00,1,1,83.2,63.8,0.00,0.00,,,0,0,0,0,0
main,24.20,pelican0901,340320.9,3127295.3,1718.5872,1718.5872,1718.5872,ok,140.2,85.373164,28.261088,1852.9,1.41,12.85,134.31421,capped-by-s2chg,ok,128.2,85.371192,28.262747,1781.8,0.84,9.24,63.25818,capped-by-s2chg,,0,268.5,429.8,38.20,L,71.1,15.82,33.40,21.61,50.3,weak,,,1.07,1.00,1,1,83.2,63.8,0.00,0.00,,,0,0,0,0,0
main,24.30,s2,340234.3,3127245.2,1713.3427,1713.3427,1713.3427,ok,175.0,85.372404,28.260342,1858.3,1.11,19.72,144.91101,,ok,55.0,85.370921,28.261831,1772.0,1.66,25.29,58.703857,,101.8,2,230.0,1775.9,9.02,L,86.2,32.07,80.8,46.99,129.0,weak,,,2.56,1.00,1,1,75.0,15.00,0.00,0.00,,,0,0,0,1,0
main,24.30,s2chg,340234.3,3127245.2,1713.3427,1713.3427,1713.3427,ok,175.0,85.372404,28.260342,1858.3,1.11,19.72,144.91101,,ok,55.0,85.370921,28.261831,1772.0,1.66,25.29,58.703857,,101.8,2,230.0,1775.9,9.02,L,86.2,32.07,80.8,46.99,129.0,weak,,,2.56,1.00,1,1,75.0,15.00,0.00,0.00,,,0,0,0,1,0
main,24.30,pelican0827,340234.3,3127245.2,1713.3427,1713.3427,1713.3427,ok,192.8,85.372553,28.260193,1881.7,1.30,12.17,168.40076,capped-by-s2chg,ok,68.2,85.370804,28.261950,1809.3,1.61,5.96,95.96326,capped-by-s2chg,,0,261.0,1775.9,9.02,L,72.4,13.55,69.5,46.00,103.2,strong,19463,1150323,1.93,1.00,1,1,33.75,18.75,0.00,0.00,,,0,0,0,1,0
main,24.30,pelican0901,340234.3,3127245.2,1713.3427,1713.3427,1713.3427,ok,185.2,85.372502,28.260244,1872.7,1.14,11.11,159.35559,,ok,68.2,85.370804,28.261950,1809.3,1.61,5.96,95.96326,capped-by-s2chg,159.4,1,253.5,1775.9,9.02,L,63.4,12.61,66.0,43.35,98.5,strong,18332,1028480,1.87,1.00,1,1,33.75,18.75,0.00,0.00,,,0,0,0,1,0
main,24.40,s2,340165.4,3127174.1,1709.495,1709.495,1709.495,ok,145.0,85.371598,28.259971,1794.6,1.38,21.10,85.10681,,ok,35.00,85.370344,28.261030,1735.6,0.28,7.00,26.10608,,55.6,2,180.0,3189.1,5.31,,,,,,,,,,,1.00,1,1,95.0,5.00,0.00,0.00,,,0,0,1,0,0
main,24.40,s2chg,340165.4,3127174.1,1709.495,1709.495,1709.495,ok,145.0,85.371598,28.259971,1794.6,1.38,21.10,85.10681,,ok,35.00,85.370344,28.261030,1735.6,0.28,7.00,26.10608,,55.6,2,180.0,3189.1,5.31,,,,,,,,,,,1.00,1,1,95.0,5.00,0.00,0.00,,,0,0,1,0,0
main,24.40,pelican0827,340165.4,3127174.1,1709.495,1709.495,1709.495,ok,63.8,85.371030,28.260450,1762.6,0.76,8.74,53.068115,capped-by-s2chg;prebare-at-trim;no-change-in-run,ok,51.8,85.370190,28.261160,1800.1,1.07,4.38,90.56775,capped-by-s2chg,,0,115.5,3189.1,5.31,,,,,,,,,,,1.00,0,1,33.75,8.25,0.00,0.00,,,1,0,0,1,0
main,24.40,pelican0901,340165.4,3127174.1,1709.495,1709.495,1709.495,ok,63.8,85.371030,28.260450,1762.6,0.76,8.74,53.068115,capped-by-s2chg;prebare-at-trim;no-change-in-run,ok,51.8,85.370190,28.261160,1800.1,1.07,4.38,90.56775,,90.6,1,115.5,3189.1,5.31,,,,,,,,,,,1.00,0,1,33.75,8.25,0.00,0.00,,,1,0,0,1,0
main,24.50,s2,340102.9,3127096.3,1710.6072,1709.495,1709.495,ok,125.0,85.370877,28.259437,1789.2,1.44,21.98,79.69556,,ok,65.0,85.369471,28.260481,1729.0,0.33,5.33,19.537598,side-valley,79.7,1,190.0,2412.0,6.96,L,60.2,22.62,86.6,50.2,138.4,weak,,,3.92,1.00,1,1,35.00,45.00,0.00,0.00,,,0,0,1,1,0
main,24.50,s2chg,340102.9,3127096.3,1710.6072,1709.495,1709.495,ok,125.0,85.370877,28.259437,1789.2,1.44,21.98,79.69556,,ok,65.0,85.369471,28.260481,1729.0,0.33,5.33,19.537598,side-valley,79.7,1,190.0,2412.0,6.96,L,60.2,22.62,86.6,50.2,138.4,weak,,,3.92,1.00,1,1,35.00,45.00,0.00,0.00,,,0,0,1,1,0
main,24.50,pelican0827,340102.9,3127096.3,1710.6072,1709.495,1709.495,ok,137.2,85.371005,28.259341,1807.6,1.06,4.33,98.09497,,ok,74.2,85.369366,28.260560,1730.0,0.42,6.59,20.540405,side-valley,98.1,1,211.5,2412.0,6.96,L,77.6,7.89,93.1,64.8,133.2,weak,,,3.86,1.00,1,1,35.25,42.75,0.00,0.00,,,0,0,1,0,0
main,24.50,pelican0901,340102.9,3127096.3,1710.6072,1709.495,1709.495,ok,138.8,85.371017,28.259333,1808.9,1.04,4.27,99.38379,,ok,84.8,85.369284,28.260620,1734.1,0.54,7.33,24.619019,side-valley;capped-by-s2chg,99.4,1,223.5,2412.0,6.96,L,74.8,8.49,89.0,61.5,127.9,weak,,,3.61,1.00,1,1,35.25,42.75,0.00,0.00,,,0,0,1,0,0
main,24.60,s2,340033.8,3127024.3,1709.4548,1709.4548,1709.4548,ok,115.0,85.370000,28.258741,1796.1,1.30,19.90,86.67737,side-valley,ok,115.0,85.368490,28.260209,1709.5,0.52,10.51,0.019897461,side-valley,,0,230.0,645.5,26.22,L,86.7,22.50,48.84,30.84,74.7,strong,6585,273410,2.37,1.00,1,1,55.0,45.00,0.00,0.00,,,0,0,1,0,0
main,24.60,s2chg,340033.8,3127024.3,1709.4548,1709.4548,1709.4548,ok,115.0,85.370000,28.258741,1796.1,1.30,19.90,86.67737,side-valley,ok,115.0,85.368490,28.260209,1709.5,0.52,10.51,0.019897461,side-valley,,0,230.0,645.5,26.22,L,86.7,22.50,48.84,30.84,74.7,strong,6585,273410,2.37,1.00,1,1,55.0,45.00,0.00,0.00,,,0,0,1,0,0
main,24.60,pelican0827,340033.8,3127024.3,1709.4548,1709.4548,1709.4548,ok,116.2,85.370038,28.258705,1803.0,1.19,4.73,93.576416,side-valley,ok,111.8,85.368483,28.260216,1709.8,0.53,7.27,0.39501953,side-valley,,0,228.0,645.5,26.22,L,93.2,8.67,50.9,35.55,72.5,strong,7313,316209,2.37,1.00,1,1,54.8,47.25,0.00,0.00,,,0,0,1,0,0
main,24.60,pelican0901,340033.8,3127024.3,1709.4548,1709.4548,1709.4548,ok,114.8,85.370028,28.258715,1801.2,1.23,4.82,91.74402,side-valley,ok,122.2,85.368411,28.260286,1714.3,0.65,8.04,4.8876953,side-valley,,0,237.0,645.5,26.22,L,86.9,9.37,48.17,33.39,69.1,strong,7579,310330,2.21,1.00,1,1,54.8,47.25,0.00,0.00,,,0,0,1,0,0
main,24.70,s2,339961.4,3126958.2,1707.0231,1707.0231,1707.0231,ok,65.0,85.368814,28.258397,1767.1,1.01,15.53,60.04541,no-change-in-run,ok,175.0,85.367672,28.260209,1770.7,1.14,17.47,63.682373,side-valley,,0,240.0,591.5,28.92,L,-3.64,23.38,,,,,,,,1.00,0,1,45.00,95.0,0.00,0.00,,,0,0,1,1,0
main,24.70,s2chg,339961.4,3126958.2,1707.0231,1707.0231,1707.0231,ok,65.0,85.368814,28.258397,1767.1,1.01,15.53,60.04541,no-change-in-run,ok,175.0,85.367672,28.260209,1770.7,1.14,17.47,63.682373,side-valley,,0,240.0,591.5,28.92,L,-3.64,23.38,,,,,,,,1.00,0,1,45.00,95.0,0.00,0.00,,,0,0,1,1,0
main,24.70,pelican0827,339961.4,3126958.2,1707.0231,1707.0231,1707.0231,ok,71.2,85.368867,28.258314,1775.5,0.79,3.55,68.430664,,truncated,,,,,,,,side-valley;capped-by-s2chg,68.4,1,,591.5,28.92,,,,,,,,,,,1.00,1,,32.25,,0.00,0.00,,30.00,0,,1,,0
main,24.70,pelican0901,339961.4,3126958.2,1707.0231,1707.0231,1707.0231,ok,68.2,85.368852,28.258338,1773.2,0.77,3.49,66.19922,,ok,158.2,85.367734,28.260111,1757.5,1.13,4.53,50.505615,side-valley,66.2,1,226.5,591.5,28.92,L,15.69,5.72,20.05,11.73,31.92,strong,9072,154616,0.84,1.00,1,1,32.25,92.2,0.00,0.00,,,0,0,1,1,0
main,24.80,s2,339866.3,3126928.0,1703.5918,1703.5918,1703.5918,ok,115.0,85.367906,28.257644,1752.8,0.82,12.68,49.22473,,ok,115.0,85.367197,28.259527,1755.9,1.57,24.07,52.356445,side-valley,49.22,1,230.0,9976.6,1.57,,,,,,,,,,,1.00,1,1,35.00,85.0,0.00,0.00,,,0,0,1,1,0
main,24.80,s2chg,339866.3,3126928.0,1703.5918,1703.5918,1703.5918,ok,115.0,85.367906,28.257644,1752.8,0.82,12.68,49.22473,,ok,115.0,85.367197,28.259527,1755.9,1.57,24.07,52.356445,side-valley,49.22,1,230.0,9976.6,1.57,,,,,,,,,,,1.00,1,1,35.00,85.0,0.00,0.00,,,0,0,1,1,0
main,24.80,pelican0827,339866.3,3126928.0,1703.5918,1703.5918,1703.5918,ok,119.2,85.367934,28.257571,1758.2,0.78,3.52,54.559204,,truncated,,,,,,,,side-valley;capped-by-s2chg,54.6,1,,9976.6,1.57,,,,,,,,,,,1.00,1,,39.75,,0.00,0.00,,12.00,0,,1,,0
main,24.80,pelican0901,339866.3,3126928.0,1703.5918,1703.5918,1703.5918,ok,116.2,85.367924,28.257597,1756.3,0.80,3.58,52.670532,,ok,132.8,85.367126,28.259715,1793.4,1.30,5.04,89.851074,side-valley;capped-by-s2chg,52.7,1,249.0,9976.6,1.57,,,,,,,,,,,1.00,1,1,39.75,86.2,0.00,0.00,,,0,0,1,1,0
main,24.90,s2,339766.6,3126918.8,1699.4741,1699.4741,1699.4741,ok,175.0,85.367272,28.257101,1737.5,0.51,8.13,38.025146,,ok,45.00,85.366364,28.258818,1721.6,2.64,40.23,22.08667,side-valley;no-change-in-run,38.03,1,220.0,367.1,44.32,R,-15.94,41.04,,,,,,,,1.00,1,0,105.0,35.00,0.00,0.00,,,0,0,1,1,0
main,24.90,s2chg,339766.6,3126918.8,1699.4741,1699.4741,1699.4741,ok,175.0,85.367272,28.257101,1737.5,0.51,8.13,38.025146,,ok,45.00,85.366364,28.258818,1721.6,2.64,40.23,22.08667,side-valley;no-change-in-run,38.03,1,220.0,367.1,44.32,R,-15.94,41.04,,,,,,,,1.00,1,0,105.0,35.00,0.00,0.00,,,0,0,1,1,0
main,24.90,pelican0827,339766.6,3126918.8,1699.4741,1699.4741,1699.4741,ok,144.8,85.367159,28.257314,1726.4,0.39,2.44,26.918823,capped-by-s2chg,ok,53.2,85.366310,28.258920,1774.0,3.71,12.21,74.50244,side-valley,,0,198.0,367.1,44.32,R,47.58,12.46,29.42,18.55,45.03,weak,,,1.32,1.00,1,1,105.8,33.75,0.00,0.00,,,0,0,1,1,0
main,24.90,pelican0901,339766.6,3126918.8,1699.4741,1699.4741,1699.4741,ok,144.8,85.367159,28.257314,1726.4,0.39,2.44,26.918823,capped-by-s2chg,ok,60.8,85.366277,28.258981,1791.5,2.19,7.67,92.01965,side-valley;capped-by-s2chg,,0,205.5,367.1,44.32,R,65.1,8.05,33.78,23.20,48.79,weak,,,1.40,1.00,1,1,105.8,33.75,0.00,0.00,,,0,0,1,1,0
main,25.00,s2,339681.6,3126868.9,1696.1947,1696.1947,1696.1947,ok,195.0,85.367223,28.256998,1737.3,0.48,7.66,41.080322,sharp-bend;side-valley,ok,65.0,85.365189,28.258356,1760.0,1.94,29.54,63.80359,sharp-bend;side-valley,,0,260.0,279.1,63.5,,,,,,,,,,,1.00,1,1,125.0,35.00,0.00,0.00,,,0,0,1,1,0
main,25.00,s2chg,339681.6,3126868.9,1696.1947,1696.1947,1696.1947,ok,195.0,85.367223,28.256998,1737.3,0.48,7.66,41.080322,sharp-bend;side-valley,ok,65.0,85.365189,28.258356,1760.0,1.94,29.54,63.80359,sharp-bend;side-valley,,0,260.0,279.1,63.5,,,,,,,,,,,1.00,1,1,125.0,35.00,0.00,0.00,,,0,0,1,1,0
main,25.00,pelican0827,339681.6,3126868.9,1696.1947,1696.1947,1696.1947,ok,204.8,85.367337,28.256922,1744.9,0.68,3.25,48.747925,sharp-bend;side-valley,ok,62.2,85.365177,28.258364,1763.0,2.07,7.31,66.767456,sharp-bend;side-valley,,0,267.0,279.1,63.5,,,,,,,,,,,1.00,1,1,125.2,33.75,0.00,0.00,,,0,0,1,1,0
main,25.00,pelican0901,339681.6,3126868.9,1696.1947,1696.1947,1696.1947,ok,194.2,85.367252,28.256979,1738.8,0.51,2.76,42.645386,sharp-bend;side-valley,ok,69.8,85.365116,28.258405,1780.6,2.67,9.12,84.40405,sharp-bend;side-valley,,0,264.0,279.1,63.5,,,,,,,,,,,1.00,1,1,125.2,33.75,0.00,0.00,,,0,0,1,1,0
main,25.10,s2,339662.9,3126774.7,1694.237,1694.237,1694.237,ok,175.0,85.367177,28.256793,1739.9,0.65,10.12,45.70227,prebare-at-trim,ok,135.0,85.364218,28.257472,1791.7,1.10,16.94,97.44153,side-valley;prebare-at-trim,,0,310.0,365.5,44.42,R,51.7,19.73,24.46,14.12,39.18,weak,,,0.92,1.00,1,1,135.0,65.0,0.00,0.00,,,1,1,1,1,0
main,25.10,s2chg,339662.9,3126774.7,1694.237,1694.237,1694.237,ok,165.0,85.367079,28.256816,1733.9,0.67,10.40,39.70105,,ok,125.0,85.364316,28.257450,1780.7,1.58,24.09,86.437744,side-valley,39.70,1,290.0,365.5,44.42,R,46.74,26.24,24.04,11.68,40.94,weak,,,0.97,1.00,1,1,135.0,65.0,0.00,0.00,,,0,0,1,1,0
main,25.10,pelican0827,339662.9,3126774.7,1694.237,1694.237,1694.237,ok,177.8,85.367246,28.256777,1744.6,0.74,3.42,50.321655,capped-by-s2chg,ok,140.2,85.364124,28.257494,1794.9,0.85,3.72,100.651,side-valley;capped-by-s2chg,,0,318.0,365.5,44.42,R,50.3,5.05,23.82,16.58,34.06,weak,,,0.88,1.00,1,1,131.2,65.2,0.00,0.00,,,0,0,1,1,0
main,25.10,pelican0901,339662.9,3126774.7,1694.237,1694.237,1694.237,ok,177.8,85.367246,28.256777,1744.6,0.74,3.42,50.321655,capped-by-s2chg,ok,126.8,85.364257,28.257463,1788.4,1.37,5.25,94.19263,side-valley,,0,304.5,365.5,44.42,R,43.87,6.26,22.73,15.44,33.11,weak,,,0.85,1.00,1,1,131.2,65.2,0.00,0.00,,,0,0,1,1,0
main,25.20,s2,339657.6,3126675.6,1692.7482,1692.7482,1692.7482,ok,165.0,85.367082,28.256134,1749.1,0.80,12.37,56.357788,,ok,125.0,85.364243,28.256395,1757.0,0.76,11.76,64.204346,side-valley,56.4,1,290.0,1046.4,15.50,R,7.85,17.07,,,,,,,,1.00,1,1,65.0,35.00,0.00,0.00,,,0,0,1,1,0
main,25.20,s2chg,339657.6,3126675.6,1692.7482,1692.7482,1692.7482,ok,165.0,85.367082,28.256134,1749.1,0.80,12.37,56.357788,,ok,125.0,85.364243,28.256395,1757.0,0.76,11.76,64.204346,side-valley,56.4,1,290.0,1046.4,15.50,R,7.85,17.07,,,,,,,,1.00,1,1,65.0,35.00,0.00,0.00,,,0,0,1,1,0
main,25.20,pelican0827,339657.6,3126675.6,1692.7482,1692.7482,1692.7482,ok,159.8,85.367071,28.256135,1748.2,0.78,3.53,55.406006,,ok,143.2,85.364015,28.256416,1781.5,1.28,4.97,88.73596,side-valley;capped-by-s2chg,55.4,1,303.0,1046.4,15.50,R,33.33,6.10,33.60,22.29,49.81,strong,13122,374802,1.26,1.00,1,1,62.2,38.25,0.00,0.00,,,0,0,1,1,0
main,25.20,pelican0901,339657.6,3126675.6,1692.7482,1692.7482,1692.7482,ok,162.8,85.367102,28.256132,1751.0,0.83,3.68,58.25525,,ok,143.2,85.364015,28.256416,1781.5,1.28,4.97,88.73596,side-valley;capped-by-s2chg,58.3,1,306.0,1046.4,15.50,R,30.48,6.19,31.98,20.95,47.80,strong,13562,368635,1.19,1.00,1,1,62.2,38.25,0.00,0.00,,,0,0,1,1,0
main,25.30,s2,339636.8,3126578.1,1689.2563,1689.2563,1689.2563,ok,195.0,85.367175,28.255139,1744.1,0.25,4.32,54.848022,prebare-at-trim,ok,145.0,85.363851,28.255594,1772.0,0.80,12.43,82.77966,side-valley,,0,340.0,4397.4,3.86,,,,,,,,,,,1.00,1,1,85.0,15.00,0.00,0.00,,,1,0,1,1,0
main,25.30,s2chg,339636.8,3126578.1,1689.2563,1689.2563,1689.2563,ok,145.0,85.366671,28.255208,1739.7,0.10,2.32,50.43811,,ok,145.0,85.363851,28.255594,1772.0,0.80,12.43,82.77966,side-valley,50.4,1,290.0,4397.4,3.86,,,,,,,,,,,1.00,1,1,85.0,15.00,0.00,0.00,,,0,0,1,1,0
main,25.30,pelican0827,339636.8,3126578.1,1689.2563,1689.2563,1689.2563,truncated,,,,,,,,capped-by-s2chg,ok,155.2,85.363705,28.255614,1783.2,0.85,3.72,93.982666,side-valley,,0,,4397.4,3.86,,,,,,,,,,,1.00,,1,,17.25,0.00,0.00,39.00,,,0,,1,0
main,25.30,pelican0901,339636.8,3126578.1,1689.2563,1689.2563,1689.2563,ok,159.8,85.366863,28.255181,1740.1,0.08,1.67,50.81604,capped-by-s2chg;prebare-at-trim,ok,155.2,85.363705,28.255614,1783.2,0.85,3.72,93.982666,side-valley,,0,315.0,4397.4,3.86,,,,,,,,,,,1.00,1,1,84.8,17.25,0.00,0.00,,,1,0,1,1,0
main,25.40,s2,339618.5,3126480.2,1686.6338,1686.6338,1686.6338,ok,205.0,85.367116,28.254334,1745.0,0.30,4.94,58.374756,,ok,115.0,85.363973,28.254614,1750.4,0.81,12.50,63.793213,,61.1,2,320.0,7049.5,2.41,,,,,,,,,,,1.00,1,1,85.0,15.00,0.00,0.00,,,0,0,1,1,0
main,25.40,s2chg,339618.5,3126480.2,1686.6338,1686.6338,1686.6338,ok,145.0,85.366508,28.254388,1738.9,0.14,2.81,52.298584,,ok,115.0,85.363973,28.254614,1750.4,0.81,12.50,63.793213,,58.0,2,260.0,7049.5,2.41,,,,,,,,,,,1.00,1,1,85.0,15.00,0.00,0.00,,,0,0,1,1,0
main,25.40,pelican0827,339618.5,3126480.2,1686.6338,1686.6338,1686.6338,ok,156.8,85.366670,28.254374,1740.3,0.14,1.81,53.69043,capped-by-s2chg;prebare-at-trim,ok,129.8,85.363780,28.254632,1763.4,1.08,4.39,76.777954,,76.8,1,286.5,7049.5,2.41,,,,,,,,,,,1.00,1,1,81.8,18.75,0.00,0.00,,,1,0,1,1,0
main,25.40,pelican0901,339618.5,3126480.2,1686.6338,1686.6338,1686.6338,ok,156.8,85.366670,28.254374,1740.3,0.14,1.81,53.69043,capped-by-s2chg;prebare-at-trim,ok,128.2,85.363795,28.254630,1762.1,1.02,4.21,75.506836,,75.5,1,285.0,7049.5,2.41,,,,,,,,,,,1.00,1,1,81.8,18.75,0.00,0.00,,,1,0,1,1,0
main,25.50,s2,339612.9,3126380.9,1683.2994,1683.2994,1683.2994,ok,195.0,85.366979,28.253539,1742.9,0.76,11.74,59.587402,,ok,125.0,85.363823,28.253668,1750.1,1.02,15.73,66.77966,,63.2,2,320.0,18018.2,0.94,,,,,,,,,,,1.00,1,1,45.00,35.00,0.00,0.00,,,0,0,1,1,0
main,25.50,s2chg,339612.9,3126380.9,1683.2994,1683.2994,1683.2994,ok,85.0,85.365859,28.253585,1728.1,0.14,2.72,44.833862,,ok,125.0,85.363823,28.253668,1750.1,1.02,15.73,66.77966,,55.8,2,210.0,18018.2,0.94,,,,,,,,,,,1.00,1,1,45.00,35.00,0.00,0.00,,,0,0,1,1,0
main,25.50,pelican0827,339612.9,3126380.9,1683.2994,1683.2994,1683.2994,ok,102.8,85.366083,28.253576,1731.1,0.26,2.10,47.773315,capped-by-s2chg;prebare-at-trim,ok,123.8,85.363792,28.253669,1753.3,1.08,4.39,69.96582,,70.0,1,226.5,18018.2,0.94,,,,,,,,,,,1.00,1,1,47.25,32.25,0.00,0.00,,,1,0,1,1,0
main,25.50,pelican0901,339612.9,3126380.9,1683.2994,1683.2994,1683.2994,ok,102.8,85.366083,28.253576,1731.1,0.26,2.10,47.773315,capped-by-s2chg;prebare-at-trim,ok,132.8,85.363700,28.253673,1763.3,1.15,4.60,80.00122,,80.0,1,235.5,18018.2,0.94,,,,,,,,,,,1.00,1,1,47.25,32.25,0.00,0.00,,,1,0,1,1,0
main,25.60,s2,339611.4,3126281.3,1678.5032,1678.5032,1678.5032,ok,205.0,85.367066,28.252498,1746.9,0.52,8.15,68.41272,,ok,125.0,85.363829,28.252852,1747.9,1.18,18.17,69.44092,side-valley,68.4,1,330.0,7193.9,2.33,,,,,,,,,,,1.00,1,1,35.00,65.0,0.00,0.00,,,0,0,1,1,0
main,25.60,s2chg,339611.4,3126281.3,1678.5032,1678.5032,1678.5032,ok,95.0,85.365953,28.252620,1723.4,0.21,3.72,44.91516,,ok,125.0,85.363829,28.252852,1747.9,1.18,18.17,69.44092,side-valley,44.92,1,220.0,7193.9,2.33,,,,,,,,,,,1.00,1,1,35.00,65.0,0.00,0.00,,,0,0,1,1,0
main,25.60,pelican0827,339611.4,3126281.3,1678.5032,1678.5032,1678.5032,ok,114.8,85.366196,28.252593,1726.9,0.10,1.72,48.41223,capped-by-s2chg;prebare-at-trim,ok,137.2,85.363662,28.252870,1763.1,1.08,4.39,84.576904,side-valley;capped-by-s2chg,,0,252.0,7193.9,2.33,,,,,,,,,,,1.00,1,1,38.25,63.8,0.00,0.00,,,1,0,1,1,0
main,25.60,pelican0901,339611.4,3126281.3,1678.5032,1678.5032,1678.5032,ok,114.8,85.366196,28.252593,1726.9,0.10,1.72,48.41223,capped-by-s2chg;prebare-at-trim,ok,137.2,85.363662,28.252870,1763.1,1.08,4.39,84.576904,side-valley;capped-by-s2chg,,0,252.0,7193.9,2.33,,,,,,,,,,,1.00,1,1,38.25,63.8,0.00,0.00,,,1,0,1,1,0
main,25.70,s2,339586.8,3126187.1,1675.061,1675.061,1675.061,ok,225.0,85.367040,28.251707,1750.8,0.77,11.90,75.734985,side-valley,ok,125.0,85.363586,28.251954,1745.1,1.26,22.21,70.038086,side-valley,,0,350.0,4110.9,4.03,,,,,,,,,,,1.00,1,1,45.00,45.00,0.00,0.00,,,0,0,1,0,0
main,25.70,s2chg,339586.8,3126187.1,1675.061,1675.061,1675.061,ok,115.0,85.365923,28.251787,1708.5,0.39,6.23,33.484253,side-valley,ok,125.0,85.363586,28.251954,1745.1,1.26,22.21,70.038086,side-valley,,0,240.0,4110.9,4.03,,,,,,,,,,,1.00,1,1,45.00,45.00,0.00,0.00,,,0,0,1,0,0
main,25.70,pelican0827,339586.8,3126187.1,1675.061,1675.061,1675.061,ok,128.2,85.366101,28.251774,1712.8,0.32,2.27,37.723633,side-valley;capped-by-s2chg;prebare-at-trim,ok,141.8,85.363373,28.251969,1763.6,1.14,11.17,88.49963,side-valley;capped-by-s2chg,,0,270.0,4110.9,4.03,,,,,,,,,,,1.00,1,1,42.75,47.25,0.00,0.00,,,1,0,1,0,0
main,25.70,pelican0901,339586.8,3126187.1,1675.061,1675.061,1675.061,ok,128.2,85.366101,28.251774,1712.8,0.32,2.27,37.723633,side-valley;capped-by-s2chg;prebare-at-trim,ok,141.8,85.363373,28.251969,1763.6,1.14,11.17,88.49963,side-valley;capped-by-s2chg,,0,270.0,4110.9,4.03,,,,,,,,,,,1.00,1,1,42.75,47.25,0.00,0.00,,,1,0,1,0,0
main,25.80,s2,339573.6,3126090.4,1670.6931,1670.6931,1670.6931,ok,225.0,85.366926,28.250981,1745.7,0.88,13.66,74.99243,side-valley,ok,75.0,85.363971,28.250995,1754.7,0.96,14.80,84.03357,,84.0,1,300.0,2659.1,6.05,L,-9.04,20.14,,,,,,,,1.00,1,1,35.00,25.00,0.00,0.00,,,0,0,1,1,0
main,25.80,s2chg,339573.6,3126090.4,1670.6931,1670.6931,1670.6931,ok,75.0,85.365398,28.250988,1680.0,0.13,2.58,9.283325,side-valley,ok,75.0,85.363971,28.250995,1754.7,0.96,14.80,84.03357,,84.0,1,150.0,2659.1,6.05,L,-74.8,15.02,,,,,,,,1.00,1,1,35.00,25.00,0.00,0.00,,,0,0,1,1,0
main,25.80,pelican0827,339573.6,3126090.4,1670.6931,1670.6931,1670.6931,ok,90.8,85.365602,28.250987,1684.6,0.30,2.20,13.938721,side-valley;capped-by-s2chg;prebare-at-trim,ok,86.2,85.363813,28.250996,1768.3,1.20,4.75,97.63806,,97.6,1,177.0,2659.1,6.05,L,-83.7,5.23,,,,,,,,1.00,1,1,36.75,23.25,0.00,0.00,,,1,0,1,1,0
main,25.80,pelican0901,339573.6,3126090.4,1670.6931,1670.6931,1670.6931,ok,90.8,85.365602,28.250987,1684.6,0.30,2.20,13.938721,side-valley;capped-by-s2chg;prebare-at-trim,ok,89.2,85.363783,28.250996,1772.0,1.26,4.92,101.322876,capped-by-s2chg,,0,180.0,2659.1,6.05,L,-87.4,5.39,,,,,,,,1.00,1,1,36.75,23.25,0.00,0.00,,,1,0,1,1,0
main,25.90,s2,339598.6,3125993.9,1669.5835,1669.5835,1669.5835,ok,175.0,85.366674,28.249961,1744.8,1.12,17.19,75.19885,side-valley,ok,95.0,85.364040,28.250210,1741.3,1.11,17.04,71.734375,side-valley,,0,270.0,711.0,23.24,L,3.46,24.20,,,,,,,,1.00,1,1,45.00,35.00,0.00,0.00,,,0,0,1,1,0
main,25.90,s2chg,339598.6,3125993.9,1669.5835,1669.5835,1669.5835,ok,95.0,85.365864,28.250038,1691.4,0.63,9.81,21.800415,side-valley,ok,95.0,85.364040,28.250210,1741.3,1.11,17.04,71.734375,side-valley,,0,190.0,711.0,23.24,L,-49.93,19.66,,,,,,,,1.00,1,1,45.00,35.00,0.00,0.00,,,0,0,1,1,0
main,25.90,pelican0827,339598.6,3125993.9,1669.5835,1669.5835,1669.5835,ok,107.2,85.366031,28.250022,1701.5,0.82,3.64,31.904175,side-valley;capped-by-s2chg;prebare-at-trim,ok,114.8,85.363797,28.250233,1764.2,0.84,3.69,94.6012,side-valley,,0,222.0,711.0,23.24,L,-62.7,5.19,,,,,,,,1.00,1,1,41.25,38.25,0.00,0.00,,,1,0,1,1,0
main,25.90,pelican0901,339598.6,3125993.9,1669.5835,1669.5835,1669.5835,ok,107.2,85.366031,28.250022,1701.5,0.82,3.64,31.904175,side-valley;capped-by-s2chg;prebare-at-trim,ok,114.8,85.363797,28.250233,1764.2,0.84,3.69,94.6012,side-valley;capped-by-s2chg,,0,222.0,711.0,23.24,L,-62.7,5.19,,,,,,,,1.00,1,1,41.25,38.25,0.00,0.00,,,1,0,1,1,0
main,26.00,s2,339576.2,3125904.6,1665.4615,1665.4615,1665.4615,ok,155.0,85.366177,28.248862,1758.6,0.93,14.28,93.13513,side-valley,ok,85.0,85.363968,28.249557,1741.7,0.77,12.01,76.194336,side-valley,,0,240.0,669.2,24.88,L,16.94,18.66,,,,,,,,1.00,1,1,35.00,15.00,0.00,0.00,,,0,0,1,1,0
main,26.00,s2chg,339576.2,3125904.6,1665.4615,1665.4615,1665.4615,ok,155.0,85.366177,28.248862,1758.6,0.93,14.28,93.13513,side-valley,ok,85.0,85.363968,28.249557,1741.7,0.77,12.01,76.194336,side-valley,,0,240.0,669.2,24.88,L,16.94,18.66,,,,,,,,1.00,1,1,35.00,15.00,0.00,0.00,,,0,0,1,1,0
main,26.00,pelican0827,339576.2,3125904.6,1665.4615,1665.4615,1665.4615,ok,149.2,85.366163,28.248867,1757.1,0.93,3.95,91.63037,side-valley,ok,87.8,85.363901,28.249578,1747.0,1.02,4.21,81.53723,side-valley,,0,237.0,669.2,24.88,L,10.09,5.77,16.72,8.03,28.57,weak,,,0.57,1.00,1,1,47.25,17.25,0.00,0.00,,,0,0,1,1,0
main,26.00,pelican0901,339576.2,3125904.6,1665.4615,1665.4615,1665.4615,ok,147.8,85.366148,28.248871,1755.6,0.93,3.95,90.12952,side-valley,ok,93.8,85.363843,28.249596,1752.3,1.05,4.31,86.88428,side-valley;capped-by-s2chg,,0,241.5,669.2,24.88,L,3.25,5.84,,,,,,,,1.00,1,1,47.25,17.25,0.00,0.00,,,0,0,1,1,0
main,26.10,s2,339510.1,3125830.3,1664.0972,1664.0972,1664.0972,ok,175.0,85.365590,28.247898,1760.9,0.63,9.91,96.79675,side-valley,ok,55.0,85.363626,28.248855,1733.4,1.50,22.97,69.27307,,69.3,1,230.0,1382.2,11.68,L,27.52,25.02,40.28,8.92,75.8,weak,,,1.41,1.00,1,1,65.0,25.00,0.00,0.00,,,0,0,1,1,0
main,26.10,s2chg,339510.1,3125830.3,1664.0972,1664.0972,1664.0972,ok,175.0,85.365590,28.247898,1760.9,0.63,9.91,96.79675,side-valley,ok,55.0,85.363626,28.248855,1733.4,1.50,22.97,69.27307,,69.3,1,230.0,1382.2,11.68,L,27.52,25.02,40.28,8.92,75.8,weak,,,1.41,1.00,1,1,65.0,25.00,0.00,0.00,,,0,0,1,1,0
main,26.10,pelican0827,339510.1,3125830.3,1664.0972,1664.0972,1664.0972,ok,174.8,85.365626,28.247881,1763.4,0.63,3.10,99.29224,side-valley,ok,69.8,85.363456,28.248938,1755.7,1.42,5.40,91.5542,,91.6,1,244.5,1382.2,11.68,L,7.74,6.22,20.72,6.73,37.92,weak,,,0.68,1.00,1,1,60.8,23.25,0.00,0.00,,,0,0,1,1,0
main,26.10,pelican0901,339510.1,3125830.3,1664.0972,1664.0972,1664.0972,ok,186.8,85.365733,28.247829,1771.1,0.63,3.10,106.97278,side-valley;capped-by-s2chg,ok,69.8,85.363456,28.248938,1755.7,1.42,5.40,91.5542,,91.6,1,256.5,1382.2,11.68,L,15.42,6.23,28.55,16.18,46.10,strong,13478,327063,0.91,1.00,1,1,60.8,23.25,0.00,0.00,,,0,0,1,1,0
main,26.20,s2,339474.5,3125737.2,1660.754,1660.754,1660.754,ok,125.0,85.364843,28.247359,1741.5,0.74,11.51,80.77661,side-valley,ok,105.0,85.362790,28.248155,1752.4,1.31,20.13,91.6604,,91.7,1,230.0,1828.1,9.03,L,-10.88,23.19,,,,,,,,1.00,1,1,65.0,35.00,0.00,0.00,,,0,0,1,1,0
main,26.20,s2chg,339474.5,3125737.2,1660.754,1660.754,1660.754,ok,125.0,85.364843,28.247359,1741.5,0.74,11.51,80.77661,side-valley,ok,105.0,85.362790,28.248155,1752.4,1.31,20.13,91.6604,,91.7,1,230.0,1828.1,9.03,L,-10.88,23.19,,,,,,,,1.00,1,1,65.0,35.00,0.00,0.00,,,0,0,1,1,0
main,26.20,pelican0827,339474.5,3125737.2,1660.754,1660.754,1660.754,ok,126.8,85.364899,28.247337,1746.0,0.72,3.36,85.27539,side-valley,ok,117.8,85.362631,28.248217,1778.3,1.72,6.28,117.53223,capped-by-s2chg,,0,244.5,1828.1,9.03,L,-32.26,7.12,,,,,,,,1.00,1,1,60.8,38.25,0.00,0.00,,,0,0,1,1,0
main,26.20,pelican0901,339474.5,3125737.2,1660.754,1660.754,1660.754,ok,123.8,85.364871,28.247348,1743.8,0.73,3.40,83.04846,side-valley,ok,114.8,85.362659,28.248206,1773.2,1.70,6.23,112.45361,capped-by-s2chg,,0,238.5,1828.1,9.03,L,-29.41,7.09,,,,,,,,1.00,1,1,60.8,38.25,0.00,0.00,,,0,0,1,1,0
main,26.30,s2,339442.7,3125642.7,1657.4845,1657.4845,1657.4845,ok,95.0,85.364220,28.246553,1739.1,1.45,22.23,81.60364,,ok,95.0,85.362603,28.247320,1722.2,1.41,21.54,64.73718,,73.2,2,190.0,845.0,20.08,L,16.87,30.95,,,,,,,,1.00,1,1,65.0,35.00,0.00,0.00,,,0,0,1,1,0
main,26.30,s2chg,339442.7,3125642.7,1657.4845,1657.4845,1657.4845,ok,95.0,85.364220,28.246553,1739.1,1.45,22.23,81.60364,,ok,95.0,85.362603,28.247320,1722.2,1.41,21.54,64.73718,,73.2,2,190.0,845.0,20.08,L,16.87,30.95,,,,,,,,1.00,1,1,65.0,35.00,0.00,0.00,,,0,0,1,1,0
main,26.30,pelican0827,339442.7,3125642.7,1657.4845,1657.4845,1657.4845,ok,57.8,85.363924,28.246694,1687.4,1.22,4.79,29.950195,capped-by-s2chg;prebare-at-trim;no-change-in-run,ok,101.2,85.362509,28.247365,1738.5,1.81,6.55,81.010254,,81.0,1,159.0,845.0,20.08,L,-51.1,8.12,,,,,,,,1.00,0,1,30.75,35.25,0.00,0.00,,,1,0,1,1,0
main,26.30,pelican0901,339442.7,3125642.7,1657.4845,1657.4845,1657.4845,ok,57.8,85.363924,28.246694,1687.4,1.22,4.79,29.950195,capped-by-s2chg;prebare-at-trim;no-change-in-run,ok,92.2,85.362590,28.247326,1723.9,1.42,5.39,66.41516,,66.4,1,150.0,845.0,20.08,L,-36.46,7.21,,,,,,,,1.00,0,1,30.75,35.25,0.00,0.00,,,1,0,1,1,0
main,26.40,s2,339383.5,3125564.1,1653.545,1653.545,1653.545,ok,105.0,85.363598,28.245637,1759.1,1.47,22.45,105.57446,,ok,115.0,85.361964,28.246861,1715.2,0.92,14.26,61.694702,,83.6,2,220.0,587.6,29.25,L,43.88,26.60,33.91,15.61,58.6,weak,,,1.18,1.00,1,1,35.00,45.00,0.00,0.00,,,0,0,1,1,0
main,26.40,s2chg,339383.5,3125564.1,1653.545,1653.545,1653.545,ok,105.0,85.363598,28.245637,1759.1,1.47,22.45,105.57446,,ok,115.0,85.361964,28.246861,1715.2,0.92,14.26,61.694702,,83.6,2,220.0,587.6,29.25,L,43.88,26.60,33.91,15.61,58.6,weak,,,1.18,1.00,1,1,35.00,45.00,0.00,0.00,,,0,0,1,1,0
main,26.40,pelican0827,339383.5,3125564.1,1653.545,1653.545,1653.545,ok,105.8,85.363637,28.245607,1766.2,1.42,5.40,112.69275,,ok,116.2,85.361921,28.246893,1720.6,0.97,4.08,67.01062,,89.9,2,222.0,587.6,29.25,L,45.68,6.77,34.44,23.32,50.3,strong,11977,350630,1.16,1.00,1,1,36.75,44.25,0.00,0.00,,,0,0,1,1,0
main,26.40,pelican0901,339383.5,3125564.1,1653.545,1653.545,1653.545,ok,101.2,85.363602,28.245634,1759.8,1.47,5.53,106.28259,,ok,114.8,85.361933,28.246884,1719.1,0.97,4.08,65.60083,,85.9,2,216.0,587.6,29.25,L,40.68,6.87,32.95,22.04,48.55,strong,11078,310262,1.13,1.00,1,1,36.75,44.25,0.00,0.00,,,0,0,1,1,0
main,26.50,s2,339308.6,3125498.7,1650.4806,1650.4806,1650.4806,ok,95.0,85.362639,28.244987,1744.0,1.09,16.69,93.48877,,ok,105.0,85.361428,28.246325,1706.3,0.88,13.63,55.774292,,74.6,2,200.0,762.1,22.32,L,37.71,21.55,37.55,18.04,64.1,weak,,,1.39,1.00,1,1,35.00,35.00,0.00,0.00,,,0,0,1,1,0
main,26.50,s2chg,339308.6,3125498.7,1650.4806,1650.4806,1650.4806,ok,95.0,85.362639,28.244987,1744.0,1.09,16.69,93.48877,,ok,105.0,85.361428,28.246325,1706.3,0.88,13.63,55.774292,,74.6,2,200.0,762.1,22.32,L,37.71,21.55,37.55,18.04,64.1,weak,,,1.39,1.00,1,1,35.00,35.00,0.00,0.00,,,0,0,1,1,0
main,26.50,pelican0827,339308.6,3125498.7,1650.4806,1650.4806,1650.4806,ok,108.8,85.362753,28.244860,1765.5,1.22,4.81,114.98511,,ok,111.8,85.361357,28.246402,1715.3,0.86,3.74,64.85669,,89.9,2,220.5,762.1,22.32,L,50.1,6.09,41.23,28.35,59.5,strong,12317,431624,1.39,1.00,1,1,36.75,39.75,0.00,0.00,,,0,0,1,1,0
main,26.50,pelican0901,339308.6,3125498.7,1650.4806,1650.4806,1650.4806,ok,107.2,85.362744,28.244871,1763.6,1.26,4.91,113.12024,,ok,110.2,85.361367,28.246392,1714.1,0.85,3.73,63.63977,,88.4,2,217.5,762.1,22.32,L,49.48,6.17,41.24,28.31,59.6,strong,11954,419048,1.40,1.00,1,1,36.75,39.75,0.00,0.00,,,0,0,1,1,0
main,26.60,s2,339226.4,3125441.7,1651.4203,1650.4806,1650.4806,ok,95.0,85.361742,28.244420,1734.6,1.41,21.56,84.09314,,ok,105.0,85.360672,28.245849,1714.4,1.00,15.34,63.913696,side-valley,84.1,1,200.0,2857.9,5.94,L,20.18,26.46,,,,,,,,1.00,1,1,35.00,35.00,0.00,0.00,,,0,0,1,1,0
main,26.60,s2chg,339226.4,3125441.7,1651.4203,1650.4806,1650.4806,ok,95.0,85.361742,28.244420,1734.6,1.41,21.56,84.09314,,ok,105.0,85.360672,28.245849,1714.4,1.00,15.34,63.913696,side-valley,84.1,1,200.0,2857.9,5.94,L,20.18,26.46,,,,,,,,1.00,1,1,35.00,35.00,0.00,0.00,,,0,0,1,1,0
main,26.60,pelican0827,339226.4,3125441.7,1651.4203,1650.4806,1650.4806,ok,102.8,85.361809,28.244329,1739.5,1.44,13.02,89.037964,,ok,110.2,85.360619,28.245920,1723.5,0.97,4.06,73.06738,side-valley,89.0,1,213.0,2857.9,5.94,L,15.97,13.64,45.85,12.86,85.1,weak,,,1.63,1.00,1,1,38.25,33.75,0.00,0.00,,,0,0,0,1,0
main,26.60,pelican0901,339226.4,3125441.7,1651.4203,1650.4806,1650.4806,ok,99.8,85.361792,28.244352,1734.8,1.43,12.98,84.36182,,ok,110.2,85.360619,28.245920,1723.5,0.97,4.06,73.06738,side-valley,84.4,1,210.0,2857.9,5.94,L,11.29,13.61,,,,,,,,1.00,1,1,38.25,33.75,0.00,0.00,,,0,0,0,1,0
main,26.70,s2,339140.0,3125391.4,1648.8544,1648.8544,1648.8544,ok,85.0,85.360834,28.244043,1735.7,0.95,14.67,86.80298,side-valley,ok,85.0,85.359889,28.245220,1708.6,1.69,25.79,59.70581,side-valley,,0,170.0,1426.4,11.90,R,-27.10,29.67,,,,,,,,1.00,1,1,35.00,35.00,0.00,0.00,,,0,0,1,1,0
main,26.70,s2chg,339140.0,3125391.4,1648.8544,1648.8544,1648.8544,ok,85.0,85.360834,28.244043,1735.7,0.95,14.67,86.80298,side-valley,ok,85.0,85.359889,28.245220,1708.6,1.69,25.79,59.70581,side-valley,,0,170.0,1426.4,11.90,R,-27.10,29.67,,,,,,,,1.00,1,1,35.00,35.00,0.00,0.00,,,0,0,1,1,0
main,26.70,pelican0827,339140.0,3125391.4,1648.8544,1648.8544,1648.8544,ok,86.2,85.360867,28.244003,1739.6,0.97,4.07,90.69617,side-valley,ok,102.8,85.359759,28.245382,1746.1,1.32,5.11,97.263916,side-valley;capped-by-s2chg,,0,189.0,1426.4,11.90,R,6.57,6.53,22.05,4.46,42.44,weak,,,0.73,1.00,1,1,35.25,35.25,0.00,0.00,,,0,0,1,1,0
main,26.70,pelican0901,339140.0,3125391.4,1648.8544,1648.8544,1648.8544,ok,78.8,85.360823,28.244058,1734.7,0.91,3.90,85.86572,side-valley,ok,87.8,85.359848,28.245271,1723.6,1.95,6.97,74.75195,side-valley,,0,166.5,1426.4,11.90,R,-11.11,7.98,,,,,,,,1.00,1,1,35.25,35.25,0.00,0.00,,,0,0,1,1,0
main,26.80,s2,339057.1,3125336.3,1646.9639,1646.9639,1646.9639,ok,85.0,85.360070,28.243588,1679.2,0.77,11.89,32.24353,side-valley,ok,75.0,85.359048,28.244594,1709.4,1.18,18.16,62.4364,side-valley,,0,160.0,589.2,28.99,R,30.19,21.70,33.02,12.85,59.0,weak,,,1.53,1.00,1,1,45.00,15.00,0.00,0.00,,,0,0,1,1,0
main,26.80,s2chg,339057.1,3125336.3,1646.9639,1646.9639,1646.9639,ok,85.0,85.360070,28.243588,1679.2,0.77,11.89,32.24353,side-valley,ok,75.0,85.359048,28.244594,1709.4,1.18,18.16,62.4364,side-valley,,0,160.0,589.2,28.99,R,30.19,21.70,33.02,12.85,59.0,weak,,,1.53,1.00,1,1,45.00,15.00,0.00,0.00,,,0,0,1,1,0
main,26.80,pelican0827,339057.1,3125336.3,1646.9639,1646.9639,1646.9639,ok,102.8,85.360220,28.243440,1696.7,0.85,3.71,49.696777,side-valley,ok,86.2,85.358943,28.244698,1727.7,1.01,4.20,80.75415,side-valley;capped-by-s2chg,,0,189.0,589.2,28.99,R,31.06,5.61,30.82,20.47,45.63,strong,7734,202601,1.22,1.00,1,1,48.75,18.75,0.00,0.00,,,0,0,1,1,0
main,26.80,pelican0901,339057.1,3125336.3,1646.9639,1646.9639,1646.9639,ok,102.8,85.360220,28.243440,1696.7,0.85,3.71,49.696777,side-valley;capped-by-s2chg,ok,74.2,85.359024,28.244618,1714.1,1.24,4.87,67.141235,side-valley,,0,177.0,589.2,28.99,R,17.44,6.12,23.87,14.11,37.80,strong,6471,131264,1.00,1.00,1,1,48.75,18.75,0.00,0.00,,,0,0,1,1,0
main,26.90,s2,338989.1,3125263.2,1644.8107,1644.8107,1644.8107,ok,105.0,85.359675,28.242937,1700.0,0.90,13.85,55.14502,side-valley,ok,75.0,85.358259,28.243820,1686.4,0.61,9.57,41.6239,,41.62,1,180.0,430.7,39.85,R,-13.52,16.83,,,,,,,,0.96,1,1,55.0,35.00,40.00,20.00,,,0,0,1,1,0
main,26.90,s2chg,338989.1,3125263.2,1644.8107,1644.8107,1644.8107,ok,105.0,85.359675,28.242937,1700.0,0.90,13.85,55.14502,side-valley,ok,75.0,85.358259,28.243820,1686.4,0.61,9.57,41.6239,,41.62,1,180.0,430.7,39.85,R,-13.52,16.83,,,,,,,,0.96,1,1,55.0,35.00,40.00,20.00,,,0,0,1,1,0
main,26.90,pelican0827,338989.1,3125263.2,1644.8107,1644.8107,1644.8107,ok,107.2,85.359730,28.242904,1705.6,1.15,4.59,60.780518,side-valley,ok,83.2,85.358155,28.243885,1692.3,0.77,3.51,47.52478,,47.52,1,190.5,430.7,39.85,R,-13.26,5.78,,,,,,,,1.00,1,1,50.2,35.25,0.00,0.00,,,0,0,1,1,0
main,26.90,pelican0901,338989.1,3125263.2,1644.8107,1644.8107,1644.8107,ok,110.2,85.359755,28.242888,1707.7,1.33,5.13,62.902588,side-valley,ok,86.2,85.358130,28.243901,1693.5,0.95,4.01,48.69812,,48.70,1,196.5,430.7,39.85,R,-14.20,6.51,,,,,,,,1.00,1,1,50.2,35.25,0.00,0.00,,,0,0,1,1,0
main,27.00,s2,338941.3,3125176.6,1644.3821,1644.3821,1644.3821,ok,95.0,85.359229,28.242392,1679.8,1.12,17.14,35.382935,side-valley,ok,95.0,85.357505,28.242946,1689.5,1.33,20.36,45.158936,,45.16,1,190.0,431.7,39.85,R,9.78,26.61,,,,,,,,1.00,1,1,65.0,55.0,0.00,0.00,,,0,0,1,1,0
main,27.00,s2chg,338941.3,3125176.6,1644.3821,1644.3821,1644.3821,ok,95.0,85.359229,28.242392,1679.8,1.12,17.14,35.382935,side-valley,ok,95.0,85.357505,28.242946,1689.5,1.33,20.36,45.158936,,45.16,1,190.0,431.7,39.85,R,9.78,26.61,,,,,,,,1.00,1,1,65.0,55.0,0.00,0.00,,,0,0,1,1,0
main,27.00,pelican0827,338941.3,3125176.6,1644.3821,1644.3821,1644.3821,ok,110.2,85.359416,28.242332,1721.8,0.58,7.60,77.42847,side-valley;capped-by-s2chg,ok,101.2,85.357404,28.242978,1706.2,1.89,6.79,61.79541,,61.8,1,211.5,431.7,39.85,R,-15.63,10.19,,,,,,,,1.00,1,1,41.25,54.8,0.00,0.00,,,0,0,0,1,0
main,27.00,pelican0901,338941.3,3125176.6,1644.3821,1644.3821,1644.3821,ok,110.2,85.359416,28.242332,1721.8,0.58,7.60,77.42847,side-valley;capped-by-s2chg,ok,107.2,85.357347,28.242997,1717.0,2.01,7.13,72.617065,,72.6,1,217.5,431.7,39.85,R,-4.81,10.42,,,,,,,,1.00,1,1,41.25,54.8,0.00,0.00,,,0,0,0,1,0
main,27.10,s2,338920.0,3125080.1,1640.6041,1640.6041,1640.6041,ok,115.0,85.359278,28.241688,1692.2,0.79,12.28,51.631958,side-valley,ok,175.0,85.356442,28.241962,1767.4,1.62,24.71,126.77295,side-valley;no-change-in-run,,0,290.0,599.1,28.45,R,75.1,27.59,39.02,22.78,62.2,strong,15623,518209,1.32,0.92,1,0,55.0,165.0,0.00,0.00,,,0,0,1,1,0
main,27.10,s2chg,338920.0,3125080.1,1640.6041,1640.6041,1640.6041,ok,115.0,85.359278,28.241688,1692.2,0.79,12.28,51.631958,side-valley,ok,175.0,85.356442,28.241962,1767.4,1.62,24.71,126.77295,side-valley;no-change-in-run,,0,290.0,599.1,28.45,R,75.1,27.59,39.02,22.78,62.2,strong,15623,518209,1.32,0.92,1,0,55.0,165.0,0.00,0.00,,,0,0,1,1,0
main,27.10,pelican0827,338920.0,3125080.1,1640.6041,1640.6041,1640.6041,ok,113.2,85.359303,28.241686,1695.3,0.77,3.51,54.67688,side-valley,ok,167.2,85.356477,28.241958,1762.1,1.77,6.41,121.48462,side-valley;no-change-in-run,,0,280.5,599.1,28.45,R,66.8,7.31,37.41,25.91,53.7,strong,15305,486726,1.27,1.00,1,0,50.2,161.2,0.00,0.00,,,0,0,1,1,0
main,27.10,pelican0901,338920.0,3125080.1,1640.6041,1640.6041,1640.6041,ok,125.2,85.359425,28.241674,1706.1,0.75,3.44,65.54126,side-valley,ok,179.2,85.356355,28.241970,1779.4,1.30,5.05,138.75562,side-valley,,0,304.5,599.1,28.45,R,73.2,6.11,37.59,26.41,53.3,weak,,,1.19,1.00,1,1,50.2,161.2,0.00,0.00,,,0,0,1,1,0
main,27.20,s2,338922.9,3124980.7,1638.1403,1638.1403,1638.1403,ok,125.0,85.359429,28.240907,1698.9,0.85,13.09,60.73181,side-valley,ok,205.0,85.356169,28.240886,1746.1,0.55,8.64,107.986084,side-valley,,0,330.0,1516.8,11.10,R,47.25,15.69,46.16,27.68,72.6,strong,14699,576706,1.60,0.87,1,1,45.00,115.0,0.00,0.00,,,0,0,1,1,0
main,27.20,s2chg,338922.9,3124980.7,1638.1403,1638.1403,1638.1403,ok,125.0,85.359429,28.240907,1698.9,0.85,13.09,60.73181,side-valley,ok,205.0,85.356169,28.240886,1746.1,0.55,8.64,107.986084,side-valley,,0,330.0,1516.8,11.10,R,47.25,15.69,46.16,27.68,72.6,strong,14699,576706,1.60,0.87,1,1,45.00,115.0,0.00,0.00,,,0,0,1,1,0
main,27.20,pelican0827,338922.9,3124980.7,1638.1403,1638.1403,1638.1403,ok,117.8,85.359399,28.240907,1696.4,0.82,3.65,58.23816,side-valley,ok,155.2,85.356632,28.240889,1723.3,0.74,3.40,85.16284,side-valley,,0,273.0,1516.8,11.10,R,26.92,4.99,38.31,25.37,56.8,strong,11099,361391,1.44,1.00,1,1,47.25,113.2,0.00,0.00,,,0,0,1,1,0
main,27.20,pelican0901,338922.9,3124980.7,1638.1403,1638.1403,1638.1403,ok,120.8,85.359429,28.240907,1698.9,0.85,3.72,60.73181,side-valley,ok,155.2,85.356632,28.240889,1723.3,0.74,3.40,85.16284,side-valley,,0,276.0,1516.8,11.10,R,24.43,5.04,36.29,23.72,54.3,strong,11423,352373,1.36,1.00,1,1,47.25,113.2,0.00,0.00,,,0,0,1,1,0
main,27.30,s2,338926.2,3124881.1,1635.2665,1635.2665,1635.2665,ok,115.0,85.359375,28.240031,1699.7,1.03,15.85,64.47302,side-valley,ok,175.0,85.356523,28.239955,1741.0,1.87,28.53,105.767944,side-valley,,0,290.0,4345.9,3.90,,,,,,,,,,,0.90,1,1,55.0,45.00,0.00,0.00,,,0,0,1,1,0
main,27.30,s2chg,338926.2,3124881.1,1635.2665,1635.2665,1635.2665,ok,115.0,85.359375,28.240031,1699.7,1.03,15.85,64.47302,side-valley,ok,105.0,85.357236,28.239974,1691.4,0.66,10.33,56.113525,side-valley,,0,220.0,4345.9,3.90,,,,,,,,,,,0.90,1,1,55.0,45.00,0.00,0.00,,,0,0,1,1,0
main,27.30,pelican0827,338926.2,3124881.1,1635.2665,1635.2665,1635.2665,ok,114.8,85.359415,28.240032,1703.9,0.96,4.04,68.68225,side-valley,ok,120.8,85.357032,28.239969,1700.5,0.50,2.74,65.26831,side-valley;capped-by-s2chg;prebare-at-trim,,0,235.5,4345.9,3.90,,,,,,,,,,,1.00,1,1,53.2,45.75,0.00,0.00,,,0,1,1,1,0
main,27.30,pelican0901,338926.2,3124881.1,1635.2665,1635.2665,1635.2665,ok,116.2,85.359431,28.240032,1705.5,0.93,3.95,70.25586,side-valley,ok,120.8,85.357032,28.239969,1700.5,0.50,2.74,65.26831,side-valley;capped-by-s2chg;prebare-at-trim,,0,237.0,4345.9,3.90,,,,,,,,,,,1.00,1,1,53.2,45.75,0.00,0.00,,,0,1,1,1,0
main,27.40,s2,338921.6,3124781.8,1632.9596,1632.9596,1632.9596,ok,105.0,85.359236,28.239022,1699.1,1.05,18.86,66.17102,,ok,125.0,85.357003,28.239205,1729.1,1.22,18.73,96.10974,side-valley,66.2,1,230.0,2011.4,8.01,R,29.94,26.58,50.7,12.46,94.9,weak,,,1.80,0.90,1,1,65.0,75.0,0.00,0.00,,,0,0,0,1,0
main,27.40,s2chg,338921.6,3124781.8,1632.9596,1632.9596,1632.9596,ok,105.0,85.359236,28.239022,1699.1,1.05,18.86,66.17102,,ok,125.0,85.357003,28.239205,1729.1,1.22,18.73,96.10974,side-valley,66.2,1,230.0,2011.4,8.01,R,29.94,26.58,50.7,12.46,94.9,weak,,,1.80,0.90,1,1,65.0,75.0,0.00,0.00,,,0,0,0,1,0
main,27.40,pelican0827,338921.6,3124781.8,1632.9596,1632.9596,1632.9596,ok,123.8,85.359469,28.239003,1726.4,0.82,3.65,93.40344,capped-by-s2chg,ok,117.8,85.357034,28.239202,1726.2,1.22,4.79,93.23535,side-valley,,0,241.5,2011.4,8.01,R,-0.17,6.02,,,,,,,,1.00,1,1,68.2,21.75,0.00,0.00,,,0,0,1,1,0
main,27.40,pelican0901,338921.6,3124781.8,1632.9596,1632.9596,1632.9596,ok,123.8,85.359469,28.239003,1726.4,0.82,3.65,93.40344,capped-by-s2chg,ok,128.2,85.356927,28.239211,1721.0,1.22,11.66,87.99097,side-valley,,0,252.0,2011.4,8.01,R,-5.41,12.22,,,,,,,,1.00,1,1,68.2,21.75,0.00,0.00,,,0,0,1,0,0
main,27.50,s2,338912.1,3124684.1,1630.4044,1630.4044,1630.4044,ok,145.0,85.359564,28.238218,1705.3,0.85,13.21,74.9292,,ok,95.0,85.357220,28.238224,1728.4,1.37,20.92,97.96912,,86.4,2,240.0,1013.5,16.00,R,23.04,24.74,,,,,,,,1.00,1,1,25.00,35.00,0.00,0.00,,,0,0,1,1,0
main,27.50,s2chg,338912.1,3124684.1,1630.4044,1630.4044,1630.4044,ok,145.0,85.359564,28.238218,1705.3,0.85,13.21,74.9292,,ok,95.0,85.357220,28.238224,1728.4,1.37,20.92,97.96912,,86.4,2,240.0,1013.5,16.00,R,23.04,24.74,,,,,,,,1.00,1,1,25.00,35.00,0.00,0.00,,,0,0,1,1,0
main,27.50,pelican0827,338912.1,3124684.1,1630.4044,1630.4044,1630.4044,ok,144.8,85.359605,28.238218,1708.6,0.85,3.73,78.20044,,ok,95.2,85.357175,28.238224,1734.3,1.45,5.48,103.87158,,91.0,2,240.0,1013.5,16.00,R,25.67,6.63,32.61,20.61,49.85,strong,13326,369392,1.09,1.00,1,1,27.75,32.25,0.00,0.00,,,0,0,1,1,0
main,27.50,pelican0901,338912.1,3124684.1,1630.4044,1630.4044,1630.4044,ok,147.8,85.359635,28.238218,1710.8,0.81,3.61,80.44214,,ok,107.2,85.357052,28.238224,1753.7,1.62,5.97,123.3103,capped-by-s2chg,80.4,1,255.0,1013.5,16.00,R,42.87,6.98,40.88,27.45,60.1,strong,16121,560212,1.29,1.00,1,1,27.75,32.25,0.00,0.00,,,0,0,1,1,0
main,27.60,s2,338891.2,3124588.2,1629.1174,1629.1174,1629.1174,ok,185.0,85.359736,28.237676,1708.5,0.95,14.63,79.38208,,ok,85.0,85.357139,28.237211,1711.9,1.49,22.76,82.829834,,81.1,2,270.0,568.6,29.40,R,3.45,27.06,,,,,,,,1.00,1,1,25.00,35.00,0.00,0.00,,,0,0,1,1,0
main,27.60,s2chg,338891.2,3124588.2,1629.1174,1629.1174,1629.1174,ok,185.0,85.359736,28.237676,1708.5,0.95,14.63,79.38208,,ok,85.0,85.357139,28.237211,1711.9,1.49,22.76,82.829834,,81.1,2,270.0,568.6,29.40,R,3.45,27.06,,,,,,,,1.00,1,1,25.00,35.00,0.00,0.00,,,0,0,1,1,0
main,27.60,pelican0827,338891.2,3124588.2,1629.1174,1629.1174,1629.1174,ok,176.2,85.359691,28.237668,1704.1,0.89,3.84,74.99182,,ok,81.8,85.357129,28.237209,1713.5,1.46,5.52,84.342285,,79.7,2,258.0,568.6,29.40,R,9.35,6.72,14.22,5.53,25.40,weak,,,0.51,1.00,1,1,29.25,32.25,0.00,0.00,,,0,0,1,1,0
main,27.60,pelican0901,338891.2,3124588.2,1629.1174,1629.1174,1629.1174,ok,177.8,85.359706,28.237671,1705.6,0.91,3.89,76.440674,,ok,95.2,85.356995,28.237185,1731.9,1.47,5.53,102.76062,,89.6,2,273.0,568.6,29.40,R,26.32,6.76,23.19,14.67,35.43,strong,15174,299099,0.78,1.00,1,1,29.25,32.25,0.00,0.00,,,0,0,1,1,0
main,27.70,s2,338959.7,3124520.9,1625.5116,1625.5116,1625.5116,ok,25.00,85.358837,28.236817,1635.3,0.72,11.22,9.81543,prebare-at-trim;no-change-in-run,ok,195.0,85.356829,28.236162,1739.4,0.75,11.59,113.92224,,113.9,1,220.0,1416.3,11.23,R,104.1,16.14,81.1,54.7,118.8,weak,,,3.29,1.00,0,1,25.00,165.0,0.00,0.00,,,1,0,1,1,0
main,27.70,s2chg,338959.7,3124520.9,1625.5116,1625.5116,1625.5116,ok,25.00,85.358837,28.236817,1635.3,0.72,11.22,9.81543,prebare-at-trim;no-change-in-run,ok,195.0,85.356829,28.236162,1739.4,0.75,11.59,113.92224,,113.9,1,220.0,1416.3,11.23,R,104.1,16.14,81.1,54.7,118.8,weak,,,3.29,1.00,0,1,25.00,165.0,0.00,0.00,,,1,0,1,1,0
main,27.70,pelican0827,338959.7,3124520.9,1625.5116,1625.5116,1625.5116,ok,42.75,85.359047,28.236886,1649.2,0.68,3.24,23.727661,capped-by-s2chg,ok,152.2,85.357197,28.236282,1716.8,0.78,3.52,91.29407,capped-by-s2chg;prebare-at-trim,,0,195.0,1416.3,11.23,R,67.6,4.78,69.4,49.08,97.8,weak,,,2.92,1.00,1,1,21.75,122.2,0.00,0.00,,,0,1,1,1,0
main,27.70,pelican0901,338959.7,3124520.9,1625.5116,1625.5116,1625.5116,ok,42.75,85.359047,28.236886,1649.2,0.68,3.24,23.727661,capped-by-s2chg,ok,152.2,85.357197,28.236282,1716.8,0.78,3.52,91.29407,capped-by-s2chg;prebare-at-trim,,0,195.0,1416.3,11.23,R,67.6,4.78,69.4,49.08,97.8,weak,,,2.92,1.00,1,1,21.75,122.2,0.00,0.00,,,0,1,1,1,0
main,27.80,s2,338976.4,3124424.5,1622.5337,1622.5337,1622.5337,ok,125.0,85.359950,28.236320,1691.1,0.67,10.45,68.6095,,ok,125.0,85.357708,28.235454,1722.4,0.84,13.06,99.84424,,84.2,2,250.0,1766.5,9.12,R,31.23,16.73,46.53,23.27,78.6,weak,,,1.62,1.00,1,1,25.00,25.00,0.00,0.00,,,0,0,1,1,0
main,27.80,s2chg,338976.4,3124424.5,1622.5337,1622.5337,1622.5337,ok,125.0,85.359950,28.236320,1691.1,0.67,10.45,68.6095,,ok,125.0,85.357708,28.235454,1722.4,0.84,13.06,99.84424,,84.2,2,250.0,1766.5,9.12,R,31.23,16.73,46.53,23.27,78.6,weak,,,1.62,1.00,1,1,25.00,25.00,0.00,0.00,,,0,0,1,1,0
main,27.80,pelican0827,338976.4,3124424.5,1622.5337,1622.5337,1622.5337,ok,135.8,85.360090,28.236374,1709.5,0.82,9.10,86.96912,,ok,122.2,85.357694,28.235449,1723.7,0.79,3.56,101.16284,,94.1,2,258.0,1766.5,9.12,R,14.19,9.77,30.88,12.65,54.7,weak,,,1.02,1.00,1,1,26.25,29.25,0.00,0.00,,,0,0,0,1,0
main,27.80,pelican0901,338976.4,3124424.5,1622.5337,1622.5337,1622.5337,ok,138.8,85.360118,28.236384,1711.6,0.85,9.27,89.08777,capped-by-s2chg,ok,126.8,85.357652,28.235433,1725.7,0.57,2.92,103.18628,,103.2,1,265.5,1766.5,9.12,R,14.10,9.72,30.34,12.41,53.7,weak,,,0.99,1.00,1,1,26.25,29.25,0.00,0.00,,,0,0,0,1,0
main,27.90,s2,338999.6,3124327.7,1619.7205,1619.7205,1619.7205,ok,115.0,85.360126,28.235371,1693.9,0.65,10.18,74.17981,,ok,105.0,85.358127,28.234694,1699.4,0.81,12.53,79.71692,,76.9,2,220.0,9067.4,1.82,,,,,,,,,,,1.00,1,1,25.00,25.00,0.00,0.00,,,0,0,1,1,0
main,27.90,s2chg,338999.6,3124327.7,1619.7205,1619.7205,1619.7205,ok,115.0,85.360126,28.235371,1693.9,0.65,10.18,74.17981,,ok,105.0,85.358127,28.234694,1699.4,0.81,12.53,79.71692,,76.9,2,220.0,9067.4,1.82,,,,,,,,,,,1.00,1,1,25.00,25.00,0.00,0.00,,,0,0,1,1,0
main,27.90,pelican0827,338999.6,3124327.7,1619.7205,1619.7205,1619.7205,ok,128.2,85.360292,28.235427,1709.1,1.01,4.18,89.374756,,ok,110.2,85.358037,28.234664,1706.2,0.71,3.34,86.52063,,87.9,2,238.5,9067.4,1.82,,,,,,,,,,,1.00,1,1,21.75,20.25,0.00,0.00,,,0,0,1,1,0
main,27.90,pelican0901,338999.6,3124327.7,1619.7205,1619.7205,1619.7205,ok,123.8,85.360250,28.235413,1704.4,1.02,4.21,84.698364,,ok,110.2,85.358037,28.234664,1706.2,0.71,3.34,86.52063,,85.6,2,234.0,9067.4,1.82,,,,,,,,,,,1.00,1,1,21.75,20.25,0.00,0.00,,,0,0,1,1,0
main,28.00,s2,339056.8,3124247.2,1624.4072,1619.7205,1619.7205,ok,105.0,85.360588,28.234693,1706.6,1.06,18.99,86.920654,prebare-at-trim;no-change-in-run,ok,115.0,85.358665,28.233862,1691.0,0.59,9.32,71.26489,,71.3,1,220.0,2633.7,6.36,L,15.66,21.15,,,,,,,,1.00,0,1,25.00,15.00,0.00,0.00,,,1,0,0,1,0
main,28.00,s2chg,339056.8,3124247.2,1624.4072,1619.7205,1619.7205,ok,55.0,85.360131,28.234495,1662.9,0.73,11.39,43.20691,no-change-in-run,ok,115.0,85.358665,28.233862,1691.0,0.59,9.32,71.26489,,71.3,1,170.0,2633.7,6.36,L,-28.06,14.72,,,,,,,,1.00,0,1,25.00,15.00,0.00,0.00,,,0,0,1,1,0
main,28.00,pelican0827,339056.8,3124247.2,1624.4072,1619.7205,1619.7205,ok,74.2,85.360346,28.234588,1682.2,0.79,3.55,62.455444,capped-by-s2chg;prebare-at-trim,ok,119.2,85.358587,28.233829,1696.1,0.60,3.03,76.42786,,76.4,1,193.5,2633.7,6.36,L,-13.97,4.66,,,,,,,,1.00,1,1,26.25,17.25,0.00,0.00,,,1,0,1,1,0
main,28.00,pelican0901,339056.8,3124247.2,1624.4072,1619.7205,1619.7205,ok,74.2,85.360346,28.234588,1682.2,0.79,3.55,62.455444,capped-by-s2chg;prebare-at-trim,ok,122.2,85.358560,28.233817,1697.9,0.61,3.06,78.18335,,78.2,1,196.5,2633.7,6.36,L,-15.73,4.68,,,,,,,,1.00,1,1,26.25,17.25,0.00,0.00,,,1,0,1,1,0
main,28.10,s2,339091.5,3124153.7,1612.6577,1612.6577,1612.6577,ok,95.0,85.360906,28.233724,1687.8,0.86,13.31,75.181274,,ok,105.0,85.359076,28.233162,1703.2,0.85,13.13,90.51221,,82.8,2,200.0,1171.7,14.44,L,-15.33,18.70,,,,,,,,1.00,1,1,15.00,25.00,0.00,0.00,,,0,0,1,1,0
main,28.10,s2chg,339091.5,3124153.7,1612.6577,1612.6577,1612.6577,ok,95.0,85.360906,28.233724,1687.8,0.86,13.31,75.181274,,ok,105.0,85.359076,28.233162,1703.2,0.85,13.13,90.51221,,82.8,2,200.0,1171.7,14.44,L,-15.33,18.70,,,,,,,,1.00,1,1,15.00,25.00,0.00,0.00,,,0,0,1,1,0
main,28.10,pelican0827,339091.5,3124153.7,1612.6577,1612.6577,1612.6577,ok,99.8,85.360992,28.233751,1707.0,0.87,9.44,94.37573,,ok,116.2,85.358927,28.233117,1707.0,0.51,2.76,94.352295,,94.4,2,216.0,1171.7,14.44,L,0.02,9.84,,,,,,,,1.00,1,1,18.75,23.25,0.00,0.00,,,0,0,0,1,0
main,28.10,pelican0901,339091.5,3124153.7,1612.6577,1612.6577,1612.6577,ok,104.2,85.361036,28.233764,1710.7,0.88,9.48,98.0885,,ok,116.2,85.358927,28.233117,1707.0,0.51,2.76,94.352295,,96.2,2,220.5,1171.7,14.44,L,3.74,9.88,,,,,,,,1.00,1,1,18.75,23.25,0.00,0.00,,,0,0,0,1,0
main,28.20,s2,339121.1,3124060.1,1612.0715,1612.0715,1612.0715,ok,155.0,85.361853,28.232877,1730.0,1.07,16.45,117.92737,no-change-in-run,ok,115.0,85.359253,28.232427,1703.5,0.94,14.54,91.459595,,91.5,1,270.0,1070.9,15.83,L,26.47,21.95,32.09,9.73,59.2,weak,,,1.00,1.00,0,1,55.0,15.00,0.00,0.00,,,0,0,1,1,0
main,28.20,s2chg,339121.1,3124060.1,1612.0715,1612.0715,1612.0715,ok,95.0,85.361253,28.232773,1697.4,0.57,11.28,85.281006,no-change-in-run,ok,115.0,85.359253,28.232427,1703.5,0.94,14.54,91.459595,,91.5,1,210.0,1070.9,15.83,L,-6.18,18.40,,,,,,,,1.00,0,1,55.0,15.00,0.00,0.00,,,0,0,0,1,0
main,28.20,pelican0827,339121.1,3124060.1,1612.0715,1612.0715,1612.0715,ok,105.8,85.361403,28.232799,1683.7,0.59,2.98,71.64368,capped-by-s2chg;prebare-at-trim;no-change-in-run,ok,110.2,85.359258,28.232427,1703.5,0.94,4.00,91.406494,,91.4,1,216.0,1070.9,15.83,L,-19.76,4.99,,,,,,,,1.00,0,1,54.8,11.25,0.00,0.00,,,1,0,1,1,0
main,28.20,pelican0901,339121.1,3124060.1,1612.0715,1612.0715,1612.0715,ok,105.8,85.361403,28.232799,1683.7,0.59,2.98,71.64368,capped-by-s2chg;prebare-at-trim;no-change-in-run,ok,111.8,85.359243,28.232425,1703.7,0.94,3.99,91.5791,,91.6,1,217.5,1070.9,15.83,L,-19.94,4.98,,,,,,,,1.00,0,1,54.8,11.25,0.00,0.00,,,1,0,1,1,0
main,28.30,s2,339123.9,3123960.6,1610.3458,1610.3458,1610.3458,ok,115.0,85.361504,28.231867,1697.2,0.94,14.49,86.85535,,ok,95.0,85.359489,28.231599,1686.6,0.50,7.86,76.302124,,81.6,2,210.0,5456.8,3.10,,,,,,,,,,,1.00,1,1,45.00,15.00,0.00,0.00,,,0,0,1,1,0
main,28.30,s2chg,339123.9,3123960.6,1610.3458,1610.3458,1610.3458,ok,115.0,85.361504,28.231867,1697.2,0.94,14.49,86.85535,,ok,95.0,85.359489,28.231599,1686.6,0.50,7.86,76.302124,,81.6,2,210.0,5456.8,3.10,,,,,,,,,,,1.00,1,1,45.00,15.00,0.00,0.00,,,0,0,1,1,0
main,28.30,pelican0827,339123.9,3123960.6,1610.3458,1610.3458,1610.3458,ok,125.2,85.361650,28.231886,1709.5,0.88,3.82,99.14636,,ok,95.2,85.359444,28.231593,1689.0,0.56,2.90,78.624146,,88.9,2,220.5,5456.8,3.10,,,,,,,,,,,1.00,1,1,47.25,14.25,0.00,0.00,,,0,0,1,1,0
main,28.30,pelican0901,339123.9,3123960.6,1610.3458,1610.3458,1610.3458,ok,128.2,85.361680,28.231890,1712.0,0.85,3.72,101.63733,,ok,92.2,85.359474,28.231597,1687.4,0.52,2.79,77.0553,,89.3,2,220.5,5456.8,3.10,,,,,,,,,,,1.00,1,1,47.25,14.25,0.00,0.00,,,0,0,1,1,0
main,28.40,s2,339135.6,3123862.0,1608.2362,1608.2362,1608.2362,ok,95.0,85.361432,28.230971,1704.3,0.87,15.98,96.079956,,ok,55.0,85.360026,28.230754,1673.9,0.38,6.13,65.63147,,80.9,2,150.0,279510.8,0.06,,,,,,,,,,,1.00,1,1,25.00,15.00,0.00,0.00,,,0,0,0,1,0
main,28.40,s2chg,339135.6,3123862.0,1608.2362,1608.2362,1608.2362,ok,95.0,85.361432,28.230971,1704.3,0.87,15.98,96.079956,,ok,55.0,85.360026,28.230754,1673.9,0.38,6.13,65.63147,,80.9,2,150.0,279510.8,0.06,,,,,,,,,,,1.00,1,1,25.00,15.00,0.00,0.00,,,0,0,0,1,0
main,28.40,pelican0827,339135.6,3123862.0,1608.2362,1608.2362,1608.2362,ok,101.2,85.361537,28.230987,1712.8,0.79,8.94,104.5332,,ok,62.2,85.359911,28.230736,1679.7,0.71,3.33,71.421265,,88.0,2,163.5,279510.8,0.06,,,,,,,,,,,1.00,1,1,24.75,12.75,0.00,0.00,,,0,0,0,1,0
main,28.40,pelican0901,339135.6,3123862.0,1608.2362,1608.2362,1608.2362,ok,110.2,85.361628,28.231001,1698.5,0.74,3.41,90.29553,,ok,71.2,85.359821,28.230722,1685.2,1.01,4.18,76.99109,capped-by-s2chg,90.3,1,181.5,279510.8,0.06,,,,,,,,,,,1.00,1,1,24.75,12.75,0.00,0.00,,,0,0,1,1,0
main,28.50,s2,339165.2,3123767.4,1608.4847,1608.2362,1608.2362,ok,75.0,85.361543,28.230105,1713.7,1.58,27.32,105.416504,prebare-at-trim;no-change-in-run,ok,85.0,85.360044,28.229839,1663.7,0.82,12.62,55.460083,,55.5,1,160.0,2687.7,6.33,L,49.96,30.09,90.7,41.98,156.5,weak,,,3.23,1.00,0,1,45.00,5.00,0.00,0.00,,,1,0,0,1,0
main,28.50,s2chg,339165.2,3123767.4,1608.4847,1608.2362,1608.2362,ok,65.0,85.361443,28.230087,1656.9,1.76,26.86,48.660156,no-change-in-run,ok,85.0,85.360044,28.229839,1663.7,0.82,12.62,55.460083,,55.5,1,150.0,2687.7,6.33,L,-6.80,29.68,,,,,,,,1.00,0,1,45.00,5.00,0.00,0.00,,,0,0,1,1,0
main,28.50,pelican0827,339165.2,3123767.4,1608.4847,1608.2362,1608.2362,ok,80.2,85.361638,28.230122,1731.5,1.41,12.89,123.2384,capped-by-s2chg,ok,89.2,85.359959,28.229824,1669.4,0.93,3.97,61.21057,,61.2,1,169.5,2687.7,6.33,L,62.0,13.48,98.2,63.8,147.7,weak,,,3.27,1.00,1,1,45.75,5.25,0.00,0.00,,,0,0,0,1,0
main,28.50,pelican0901,339165.2,3123767.4,1608.4847,1608.2362,1608.2362,ok,80.2,85.361638,28.230122,1731.5,1.41,12.89,123.2384,capped-by-s2chg,ok,90.8,85.359944,28.229822,1670.8,1.00,4.16,62.54297,,62.5,1,171.0,2687.7,6.33,L,60.7,13.55,96.7,62.6,145.8,weak,,,3.20,1.00,1,1,45.75,5.25,0.00,0.00,,,0,0,0,1,0
main,28.60,s2,339175.8,3123668.5,1603.1027,1603.1027,1603.1027,ok,85.0,85.361776,28.229155,1707.9,1.25,22.05,104.76721,,ok,95.0,85.360051,28.229016,1658.0,0.76,11.74,54.937622,,79.9,2,180.0,1970.5,8.66,L,49.83,24.98,73.2,37.91,122.1,weak,,,2.61,1.00,1,1,45.00,15.00,0.00,0.00,,,0,0,0,1,0
main,28.60,s2chg,339175.8,3123668.5,1603.1027,1603.1027,1603.1027,ok,85.0,85.361776,28.229155,1707.9,1.25,22.05,104.76721,,ok,95.0,85.360051,28.229016,1658.0,0.76,11.74,54.937622,,79.9,2,180.0,1970.5,8.66,L,49.83,24.98,73.2,37.91,122.1,weak,,,2.61,1.00,1,1,45.00,15.00,0.00,0.00,,,0,0,0,1,0
main,28.60,pelican0827,339175.8,3123668.5,1603.1027,1603.1027,1603.1027,ok,89.2,85.361863,28.229162,1717.4,1.19,11.48,114.33862,,ok,89.2,85.360067,28.229017,1656.9,0.76,3.46,53.798462,,84.1,2,178.5,1970.5,8.66,L,60.5,11.99,81.0,53.2,120.8,weak,,,2.82,1.00,1,1,44.25,15.75,0.00,0.00,,,0,0,0,1,0
main,28.60,pelican0901,339175.8,3123668.5,1603.1027,1603.1027,1603.1027,ok,99.8,85.361969,28.229171,1729.3,1.13,11.07,126.17151,capped-by-s2chg,ok,101.2,85.359945,28.229007,1647.8,0.97,10.04,44.69409,,44.69,1,201.0,1970.5,8.66,L,81.5,14.95,88.5,58.7,131.2,weak,,,3.06,1.00,1,1,44.25,15.75,0.00,0.00,,,0,0,0,0,0
main,28.70,s2,339179.5,3123569.2,1597.4968,1597.4968,1597.4968,ok,105.0,85.362033,28.228247,1717.4,1.36,23.77,119.884766,,ok,65.0,85.360406,28.228163,1636.5,0.78,12.03,38.98242,side-valley,119.9,1,170.0,2195.3,7.77,L,80.9,26.64,101.2,60.8,159.1,weak,,,3.63,1.00,1,1,75.0,5.00,0.00,0.00,,,0,0,0,1,0
main,28.70,s2chg,339179.5,3123569.2,1597.4968,1597.4968,1597.4968,ok,105.0,85.362033,28.228247,1717.4,1.36,23.77,119.884766,,ok,65.0,85.360406,28.228163,1636.5,0.78,12.03,38.98242,side-valley,119.9,1,170.0,2195.3,7.77,L,80.9,26.64,101.2,60.8,159.1,weak,,,3.63,1.00,1,1,75.0,5.00,0.00,0.00,,,0,0,0,1,0
main,28.70,pelican0827,339179.5,3123569.2,1597.4968,1597.4968,1597.4968,ok,111.8,85.362145,28.228253,1732.5,1.40,12.81,134.99854,,ok,72.8,85.360284,28.228156,1646.0,0.73,3.38,48.496704,side-valley,135.0,1,184.5,2195.3,7.77,L,86.5,13.25,100.5,67.9,147.0,weak,,,3.35,1.00,1,1,41.25,9.75,0.00,0.00,,,0,0,0,1,0
main,28.70,pelican0901,339179.5,3123569.2,1597.4968,1597.4968,1597.4968,ok,116.2,85.362191,28.228255,1738.7,1.42,12.91,141.21667,capped-by-s2chg,ok,75.8,85.360253,28.228155,1647.9,0.81,3.63,50.387085,side-valley,,0,192.0,2195.3,7.77,L,90.8,13.41,100.9,68.4,147.4,weak,,,3.29,1.00,1,1,41.25,9.75,0.00,0.00,,,0,0,0,1,0
main,28.80,s2,339176.9,3123469.8,1597.439,1597.439,1597.439,ok,105.0,85.362022,28.227316,1676.9,0.80,14.93,79.45349,side-valley,ok,75.0,85.360290,28.227283,1660.0,0.70,10.85,62.57605,,62.6,1,180.0,48809.6,0.35,,,,,,,,,,,1.00,1,1,45.00,25.00,0.00,0.00,,,0,0,0,1,0
main,28.80,s2chg,339176.9,3123469.8,1597.439,1597.439,1597.439,ok,105.0,85.362022,28.227316,1676.9,0.80,14.93,79.45349,side-valley,ok,75.0,85.360290,28.227283,1660.0,0.70,10.85,62.57605,,62.6,1,180.0,48809.6,0.35,,,,,,,,,,,1.00,1,1,45.00,25.00,0.00,0.00,,,0,0,0,1,0
main,28.80,pelican0827,339176.9,3123469.8,1597.439,1597.439,1597.439,ok,110.2,85.362119,28.227318,1683.0,0.78,8.83,85.58655,side-valley,ok,78.8,85.360209,28.227282,1664.7,0.83,3.66,67.21411,,67.2,1,189.0,48809.6,0.35,,,,,,,,,,,1.00,1,1,42.75,26.25,0.00,0.00,,,0,0,0,1,0
main,28.80,pelican0901,339176.9,3123469.8,1597.439,1597.439,1597.439,ok,116.2,85.362180,28.227319,1678.4,0.76,3.47,80.94617,side-valley,ok,81.8,85.360178,28.227281,1666.9,0.93,3.95,69.49963,,69.5,1,198.0,48809.6,0.35,,,,,,,,,,,1.00,1,1,42.75,26.25,0.00,0.00,,,0,0,1,1,0
main,28.90,s2,339183.2,3123370.3,1594.868,1594.868,1594.868,ok,155.0,85.362607,28.226465,1653.7,0.25,4.26,58.79956,side-valley,ok,85.0,85.360266,28.226366,1642.0,0.95,14.71,47.135986,,47.14,1,240.0,3391.2,5.03,,,,,,,,,,,1.00,1,1,45.00,35.00,0.00,0.00,,,0,0,1,1,0
main,28.90,s2chg,339183.2,3123370.3,1594.868,1594.868,1594.868,ok,65.0,85.361691,28.226426,1612.9,0.66,10.23,18.067139,side-valley,ok,85.0,85.360266,28.226366,1642.0,0.95,14.71,47.135986,,47.14,1,150.0,3391.2,5.03,,,,,,,,,,,1.00,1,1,45.00,35.00,0.00,0.00,,,0,0,1,1,0
main,28.90,pelican0827,339183.2,3123370.3,1594.868,1594.868,1594.868,ok,81.8,85.361905,28.226435,1623.7,0.53,2.84,28.86267,side-valley;capped-by-s2chg;prebare-at-trim,ok,95.2,85.360119,28.226360,1657.6,1.79,6.48,62.686157,,62.7,1,177.0,3391.2,5.03,,,,,,,,,,,1.00,1,1,26.25,33.75,0.00,0.00,,,1,0,1,1,0
main,28.90,pelican0901,339183.2,3123370.3,1594.868,1594.868,1594.868,ok,81.8,85.361905,28.226435,1623.7,0.53,2.84,28.86267,side-valley;capped-by-s2chg;prebare-at-trim,ok,98.2,85.360088,28.226359,1663.7,1.84,6.62,68.819824,capped-by-s2chg,,0,180.0,3391.2,5.03,,,,,,,,,,,1.00,1,1,26.25,33.75,0.00,0.00,,,1,0,1,1,0
main,29.00,s2,339183.5,3123270.7,1593.1885,1593.1885,1593.1885,ok,105.0,85.362117,28.225499,1652.9,1.26,19.26,59.71753,,ok,85.0,85.360283,28.225504,1650.0,1.24,19.08,56.82666,side-valley,59.7,1,190.0,2358.0,7.23,L,2.89,27.11,,,,,,,,1.00,1,1,65.0,55.0,0.00,0.00,,,0,0,1,1,0
main,29.00,s2chg,339183.5,3123270.7,1593.1885,1593.1885,1593.1885,ok,105.0,85.362117,28.225499,1652.9,1.26,19.26,59.71753,,ok,85.0,85.360283,28.225504,1650.0,1.24,19.08,56.82666,side-valley,59.7,1,190.0,2358.0,7.23,L,2.89,27.11,,,,,,,,1.00,1,1,65.0,55.0,0.00,0.00,,,0,0,1,1,0
main,29.00,pelican0827,339183.5,3123270.7,1593.1885,1593.1885,1593.1885,ok,108.8,85.362198,28.225499,1662.2,1.08,4.38,68.96338,,ok,87.8,85.360212,28.225504,1658.8,1.35,5.18,65.64099,side-valley,69.0,1,196.5,2358.0,7.23,L,3.32,6.78,,,,,,,,1.00,1,1,66.8,53.2,0.00,0.00,,,0,0,1,1,0
main,29.00,pelican0901,339183.5,3123270.7,1593.1885,1593.1885,1593.1885,ok,107.2,85.362183,28.225499,1660.7,1.10,4.47,67.51318,,ok,98.2,85.360105,28.225504,1673.1,1.41,5.36,79.94141,side-valley;capped-by-s2chg,67.5,1,205.5,2358.0,7.23,L,-12.43,6.97,,,,,,,,1.00,1,1,66.8,53.2,0.00,0.00,,,0,0,1,1,0
main,29.10,s2,339186.8,3123171.4,1592.5018,1592.5018,1592.5018,ok,105.0,85.362162,28.224545,1666.1,0.96,14.79,73.631226,,ok,115.0,85.360027,28.224673,1658.2,0.86,13.23,65.68274,,69.7,2,220.0,847.8,20.08,L,7.95,19.84,,,,,,,,1.00,1,1,35.00,15.00,0.00,0.00,,,0,0,1,1,0
main,29.10,s2chg,339186.8,3123171.4,1592.5018,1592.5018,1592.5018,ok,105.0,85.362162,28.224545,1666.1,0.96,14.79,73.631226,,ok,115.0,85.360027,28.224673,1658.2,0.86,13.23,65.68274,,69.7,2,220.0,847.8,20.08,L,7.95,19.84,,,,,,,,1.00,1,1,35.00,15.00,0.00,0.00,,,0,0,1,1,0
main,29.10,pelican0827,339186.8,3123171.4,1592.5018,1592.5018,1592.5018,ok,119.2,85.362350,28.224533,1682.8,1.12,4.51,90.26575,capped-by-s2chg,ok,114.8,85.359986,28.224676,1661.7,0.98,4.09,69.22888,,69.2,1,234.0,847.8,20.08,L,21.04,6.09,27.34,16.91,42.32,strong,11535,268099,0.98,1.00,1,1,33.75,17.25,0.00,0.00,,,0,0,1,1,0
main,29.10,pelican0901,339186.8,3123171.4,1592.5018,1592.5018,1592.5018,ok,117.8,85.362334,28.224534,1681.8,1.12,4.50,89.302,capped-by-s2chg,ok,132.8,85.359803,28.224687,1682.7,1.34,5.16,90.21265,capped-by-s2chg,,0,250.5,847.8,20.08,L,-0.91,6.84,,,,,,,,1.00,1,1,33.75,17.25,0.00,0.00,,,0,0,1,1,0
main,29.20,s2,339164.5,3123074.5,1589.5201,1589.5201,1589.5201,ok,115.0,85.362030,28.223531,1661.5,1.21,21.31,71.9939,,ok,115.0,85.359833,28.223926,1665.1,0.83,12.83,75.614136,,73.8,2,230.0,690.4,24.48,L,-3.62,24.87,,,,,,,,1.00,1,1,65.0,5.00,0.00,0.00,,,0,0,0,1,0
main,29.20,s2chg,339164.5,3123074.5,1589.5201,1589.5201,1589.5201,ok,115.0,85.362030,28.223531,1661.5,1.21,21.31,71.9939,,ok,115.0,85.359833,28.223926,1665.1,0.83,12.83,75.614136,,73.8,2,230.0,690.4,24.48,L,-3.62,24.87,,,,,,,,1.00,1,1,65.0,5.00,0.00,0.00,,,0,0,0,1,0
main,29.20,pelican0827,339164.5,3123074.5,1589.5201,1589.5201,1589.5201,ok,132.8,85.362249,28.223492,1706.4,0.95,4.01,116.86047,capped-by-s2chg,ok,110.2,85.359838,28.223925,1664.8,0.84,3.69,75.2583,,75.3,1,243.0,690.4,24.48,L,41.60,5.45,34.05,23.29,49.35,strong,15353,444389,1.11,1.00,1,1,66.8,5.25,0.00,0.00,,,0,0,1,1,0
main,29.20,pelican0901,339164.5,3123074.5,1589.5201,1589.5201,1589.5201,ok,132.8,85.362249,28.223492,1706.4,0.95,4.01,116.86047,capped-by-s2chg,ok,132.8,85.359613,28.223965,1684.0,1.22,4.79,94.50476,capped-by-s2chg,,0,265.5,690.4,24.48,L,22.36,6.25,23.88,14.87,36.81,strong,17871,362753,0.74,1.00,1,1,66.8,5.25,0.00,0.00,,,0,0,1,1,0
main,29.30,s2,339150.1,3122976.0,1588.1335,1588.1335,1588.1335,ok,105.0,85.361739,28.222493,1670.2,1.18,18.06,82.03235,side-valley,ok,145.0,85.359481,28.223322,1663.0,1.05,16.09,74.901,side-valley,,0,250.0,431.5,39.68,L,7.13,24.19,,,,,,,,1.00,1,1,55.0,25.00,0.00,0.00,,,0,0,1,1,0
main,29.30,s2chg,339150.1,3122976.0,1588.1335,1588.1335,1588.1335,ok,105.0,85.361739,28.222493,1670.2,1.18,18.06,82.03235,side-valley,ok,145.0,85.359481,28.223322,1663.0,1.05,16.09,74.901,side-valley,,0,250.0,431.5,39.68,L,7.13,24.19,,,,,,,,1.00,1,1,55.0,25.00,0.00,0.00,,,0,0,1,1,0
main,29.30,pelican0827,339150.1,3122976.0,1588.1335,1588.1335,1588.1335,ok,123.8,85.361956,28.222414,1683.0,1.04,10.50,94.89368,side-valley;capped-by-s2chg,ok,141.8,85.359471,28.223326,1664.0,1.08,4.38,75.8949,side-valley,,0,265.5,431.5,39.68,L,19.00,11.38,17.40,8.09,29.99,weak,,,0.60,1.00,1,1,54.8,21.75,0.00,0.00,,,0,0,0,1,0
main,29.30,pelican0901,339150.1,3122976.0,1588.1335,1588.1335,1588.1335,ok,123.8,85.361956,28.222414,1683.0,1.04,10.50,94.89368,side-valley;capped-by-s2chg,ok,156.8,85.359330,28.223377,1680.9,1.22,4.81,92.80762,side-valley;capped-by-s2chg,,0,280.5,431.5,39.68,L,2.09,11.55,,,,,,,,1.00,1,1,54.8,21.75,0.00,0.00,,,0,0,0,1,0
main,29.40,s2,339095.5,3122893.4,1583.5629,1583.5629,1583.5629,ok,115.0,85.361138,28.221477,1677.7,1.21,18.50,94.139404,side-valley,ok,135.0,85.359208,28.222807,1650.0,1.56,23.88,66.48242,side-valley,,0,250.0,629.5,26.65,L,27.66,30.21,,,,,,,,1.00,1,1,55.0,15.00,0.00,0.00,,,0,0,1,1,0
main,29.40,s2chg,339095.5,3122893.4,1583.5629,1583.5629,1583.5629,ok,115.0,85.361138,28.221477,1677.7,1.21,18.50,94.139404,side-valley,ok,135.0,85.359208,28.222807,1650.0,1.56,23.88,66.48242,side-valley,,0,250.0,629.5,26.65,L,27.66,30.21,,,,,,,,1.00,1,1,55.0,15.00,0.00,0.00,,,0,0,1,1,0
main,29.40,pelican0827,339095.5,3122893.4,1583.5629,1583.5629,1583.5629,ok,132.8,85.361315,28.221355,1697.2,1.34,5.16,113.641235,side-valley;capped-by-s2chg,ok,144.8,85.359095,28.222884,1667.5,1.08,4.40,83.933716,side-valley,,0,277.5,629.5,26.65,L,29.71,6.79,25.71,16.57,38.84,strong,15589,340697,0.83,1.00,1,1,53.2,20.25,0.00,0.00,,,0,0,1,1,0
main,29.40,pelican0901,339095.5,3122893.4,1583.5629,1583.5629,1583.5629,ok,132.8,85.361315,28.221355,1697.2,1.34,5.16,113.641235,side-valley;capped-by-s2chg,ok,150.8,85.359047,28.222917,1673.5,1.11,4.47,89.96521,side-valley;capped-by-s2chg,,0,283.5,629.5,26.65,L,23.68,6.83,22.71,14.06,35.13,strong,16416,316887,0.72,1.00,1,1,53.2,20.25,0.00,0.00,,,0,0,1,1,0
main,29.50,s2,339028.4,3122819.5,1578.6069,1578.6069,1578.6069,ok,85.0,85.360165,28.220909,1680.7,1.11,17.04,102.07776,side-valley,ok,125.0,85.358701,28.222164,1630.8,0.86,13.26,52.194458,side-valley,,0,210.0,998.2,16.60,L,49.88,21.59,48.23,26.65,78.7,strong,9714,398216,1.75,1.00,1,1,15.00,25.00,0.00,0.00,,,0,0,1,1,0
main,29.50,s2chg,339028.4,3122819.5,1578.6069,1578.6069,1578.6069,ok,85.0,85.360165,28.220909,1680.7,1.11,17.04,102.07776,side-valley,ok,125.0,85.358701,28.222164,1630.8,0.86,13.26,52.194458,side-valley,,0,210.0,998.2,16.60,L,49.88,21.59,48.23,26.65,78.7,strong,9714,398216,1.75,1.00,1,1,15.00,25.00,0.00,0.00,,,0,0,1,1,0
main,29.50,pelican0827,339028.4,3122819.5,1578.6069,1578.6069,1578.6069,ok,99.8,85.360304,28.220790,1699.4,0.94,3.99,120.82373,side-valley;capped-by-s2chg,ok,137.2,85.358580,28.222268,1657.4,1.73,6.31,78.7749,side-valley,,0,237.0,998.2,16.60,L,42.05,7.47,41.68,27.74,61.6,strong,14486,513218,1.33,1.00,1,1,12.75,29.25,0.00,0.00,,,0,0,1,1,0
main,29.50,pelican0901,339028.4,3122819.5,1578.6069,1578.6069,1578.6069,ok,99.8,85.360304,28.220790,1699.4,0.94,3.99,120.82373,side-valley;capped-by-s2chg,ok,143.2,85.358536,28.222305,1667.0,1.53,5.72,88.34729,side-valley;capped-by-s2chg,,0,243.0,998.2,16.60,L,32.48,6.98,36.18,23.52,54.3,strong,15612,480051,1.13,1.00,1,1,12.75,29.25,0.00,0.00,,,0,0,1,1,0
main,29.60,s2,338941.6,3122775.7,1570.8099,1570.8099,1570.8099,ok,95.0,85.359364,28.220444,1666.0,1.36,20.85,95.20154,side-valley,ok,105.0,85.357965,28.221629,1657.6,0.76,11.79,86.83386,,86.8,1,200.0,1856.3,9.05,R,-8.37,23.95,,,,,,,,1.00,1,1,35.00,35.00,0.00,0.00,,,0,0,1,1,0
main,29.60,s2chg,338941.6,3122775.7,1570.8099,1570.8099,1570.8099,ok,95.0,85.359364,28.220444,1666.0,1.36,20.85,95.20154,side-valley,ok,105.0,85.357965,28.221629,1657.6,0.76,11.79,86.83386,,86.8,1,200.0,1856.3,9.05,R,-8.37,23.95,,,,,,,,1.00,1,1,35.00,35.00,0.00,0.00,,,0,0,1,1,0
main,29.60,pelican0827,338941.6,3122775.7,1570.8099,1570.8099,1570.8099,ok,104.2,85.359464,28.220360,1680.6,0.97,4.08,109.77283,side-valley,ok,108.8,85.357907,28.221679,1663.1,0.77,3.50,92.328735,,92.3,1,213.0,1856.3,9.05,R,-17.44,5.37,,,,,,,,1.00,1,1,39.75,30.75,0.00,0.00,,,0,0,1,1,0
main,29.60,pelican0901,338941.6,3122775.7,1570.8099,1570.8099,1570.8099,ok,108.8,85.359497,28.220332,1684.0,0.90,3.87,113.21167,side-valley;capped-by-s2chg,ok,120.8,85.357818,28.221754,1670.4,0.81,3.60,99.63843,capped-by-s2chg,,0,229.5,1856.3,9.05,R,-13.57,5.29,,,,,,,,1.00,1,1,39.75,30.75,0.00,0.00,,,0,0,1,1,0
main,29.70,s2,338892.7,3122689.4,1563.3138,1563.3138,1563.3138,ok,85.0,85.358856,28.219774,1684.5,1.78,27.13,121.15259,,ok,135.0,85.357176,28.220947,1683.6,0.58,9.03,120.26672,prebare-at-trim,121.2,1,220.0,7030.3,2.39,,,,,,,,,,,0.98,1,1,35.00,15.00,10.00,20.00,,,0,1,1,1,0
main,29.70,s2chg,338892.7,3122689.4,1563.3138,1563.3138,1563.3138,ok,85.0,85.358856,28.219774,1684.5,1.78,27.13,121.15259,,ok,125.0,85.357256,28.220891,1684.1,0.55,8.61,120.74414,,120.9,2,210.0,7030.3,2.39,,,,,,,,,,,0.98,1,1,35.00,15.00,10.00,20.00,,,0,0,1,1,0
main,29.70,pelican0827,338892.7,3122689.4,1563.3138,1563.3138,1563.3138,ok,89.2,85.358924,28.219726,1699.3,1.48,5.55,135.99658,,ok,123.8,85.357232,28.220908,1683.7,0.54,2.84,120.376465,,128.2,2,213.0,7030.3,2.39,,,,,,,,,,,1.00,1,1,30.75,15.75,0.00,0.00,,,0,0,1,1,0
main,29.70,pelican0901,338892.7,3122689.4,1563.3138,1563.3138,1563.3138,ok,101.2,85.359020,28.219659,1714.2,1.35,5.18,150.83801,capped-by-s2chg,ok,143.2,85.357076,28.221017,1689.7,0.82,3.65,126.434204,capped-by-s2chg,,0,244.5,7030.3,2.39,,,,,,,,,,,1.00,1,1,30.75,15.75,0.00,0.00,,,0,0,1,1,0
main,29.80,s2,338826.3,3122615.2,1586.5837,1563.3138,1563.3138,truncated,,,,,,,,,truncated,,,,,,,,,,0,,4033.2,4.15,,,,,,,,,,,0.88,,,,,,,,,,,,,0
main,29.80,s2chg,338826.3,3122615.2,1586.5837,1563.3138,1563.3138,truncated,,,,,,,,,truncated,,,,,,,,,,0,,4033.2,4.15,,,,,,,,,,,0.88,,,,,,,,,,,,,0
main,29.80,pelican0827,338826.3,3122615.2,1586.5837,1563.3138,1563.3138,ok,81.8,85.358176,28.219068,1688.9,1.05,10.59,125.63574,uncapped-s2-truncated,ok,75.8,85.356968,28.219983,1647.6,1.06,4.33,84.25391,uncapped-s2-truncated,,0,157.5,4033.2,4.15,,,,,,,,,,,1.00,1,1,38.25,6.75,0.00,0.00,,,0,0,0,1,0
main,29.80,pelican0901,338826.3,3122615.2,1586.5837,1563.3138,1563.3138,ok,533.2,85.361674,28.216422,2051.1,0.96,4.04,487.74792,uncapped-s2-truncated,ok,96.8,85.356805,28.220106,1659.0,0.77,3.49,95.72058,uncapped-s2-truncated,,0,630.0,4033.2,4.15,,,,,,,,,,,1.00,1,1,38.25,6.75,0.00,0.00,,,0,0,1,1,0
main,29.90,s2,338762.5,3122538.8,1577.2118,1563.3138,1563.3138,ok,65.0,85.357367,28.218486,1655.5,1.55,26.83,92.21289,,ok,145.0,85.355844,28.219686,1700.3,0.92,14.16,136.94604,prebare-at-trim;no-change-in-run,92.2,1,210.0,20537.7,0.83,,,,,,,,,,,0.93,1,0,35.00,145.0,30.00,40.00,,,0,1,0,1,0
main,29.90,s2chg,338762.5,3122538.8,1577.2118,1563.3138,1563.3138,ok,65.0,85.357367,28.218486,1655.5,1.55,26.83,92.21289,,ok,145.0,85.355844,28.219686,1700.3,0.92,14.16,136.94604,prebare-at-trim;no-change-in-run,92.2,1,210.0,20537.7,0.83,,,,,,,,,,,0.93,1,0,35.00,145.0,30.00,40.00,,,0,1,0,1,0
main,29.90,pelican0827,338762.5,3122538.8,1577.2118,1563.3138,1563.3138,ok,59.2,85.357355,28.218495,1653.2,1.58,13.92,89.89087,,ok,152.2,85.355757,28.219755,1710.3,0.84,3.70,147.01001,,118.5,2,211.5,20537.7,0.83,,,,,,,,,,,1.00,1,1,36.75,149.2,0.00,0.00,,,0,0,0,1,0
main,29.90,pelican0901,338762.5,3122538.8,1577.2118,1563.3138,1563.3138,ok,78.8,85.357504,28.218378,1687.9,0.83,3.67,124.60498,capped-by-s2chg,ok,153.8,85.355745,28.219764,1711.6,0.83,3.68,148.29053,,148.3,1,232.5,20537.7,0.83,,,,,,,,,,,1.00,1,1,36.75,149.2,0.00,0.00,,,0,0,1,1,0
main,30.00,s2,338691.5,3122469.3,1569.0145,1563.3138,1563.3138,ok,95.0,85.356925,28.217717,1651.2,1.77,27.04,87.838745,,ok,115.0,85.355306,28.218813,1665.6,0.69,10.81,102.277466,prebare-at-trim,87.8,1,210.0,1632.0,10.46,R,14.44,29.13,,,,,,,,1.00,1,1,65.0,15.00,0.00,0.00,,,0,1,1,1,0
main,30.00,s2chg,338691.5,3122469.3,1569.0145,1563.3138,1563.3138,ok,95.0,85.356925,28.217717,1651.2,1.77,27.04,87.838745,,ok,95.0,85.355468,28.218703,1652.5,0.68,10.58,89.176025,,88.5,2,190.0,1632.0,10.46,R,1.34,29.04,,,,,,,,1.00,1,1,65.0,15.00,0.00,0.00,,,0,0,1,1,0
main,30.00,pelican0827,338691.5,3122469.3,1569.0145,1563.3138,1563.3138,ok,111.8,85.357095,28.217602,1669.6,1.01,4.18,106.2572,,ok,105.8,85.355346,28.218785,1662.2,0.70,3.30,98.87964,capped-by-s2chg;prebare-at-trim,106.3,1,217.5,1632.0,10.46,R,-7.38,5.32,,,,,,,,1.00,1,1,63.8,17.25,0.00,0.00,,,0,1,1,1,0
main,30.00,pelican0901,338691.5,3122469.3,1569.0145,1563.3138,1563.3138,ok,114.8,85.357119,28.217586,1672.1,0.98,4.11,108.8103,capped-by-s2chg,ok,105.8,85.355346,28.218785,1662.2,0.70,3.30,98.87964,capped-by-s2chg;prebare-at-trim,,0,220.5,1632.0,10.46,R,-9.93,5.27,,,,,,,,1.00,1,1,63.8,17.25,0.00,0.00,,,0,1,1,1,0
main,30.10,s2,338632.9,3122389.2,1561.6536,1561.6536,1561.6536,ok,105.0,85.356462,28.216984,1615.5,0.79,12.29,53.8761,side-valley,ok,75.0,85.355015,28.217826,1627.8,0.70,10.84,66.10083,,66.1,1,180.0,806.8,20.89,R,12.22,16.39,,,,,,,,1.00,1,1,45.00,15.00,0.00,0.00,,,0,0,1,1,0
main,30.10,s2chg,338632.9,3122389.2,1561.6536,1561.6536,1561.6536,ok,105.0,85.356462,28.216984,1615.5,0.79,12.29,53.8761,side-valley,ok,75.0,85.355015,28.217826,1627.8,0.70,10.84,66.10083,,66.1,1,180.0,806.8,20.89,R,12.22,16.39,,,,,,,,1.00,1,1,45.00,15.00,0.00,0.00,,,0,0,1,1,0
main,30.10,pelican0827,338632.9,3122389.2,1561.6536,1561.6536,1561.6536,ok,111.8,85.356556,28.216930,1624.2,0.88,3.81,62.53186,side-valley,ok,89.2,85.354857,28.217918,1633.4,0.70,8.33,71.7782,,71.8,1,201.0,806.8,20.89,R,9.25,9.16,19.08,3.26,36.69,weak,,,0.74,1.00,1,1,44.25,18.75,0.00,0.00,,,0,0,1,0,0
main,30.10,pelican0901,338632.9,3122389.2,1561.6536,1561.6536,1561.6536,ok,120.8,85.356632,28.216885,1631.3,0.86,3.77,69.59912,side-valley;capped-by-s2chg,ok,90.8,85.354844,28.217926,1634.4,0.70,8.33,72.74109,capped-by-s2chg,,0,211.5,806.8,20.89,R,3.14,9.15,,,,,,,,1.00,1,1,44.25,18.75,0.00,0.00,,,0,0,1,0,0
main,30.20,s2,338587.8,3122300.7,1557.9995,1557.9995,1557.9995,ok,95.0,85.355994,28.216333,1605.1,1.00,15.42,47.07312,,ok,95.0,85.354331,28.217018,1617.2,0.74,11.57,59.230225,side-valley,47.07,1,190.0,585.6,28.63,R,12.16,19.28,,,,,,,,1.00,1,1,35.00,5.00,0.00,0.00,,,0,0,1,1,0
main,30.20,s2chg,338587.8,3122300.7,1557.9995,1557.9995,1557.9995,ok,95.0,85.355994,28.216333,1605.1,1.00,15.42,47.07312,,ok,95.0,85.354331,28.217018,1617.2,0.74,11.57,59.230225,side-valley,47.07,1,190.0,585.6,28.63,R,12.16,19.28,,,,,,,,1.00,1,1,35.00,5.00,0.00,0.00,,,0,0,1,1,0
main,30.20,pelican0827,338587.8,3122300.7,1557.9995,1557.9995,1557.9995,ok,104.2,85.356119,28.216282,1618.0,0.94,3.99,59.997925,,ok,98.2,85.354262,28.217047,1621.5,0.51,2.78,63.482178,side-valley,60.0,1,202.5,585.6,28.63,R,3.48,4.87,,,,,,,,1.00,1,1,35.25,8.25,0.00,0.00,,,0,0,1,1,0
main,30.20,pelican0901,338587.8,3122300.7,1557.9995,1557.9995,1557.9995,ok,108.8,85.356161,28.216265,1622.2,0.89,3.86,64.2301,capped-by-s2chg,ok,102.8,85.354221,28.217064,1623.4,0.46,2.63,65.42139,side-valley,,0,211.5,585.6,28.63,R,1.19,4.67,,,,,,,,1.00,1,1,35.25,8.25,0.00,0.00,,,0,0,1,1,0
main,30.30,s2,338534.2,3122217.3,1556.5297,1556.5297,1556.5297,ok,105.0,85.355617,28.215698,1605.4,0.99,15.23,48.896484,side-valley,ok,55.0,85.354134,28.216026,1631.7,1.83,31.21,75.151855,,75.2,1,160.0,489.9,35.34,R,26.26,34.73,,,,,,,,1.00,1,1,55.0,5.00,0.00,0.00,,,0,0,1,0,0
main,30.30,s2chg,338534.2,3122217.3,1556.5297,1556.5297,1556.5297,ok,105.0,85.355617,28.215698,1605.4,0.99,15.23,48.896484,side-valley,ok,55.0,85.354134,28.216026,1631.7,1.83,31.21,75.151855,,75.2,1,160.0,489.9,35.34,R,26.26,34.73,,,,,,,,1.00,1,1,55.0,5.00,0.00,0.00,,,0,0,1,0,0
main,30.30,pelican0827,338534.2,3122217.3,1556.5297,1556.5297,1556.5297,ok,113.2,85.355741,28.215671,1616.8,0.93,3.95,60.30725,side-valley,ok,51.8,85.354125,28.216028,1633.5,1.81,15.44,76.99133,,77.0,1,165.0,489.9,35.34,R,16.68,15.94,22.04,3.42,42.01,weak,,,0.85,1.00,1,1,57.8,3.75,0.00,0.00,,,0,0,1,0,0
main,30.30,pelican0901,338534.2,3122217.3,1556.5297,1556.5297,1556.5297,ok,117.8,85.355785,28.215661,1621.5,0.87,3.79,64.972046,side-valley,ok,71.2,85.353932,28.216071,1669.2,1.58,13.97,112.697876,capped-by-s2chg,,0,189.0,489.9,35.34,R,47.73,14.48,34.84,21.34,54.2,strong,10899,322728,1.18,1.00,1,1,57.8,3.75,0.00,0.00,,,0,0,1,0,0
main,30.40,s2,338536.2,3122118.1,1557.4294,1556.5297,1556.5297,ok,105.0,85.355681,28.215019,1615.5,0.56,8.87,58.921753,side-valley,ok,115.0,85.353542,28.215026,1672.9,1.05,18.85,116.36194,,116.4,1,220.0,894.4,18.77,R,57.4,20.84,47.86,28.04,76.1,strong,11013,448027,1.63,1.00,1,1,45.00,15.00,0.00,0.00,,,0,0,1,0,0
main,30.40,s2chg,338536.2,3122118.1,1557.4294,1556.5297,1556.5297,ok,105.0,85.355681,28.215019,1615.5,0.56,8.87,58.921753,side-valley,ok,115.0,85.353542,28.215026,1672.9,1.05,18.85,116.36194,,116.4,1,220.0,894.4,18.77,R,57.4,20.84,47.86,28.04,76.1,strong,11013,448027,1.63,1.00,1,1,45.00,15.00,0.00,0.00,,,0,0,1,0,0
main,30.40,pelican0827,338536.2,3122118.1,1557.4294,1556.5297,1556.5297,ok,110.2,85.355778,28.215018,1619.6,0.54,2.84,63.115967,side-valley,ok,113.2,85.353516,28.215026,1675.4,1.07,10.69,118.868164,,118.9,1,223.5,894.4,18.77,R,55.8,11.06,46.78,30.74,69.8,strong,11787,468722,1.57,1.00,1,1,23.25,15.75,0.00,0.00,,,0,0,1,0,0
main,30.40,pelican0901,338536.2,3122118.1,1557.4294,1556.5297,1556.5297,ok,119.2,85.355870,28.215018,1625.2,0.72,3.36,68.711914,side-valley;capped-by-s2chg,ok,131.2,85.353333,28.215027,1693.5,1.19,11.47,136.92896,capped-by-s2chg,,0,250.5,894.4,18.77,R,68.2,11.95,48.88,32.58,72.2,strong,14736,612257,1.54,1.00,1,1,23.25,15.75,0.00,0.00,,,0,0,1,0,0
main,30.50,s2,338550.1,3122019.5,1554.631,1554.631,1554.631,ok,85.0,85.355632,28.214172,1612.7,0.71,11.05,58.040283,,ok,115.0,85.353699,28.214082,1640.2,1.74,26.63,85.54297,,71.8,2,200.0,10403.1,1.60,,,,,,,,,,,1.00,1,1,35.00,25.00,0.00,0.00,,,0,0,1,1,0
main,30.50,s2chg,338550.1,3122019.5,1554.631,1554.631,1554.631,ok,85.0,85.355632,28.214172,1612.7,0.71,11.05,58.040283,,ok,115.0,85.353699,28.214082,1640.2,1.74,26.63,85.54297,,71.8,2,200.0,10403.1,1.60,,,,,,,,,,,1.00,1,1,35.00,25.00,0.00,0.00,,,0,0,1,1,0
main,30.50,pelican0827,338550.1,3122019.5,1554.631,1554.631,1554.631,ok,89.2,85.355718,28.214176,1618.4,0.67,3.21,63.76526,,ok,123.8,85.353566,28.214076,1665.0,1.36,5.20,110.393555,capped-by-s2chg,63.8,1,213.0,10403.1,1.60,,,,,,,,,,,1.00,1,1,39.75,20.25,0.00,0.00,,,0,0,1,1,0
main,30.50,pelican0901,338550.1,3122019.5,1554.631,1554.631,1554.631,ok,95.2,85.355779,28.214179,1622.2,0.67,3.20,67.60388,capped-by-s2chg,ok,125.2,85.353551,28.214076,1668.6,1.37,5.24,113.94946,capped-by-s2chg,,0,220.5,10403.1,1.60,,,,,,,,,,,1.00,1,1,39.75,20.25,0.00,0.00,,,0,0,1,1,0
main,30.60,s2,338551.7,3121920.1,1552.243,1552.243,1552.243,ok,85.0,85.355661,28.213189,1613.0,0.33,5.34,60.725586,,ok,85.0,85.354035,28.213285,1616.4,2.26,34.43,64.18152,,62.5,2,170.0,1024.3,16.70,L,-3.46,34.84,,,,,,,,1.00,1,1,25.00,25.00,0.00,0.00,,,0,0,1,1,0
main,30.60,s2chg,338551.7,3121920.1,1552.243,1552.243,1552.243,ok,85.0,85.355661,28.213189,1613.0,0.33,5.34,60.725586,,ok,85.0,85.354035,28.213285,1616.4,2.26,34.43,64.18152,,62.5,2,170.0,1024.3,16.70,L,-3.46,34.84,,,,,,,,1.00,1,1,25.00,25.00,0.00,0.00,,,0,0,1,1,0
main,30.60,pelican0827,338551.7,3121920.1,1552.243,1552.243,1552.243,ok,93.8,85.355793,28.213182,1617.0,0.47,2.66,64.72485,,ok,96.8,85.353872,28.213295,1641.1,1.09,4.43,88.85437,capped-by-s2chg,64.7,1,190.5,1024.3,16.70,L,-24.13,5.17,,,,,,,,1.00,1,1,27.75,21.75,0.00,0.00,,,0,0,1,1,0
main,30.60,pelican0901,338551.7,3121920.1,1552.243,1552.243,1552.243,ok,93.8,85.355793,28.213182,1617.0,0.47,2.66,64.72485,,ok,96.8,85.353872,28.213295,1641.1,1.09,4.43,88.85437,capped-by-s2chg,64.7,1,190.5,1024.3,16.70,L,-24.13,5.17,,,,,,,,1.00,1,1,27.75,21.75,0.00,0.00,,,0,0,1,1,0
main,30.70,s2,338531.7,3121822.5,1548.4727,1548.4727,1548.4727,ok,115.0,85.355753,28.212144,1609.6,0.81,12.57,61.08545,,ok,75.0,85.353961,28.212488,1611.7,1.43,21.93,63.214478,,62.1,2,190.0,2032.0,8.32,L,-2.13,25.28,,,,,,,,1.00,1,1,35.00,25.00,0.00,0.00,,,0,0,1,1,0
main,30.70,s2chg,338531.7,3121822.5,1548.4727,1548.4727,1548.4727,ok,115.0,85.355753,28.212144,1609.6,0.81,12.57,61.08545,,ok,75.0,85.353961,28.212488,1611.7,1.43,21.93,63.214478,,62.1,2,190.0,2032.0,8.32,L,-2.13,25.28,,,,,,,,1.00,1,1,35.00,25.00,0.00,0.00,,,0,0,1,1,0
main,30.70,pelican0827,338531.7,3121822.5,1548.4727,1548.4727,1548.4727,ok,122.2,85.355867,28.212122,1612.0,0.77,3.49,63.51306,,ok,92.2,85.353746,28.212530,1656.9,2.88,9.73,108.420654,capped-by-s2chg,63.5,1,214.5,2032.0,8.32,L,-44.91,10.34,,,,,,,,1.00,1,1,39.75,21.75,0.00,0.00,,,0,0,1,1,0
main,30.70,pelican0901,338531.7,3121822.5,1548.4727,1548.4727,1548.4727,ok,126.8,85.355912,28.212113,1614.6,0.75,3.44,66.08411,capped-by-s2chg,ok,92.2,85.353746,28.212530,1656.9,2.88,9.73,108.420654,capped-by-s2chg,,0,219.0,2032.0,8.32,L,-42.34,10.32,,,,,,,,1.00,1,1,39.75,21.75,0.00,0.00,,,0,0,1,1,0
main,30.80,s2,338502.5,3121727.3,1546.8597,1546.8597,1546.8597,ok,85.0,85.355177,28.211368,1609.5,0.98,15.10,62.6709,,ok,55.0,85.353872,28.211568,1605.1,1.52,23.32,58.255615,,60.5,2,140.0,2679.4,6.32,R,-4.42,27.78,,,,,,,,1.00,1,1,45.00,15.00,0.00,0.00,,,0,0,1,1,0
main,30.80,s2chg,338502.5,3121727.3,1546.8597,1546.8597,1546.8597,ok,85.0,85.355177,28.211368,1609.5,0.98,15.10,62.6709,,ok,55.0,85.353872,28.211568,1605.1,1.52,23.32,58.255615,,60.5,2,140.0,2679.4,6.32,R,-4.42,27.78,,,,,,,,1.00,1,1,45.00,15.00,0.00,0.00,,,0,0,1,1,0
main,30.80,pelican0827,338502.5,3121727.3,1546.8597,1546.8597,1546.8597,ok,93.8,85.355308,28.211348,1620.5,0.75,3.45,73.67334,,ok,62.2,85.353757,28.211586,1619.7,1.18,4.68,72.87891,,73.3,2,156.0,2679.4,6.32,R,-0.79,5.82,,,,,,,,1.00,1,1,48.75,12.75,0.00,0.00,,,0,0,1,1,0
main,30.80,pelican0901,338502.5,3121727.3,1546.8597,1546.8597,1546.8597,ok,86.2,85.355232,28.211360,1614.2,0.84,3.69,67.32837,,ok,68.2,85.353696,28.211595,1626.4,1.11,4.48,79.49805,capped-by-s2chg,67.3,1,154.5,2679.4,6.32,R,12.17,5.80,45.50,24.15,75.4,strong,6994,270496,1.70,1.00,1,1,48.75,12.75,0.00,0.00,,,0,0,1,1,0
main,30.90,s2,338483.1,3121630.8,1546.1012,1546.1012,1546.1012,ok,95.0,85.355100,28.210527,1594.0,0.79,12.21,47.88794,,ok,85.0,85.353380,28.210701,1599.2,0.80,12.46,53.13733,,50.5,2,180.0,1027.3,16.60,R,5.25,17.44,,,,,,,,0.98,1,1,35.00,35.00,0.00,0.00,,,0,0,1,1,0
main,30.90,s2chg,338483.1,3121630.8,1546.1012,1546.1012,1546.1012,ok,95.0,85.355100,28.210527,1594.0,0.79,12.21,47.88794,,ok,85.0,85.353380,28.210701,1599.2,0.80,12.46,53.13733,,50.5,2,180.0,1027.3,16.60,R,5.25,17.44,,,,,,,,0.98,1,1,35.00,35.00,0.00,0.00,,,0,0,1,1,0
main,30.90,pelican0827,338483.1,3121630.8,1546.1012,1546.1012,1546.1012,ok,99.8,85.355192,28.210517,1602.3,0.92,3.93,56.238403,,ok,89.2,85.353294,28.210710,1605.8,0.80,3.58,59.703003,,58.0,2,189.0,1027.3,16.60,R,3.46,5.31,,,,,,,,1.00,1,1,36.75,33.75,0.00,0.00,,,0,0,1,1,0
main,30.90,pelican0901,338483.1,3121630.8,1546.1012,1546.1012,1546.1012,ok,102.8,85.355222,28.210514,1605.0,0.87,3.78,58.866943,,ok,98.2,85.353203,28.210719,1612.7,0.78,3.53,66.62732,,62.7,2,201.0,1027.3,16.60,R,7.76,5.17,19.73,8.36,34.71,weak,,,0.80,1.00,1,1,36.75,33.75,0.00,0.00,,,0,0,1,1,0
main,31.00,s2,338484.7,3121532.2,1542.7882,1542.7882,1542.7882,ok,95.0,85.355135,28.209765,1591.6,0.75,11.66,48.79956,,ok,115.0,85.353099,28.209686,1602.0,2.40,36.48,59.17041,,54.0,2,210.0,939.7,18.03,R,10.37,38.29,,,,,,,,1.00,1,1,35.00,45.00,0.00,0.00,,,0,0,1,1,0
main,31.00,s2chg,338484.7,3121532.2,1542.7882,1542.7882,1542.7882,ok,95.0,85.355135,28.209765,1591.6,0.75,11.66,48.79956,,ok,115.0,85.353099,28.209686,1602.0,2.40,36.48,59.17041,,54.0,2,210.0,939.7,18.03,R,10.37,38.29,,,,,,,,1.00,1,1,35.00,45.00,0.00,0.00,,,0,0,1,1,0
main,31.00,pelican0827,338484.7,3121532.2,1542.7882,1542.7882,1542.7882,ok,96.8,85.355196,28.209767,1596.2,0.73,3.40,53.388428,,ok,110.2,85.353105,28.209686,1600.8,2.33,8.08,58.056152,,55.7,2,207.0,939.7,18.03,R,4.67,8.76,,,,,,,,1.00,1,1,35.25,44.25,0.00,0.00,,,0,0,1,1,0
main,31.00,pelican0901,338484.7,3121532.2,1542.7882,1542.7882,1542.7882,ok,110.2,85.355333,28.209772,1604.2,0.70,3.29,61.4021,capped-by-s2chg,ok,116.2,85.353043,28.209684,1615.3,2.61,8.93,72.484985,,72.5,1,226.5,939.7,18.03,R,11.08,9.52,21.24,5.86,39.46,weak,,,0.83,1.00,1,1,35.25,44.25,0.00,0.00,,,0,0,1,1,0
main,31.10,s2,338487.5,3121433.3,1539.7064,1539.7064,1539.7064,ok,95.0,85.355175,28.208910,1589.9,0.78,12.02,50.179077,,ok,85.0,85.353450,28.208771,1600.5,0.85,15.64,60.840942,,55.5,2,180.0,1193.3,14.22,R,10.66,19.73,,,,,,,,1.00,1,1,55.0,15.00,0.00,0.00,,,0,0,1,0,0
main,31.10,s2chg,338487.5,3121433.3,1539.7064,1539.7064,1539.7064,ok,95.0,85.355175,28.208910,1589.9,0.78,12.02,50.179077,,ok,85.0,85.353450,28.208771,1600.5,0.85,15.64,60.840942,,55.5,2,180.0,1193.3,14.22,R,10.66,19.73,,,,,,,,1.00,1,1,55.0,15.00,0.00,0.00,,,0,0,1,0,0
main,31.10,pelican0827,338487.5,3121433.3,1539.7064,1539.7064,1539.7064,ok,107.2,85.355342,28.208924,1602.1,0.71,3.33,62.405396,capped-by-s2chg,ok,102.8,85.353227,28.208753,1645.2,0.78,3.52,105.481445,capped-by-s2chg,,0,210.0,1193.3,14.22,R,43.08,4.85,49.00,33.87,70.4,strong,10636,443006,1.71,1.00,1,1,32.25,17.25,0.00,0.00,,,0,0,1,1,0
main,31.10,pelican0901,338487.5,3121433.3,1539.7064,1539.7064,1539.7064,ok,99.8,85.355266,28.208918,1596.8,0.76,3.47,57.047974,,ok,102.8,85.353227,28.208753,1645.2,0.78,3.52,105.481445,capped-by-s2chg,57.0,1,202.5,1193.3,14.22,R,48.43,4.94,52.9,36.79,75.7,strong,10046,451862,1.87,1.00,1,1,32.25,17.25,0.00,0.00,,,0,0,1,1,0
main,31.20,s2,338500.0,3121335.5,1537.846,1537.846,1537.846,ok,125.0,85.355595,28.208190,1601.5,0.65,10.09,63.62915,,ok,55.0,85.353905,28.207858,1616.7,1.45,22.21,78.84302,,71.2,2,180.0,6153.6,2.69,,,,,,,,,,,1.00,1,1,55.0,15.00,0.00,0.00,,,0,0,1,1,0
main,31.20,s2chg,338500.0,3121335.5,1537.846,1537.846,1537.846,ok,125.0,85.355595,28.208190,1601.5,0.65,10.09,63.62915,,ok,55.0,85.353905,28.207858,1616.7,1.45,22.21,78.84302,,71.2,2,180.0,6153.6,2.69,,,,,,,,,,,1.00,1,1,55.0,15.00,0.00,0.00,,,0,0,1,1,0
main,31.20,pelican0827,338500.0,3121335.5,1537.846,1537.846,1537.846,truncated,,,,,,,,capped-by-s2chg,truncated,,,,,,,,capped-by-s2chg,,0,,6153.6,2.69,,,,,,,,,,,0.89,,,,,,,,,,,,,0
main,31.20,pelican0901,338500.0,3121335.5,1537.846,1537.846,1537.846,ok,120.8,85.355595,28.208190,1601.5,0.65,3.15,63.62915,,ok,62.2,85.353790,28.207835,1625.0,1.40,12.80,87.14807,,75.4,2,183.0,6153.6,2.69,,,,,,,,,,,1.00,1,1,51.8,9.75,0.00,0.00,,,0,0,1,0,0
main,31.30,s2,338530.0,3121240.7,1534.7678,1534.7678,1534.7678,ok,115.0,85.355832,28.207236,1595.7,0.64,9.97,60.953735,,ok,75.0,85.354014,28.207021,1614.7,1.85,28.19,79.911865,,70.4,2,190.0,610.1,27.25,L,-18.96,29.90,,,,,,,,1.00,1,1,25.00,15.00,0.00,0.00,,,0,0,1,1,0
main,31.30,s2chg,338530.0,3121240.7,1534.7678,1534.7678,1534.7678,ok,115.0,85.355832,28.207236,1595.7,0.64,9.97,60.953735,,ok,75.0,85.354014,28.207021,1614.7,1.85,28.19,79.911865,,70.4,2,190.0,610.1,27.25,L,-18.96,29.90,,,,,,,,1.00,1,1,25.00,15.00,0.00,0.00,,,0,0,1,1,0
main,31.30,pelican0827,338530.0,3121240.7,1534.7678,1534.7678,1534.7678,ok,125.2,85.355978,28.207253,1604.7,0.64,3.14,69.90527,capped-by-s2chg,truncated,,,,,,,,capped-by-s2chg,,0,,610.1,27.25,,,,,,,,,,,0.96,1,,20.25,,0.00,0.00,,39.00,0,,1,,0
main,31.30,pelican0901,338530.0,3121240.7,1534.7678,1534.7678,1534.7678,ok,116.2,85.355887,28.207242,1599.2,0.64,3.12,64.38953,,ok,81.8,85.353903,28.207007,1632.1,1.25,4.90,97.324585,,80.9,2,198.0,610.1,27.25,L,-32.94,5.81,,,,,,,,1.00,1,1,20.25,9.75,0.00,0.00,,,0,0,1,1,0
main,31.40,s2,338545.6,3121142.6,1533.1666,1533.1666,1533.1666,ok,95.0,85.355802,28.206114,1593.1,0.93,14.41,59.93152,,ok,75.0,85.354187,28.206305,1560.8,1.24,18.98,27.607056,,43.77,2,170.0,414.3,41.92,L,32.32,23.83,27.80,10.46,49.93,weak,,,1.34,1.00,1,1,35.00,15.00,0.00,0.00,,,0,0,1,1,0
main,31.40,s2chg,338545.6,3121142.6,1533.1666,1533.1666,1533.1666,ok,95.0,85.355802,28.206114,1593.1,0.93,14.41,59.93152,,ok,75.0,85.354187,28.206305,1560.8,1.24,18.98,27.607056,,43.77,2,170.0,414.3,41.92,L,32.32,23.83,27.80,10.46,49.93,weak,,,1.34,1.00,1,1,35.00,15.00,0.00,0.00,,,0,0,1,1,0
main,31.40,pelican0827,338545.6,3121142.6,1533.1666,1533.1666,1533.1666,ok,110.2,85.355999,28.206090,1606.8,0.96,4.03,73.66284,capped-by-s2chg,truncated,,,,,,,,capped-by-s2chg,,0,,414.3,41.92,,,,,,,,,,,0.96,1,,35.25,,0.00,0.00,,45.00,0,,1,,0
main,31.40,pelican0901,338545.6,3121142.6,1533.1666,1533.1666,1533.1666,ok,93.8,85.355833,28.206110,1596.1,0.86,3.76,62.95056,,ok,80.2,85.354091,28.206316,1569.1,0.63,3.10,35.88867,,49.42,2,174.0,414.3,41.92,L,27.06,4.87,25.14,16.71,37.22,strong,5393,115250,1.14,1.00,1,1,35.25,15.75,0.00,0.00,,,0,0,1,1,0
main,31.50,s2,338502.8,3121054.1,1530.2155,1530.2155,1530.2155,ok,115.0,85.355489,28.205004,1607.9,0.93,14.40,77.634766,,ok,55.0,85.354007,28.205605,1556.0,0.71,11.07,25.791504,,51.7,2,170.0,605.6,27.48,L,51.8,18.16,42.56,25.17,67.4,strong,4875,176386,1.89,1.00,1,1,55.0,15.00,0.00,0.00,,,0,0,1,1,0
main,31.50,s2chg,338502.8,3121054.1,1530.2155,1530.2155,1530.2155,ok,115.0,85.355489,28.205004,1607.9,0.93,14.40,77.634766,,ok,55.0,85.354007,28.205605,1556.0,0.71,11.07,25.791504,,51.7,2,170.0,605.6,27.48,L,51.8,18.16,42.56,25.17,67.4,strong,4875,176386,1.89,1.00,1,1,55.0,15.00,0.00,0.00,,,0,0,1,1,0
main,31.50,pelican0827,338502.8,3121054.1,1530.2155,1530.2155,1530.2155,ok,107.2,85.355456,28.205017,1604.9,0.90,3.88,74.70032,,no-bare,,,,,,,,capped-by-s2chg,74.7,1,,605.6,27.48,,,,,,,,,,,0.93,1,,51.8,,12.00,,,,0,,1,,0
main,31.50,pelican0901,338502.8,3121054.1,1530.2155,1530.2155,1530.2155,ok,134.2,85.355706,28.204916,1629.6,0.87,3.79,99.345825,capped-by-s2chg,ok,71.2,85.353817,28.205682,1583.3,1.78,6.47,53.09973,,53.1,1,205.5,605.6,27.48,L,46.25,7.50,36.56,24.56,53.7,strong,9074,282006,1.34,1.00,1,1,51.8,14.25,0.00,0.00,,,0,0,1,1,0
main,31.60,s2,338441.7,3120975.3,1527.6241,1527.6241,1527.6241,ok,125.0,85.354919,28.204161,1575.9,1.31,20.12,48.274414,,ok,55.0,85.353416,28.204922,1585.2,1.29,19.80,57.529785,,52.9,2,180.0,357303.6,0.05,,,,,,,,,,,1.00,1,1,55.0,25.00,0.00,0.00,,,0,0,1,1,0
main,31.60,s2chg,338441.7,3120975.3,1527.6241,1527.6241,1527.6241,ok,125.0,85.354919,28.204161,1575.9,1.31,20.12,48.274414,,ok,55.0,85.353416,28.204922,1585.2,1.29,19.80,57.529785,,52.9,2,180.0,357303.6,0.05,,,,,,,,,,,1.00,1,1,55.0,25.00,0.00,0.00,,,0,0,1,1,0
main,31.60,pelican0827,338441.7,3120975.3,1527.6241,1527.6241,1527.6241,truncated,,,,,,,,capped-by-s2chg,truncated,,,,,,,,capped-by-s2chg,,0,,357303.6,0.05,,,,,,,,,,,0.83,,,,,,,,,,,,,0
main,31.60,pelican0901,338441.7,3120975.3,1527.6241,1527.6241,1527.6241,ok,140.2,85.355092,28.204074,1615.4,1.47,5.55,87.73877,capped-by-s2chg,ok,65.2,85.353287,28.204987,1606.7,1.99,7.08,79.03638,,79.0,1,205.5,357303.6,0.05,,,,,,,,,,,1.00,1,1,56.2,24.75,0.00,0.00,,,0,0,1,1,0
main,31.70,s2,338394.6,3120887.5,1525.9674,1525.9674,1525.9674,ok,105.0,85.354336,28.203564,1580.7,1.19,21.01,54.729614,,ok,75.0,85.352729,28.204136,1575.8,0.82,12.75,49.871216,,52.3,2,180.0,948.6,18.03,R,-4.86,24.57,,,,,,,,1.00,1,1,45.00,25.00,0.00,0.00,,,0,0,0,1,0
main,31.70,s2chg,338394.6,3120887.5,1525.9674,1525.9674,1525.9674,ok,105.0,85.354336,28.203564,1580.7,1.19,21.01,54.729614,,ok,75.0,85.352729,28.204136,1575.8,0.82,12.75,49.871216,,52.3,2,180.0,948.6,18.03,R,-4.86,24.57,,,,,,,,1.00,1,1,45.00,25.00,0.00,0.00,,,0,0,0,1,0
main,31.70,pelican0827,338394.6,3120887.5,1525.9674,1525.9674,1525.9674,truncated,,,,,,,,capped-by-s2chg,truncated,,,,,,,,capped-by-s2chg,,0,,948.6,18.03,,,,,,,,,,,0.84,,,,,,,,,,,,,0
main,31.70,pelican0901,338394.6,3120887.5,1525.9674,1525.9674,1525.9674,ok,101.2,85.354341,28.203562,1581.3,1.19,11.45,55.369995,,ok,74.2,85.352696,28.204148,1579.2,1.00,4.15,53.202637,,54.3,2,175.5,948.6,18.03,R,-2.17,12.18,,,,,,,,1.00,1,1,48.75,26.25,0.00,0.00,,,0,0,0,1,0
main,31.80,s2,338369.7,3120791.9,1524.5885,1524.5885,1524.5885,ok,95.0,85.354038,28.202831,1573.6,0.90,13.84,48.9834,,ok,85.0,85.352362,28.203217,1582.1,0.54,8.48,57.53955,,53.3,2,180.0,1096.0,15.55,R,8.56,16.23,,,,,,,,1.00,1,1,35.00,35.00,0.00,0.00,,,0,0,1,1,0
main,31.80,s2chg,338369.7,3120791.9,1524.5885,1524.5885,1524.5885,ok,95.0,85.354038,28.202831,1573.6,0.90,13.84,48.9834,,ok,85.0,85.352362,28.203217,1582.1,0.54,8.48,57.53955,,53.3,2,180.0,1096.0,15.55,R,8.56,16.23,,,,,,,,1.00,1,1,35.00,35.00,0.00,0.00,,,0,0,1,1,0
main,31.80,pelican0827,338369.7,3120791.9,1524.5885,1524.5885,1524.5885,truncated,,,,,,,,capped-by-s2chg,truncated,,,,,,,,,,0,,1096.0,15.55,,,,,,,,,,,0.83,,,,,,,,,,,,,0
main,31.80,pelican0901,338369.7,3120791.9,1524.5885,1524.5885,1524.5885,ok,101.2,85.354142,28.202807,1582.0,0.81,3.61,57.442505,,ok,83.2,85.352337,28.203222,1583.4,0.53,2.81,58.84558,,58.1,2,184.5,1096.0,15.55,R,1.40,4.58,,,,,,,,1.00,1,1,30.75,30.75,0.00,0.00,,,0,0,1,1,0
main,31.90,s2,338348.5,3120694.5,1522.8214,1522.8214,1522.8214,ok,105.0,85.353949,28.201987,1580.8,0.81,12.59,57.965454,,ok,95.0,85.352047,28.202304,1577.2,0.71,11.02,54.340454,,56.2,2,200.0,2119.1,8.04,R,-3.62,16.73,,,,,,,,1.00,1,1,25.00,15.00,0.00,0.00,,,0,0,1,1,0
main,31.90,s2chg,338348.5,3120694.5,1522.8214,1522.8214,1522.8214,ok,105.0,85.353949,28.201987,1580.8,0.81,12.59,57.965454,,ok,95.0,85.352047,28.202304,1577.2,0.71,11.02,54.340454,,56.2,2,200.0,2119.1,8.04,R,-3.62,16.73,,,,,,,,1.00,1,1,25.00,15.00,0.00,0.00,,,0,0,1,1,0
main,31.90,pelican0827,338348.5,3120694.5,1522.8214,1522.8214,1522.8214,truncated,,,,,,,,capped-by-s2chg,truncated,,,,,,,,capped-by-s2chg,,0,,2119.1,8.04,,,,,,,,,,,0.83,,,,,,,,,,,,,0
main,31.90,pelican0901,338348.5,3120694.5,1522.8214,1522.8214,1522.8214,ok,104.2,85.353984,28.201981,1582.8,0.93,3.97,59.943604,,ok,96.8,85.351987,28.202314,1581.1,0.65,3.16,58.305664,,59.1,2,201.0,2119.1,8.04,R,-1.64,5.07,,,,,,,,1.00,1,1,21.75,18.75,0.00,0.00,,,0,0,1,1,0
main,32.00,s2,338329.7,3120596.7,1522.0305,1522.0305,1522.0305,ok,85.0,85.353573,28.201145,1574.5,1.29,19.78,52.472412,,ok,85.0,85.351967,28.201391,1577.7,0.83,12.78,55.64502,side-valley,52.5,1,170.0,5337.4,3.18,,,,,,,,,,,1.00,1,1,55.0,15.00,0.00,0.00,,,0,0,1,1,0
main,32.00,s2chg,338329.7,3120596.7,1522.0305,1522.0305,1522.0305,ok,85.0,85.353573,28.201145,1574.5,1.29,19.78,52.472412,,ok,85.0,85.351967,28.201391,1577.7,0.83,12.78,55.64502,side-valley,52.5,1,170.0,5337.4,3.18,,,,,,,,,,,1.00,1,1,55.0,15.00,0.00,0.00,,,0,0,1,1,0
main,32.00,pelican0827,338329.7,3120596.7,1522.0305,1522.0305,1522.0305,truncated,,,,,,,,capped-by-s2chg,truncated,,,,,,,,side-valley;capped-by-s2chg,,0,,5337.4,3.18,,,,,,,,,,,0.87,,,,,,,,,,,,,0
main,32.00,pelican0901,338329.7,3120596.7,1522.0305,1522.0305,1522.0305,ok,77.2,85.353537,28.201151,1570.2,1.24,4.87,48.19568,,ok,81.8,85.351957,28.201393,1578.5,0.81,3.61,56.483032,side-valley,48.20,1,159.0,5337.4,3.18,,,,,,,,,,,1.00,1,1,51.8,20.25,0.00,0.00,,,0,0,1,1,0
main,32.10,s2,338310.8,3120498.8,1520.7795,1520.7795,1520.7795,ok,105.0,85.353585,28.200184,1570.7,0.75,14.11,49.898926,side-valley,ok,65.0,85.351995,28.200502,1572.4,0.62,9.74,51.65979,,51.7,1,170.0,2698.1,6.31,L,-1.76,17.14,,,,,,,,1.00,1,1,35.00,15.00,0.00,0.00,,,0,0,0,1,0
main,32.10,s2chg,338310.8,3120498.8,1520.7795,1520.7795,1520.7795,ok,105.0,85.353585,28.200184,1570.7,0.75,14.11,49.898926,side-valley,ok,65.0,85.351995,28.200502,1572.4,0.62,9.74,51.65979,,51.7,1,170.0,2698.1,6.31,L,-1.76,17.14,,,,,,,,1.00,1,1,35.00,15.00,0.00,0.00,,,0,0,0,1,0
main,32.10,pelican0827,338310.8,3120498.8,1520.7795,1520.7795,1520.7795,ok,108.8,85.353665,28.200168,1576.1,0.78,8.84,55.312866,side-valley,ok,77.2,85.351831,28.200535,1580.3,0.78,3.51,59.520508,capped-by-s2chg,,0,186.0,2698.1,6.31,L,-4.21,9.51,,,,,,,,1.00,1,1,38.25,11.25,0.00,0.00,,,0,0,0,1,0
main,32.10,pelican0901,338310.8,3120498.8,1520.7795,1520.7795,1520.7795,ok,95.2,85.353530,28.200195,1566.5,0.74,8.58,45.67505,side-valley,ok,75.8,85.351846,28.200532,1579.3,0.67,3.22,58.559937,,58.6,1,171.0,2698.1,6.31,L,-12.88,9.16,,,,,,,,1.00,1,1,38.25,11.25,0.00,0.00,,,0,0,0,1,0
main,32.20,s2,338295.0,3120400.6,1514.8682,1514.8682,1514.8682,ok,105.0,85.353425,28.199253,1582.6,1.03,15.79,67.77283,,ok,55.0,85.351953,28.199616,1538.4,0.60,9.38,23.542969,side-valley,67.8,1,160.0,956.3,17.77,L,44.23,18.37,50.9,28.58,82.6,strong,4523,195801,2.41,1.00,1,1,65.0,15.00,0.00,0.00,,,0,0,1,1,0
main,32.20,s2chg,338295.0,3120400.6,1514.8682,1514.8682,1514.8682,ok,105.0,85.353425,28.199253,1582.6,1.03,15.79,67.77283,,ok,55.0,85.351953,28.199616,1538.4,0.60,9.38,23.542969,side-valley,67.8,1,160.0,956.3,17.77,L,44.23,18.37,50.9,28.58,82.6,strong,4523,195801,2.41,1.00,1,1,65.0,15.00,0.00,0.00,,,0,0,1,1,0
main,32.20,pelican0827,338295.0,3120400.6,1514.8682,1514.8682,1514.8682,truncated,,,,,,,,capped-by-s2chg,truncated,,,,,,,,side-valley,,0,,956.3,17.77,,,,,,,,,,,0.89,,,,,,,,,,,,,0
main,32.20,pelican0901,338295.0,3120400.6,1514.8682,1514.8682,1514.8682,ok,104.2,85.353459,28.199245,1586.6,1.03,4.24,71.68713,,ok,60.8,85.351854,28.199640,1545.0,0.70,3.29,30.084595,side-valley,71.7,1,165.0,956.3,17.77,L,41.60,5.37,48.64,33.31,70.4,strong,5396,223084,2.18,1.00,1,1,68.2,15.75,0.00,0.00,,,0,0,1,1,0
main,32.30,s2,338249.6,3120313.1,1507.6646,1507.6646,1507.6646,ok,95.0,85.352849,28.198409,1567.0,1.03,18.52,59.32263,side-valley,ok,55.0,85.351517,28.198861,1542.3,0.77,11.92,34.604736,side-valley,,0,150.0,1176.0,14.29,L,24.72,22.03,43.60,10.56,81.7,weak,,,2.03,1.00,1,1,75.0,15.00,0.00,0.00,,,0,0,0,1,0
main,32.30,s2chg,338249.6,3120313.1,1507.6646,1507.6646,1507.6646,ok,95.0,85.352849,28.198409,1567.0,1.03,18.52,59.32263,side-valley,ok,55.0,85.351517,28.198861,1542.3,0.77,11.92,34.604736,side-valley,,0,150.0,1176.0,14.29,L,24.72,22.03,43.60,10.56,81.7,weak,,,2.03,1.00,1,1,75.0,15.00,0.00,0.00,,,0,0,0,1,0
main,32.30,pelican0827,338249.6,3120313.1,1507.6646,1507.6646,1507.6646,ok,111.8,85.353049,28.198341,1587.5,1.02,10.38,79.79846,side-valley;capped-by-s2chg,ok,68.2,85.351351,28.198918,1555.4,0.67,3.23,47.744263,side-valley;capped-by-s2chg,,0,180.0,1176.0,14.29,L,32.05,10.87,45.33,27.04,71.5,strong,6846,263745,1.81,1.00,1,1,35.25,9.75,0.00,0.00,,,0,0,0,1,0
main,32.30,pelican0901,338249.6,3120313.1,1507.6646,1507.6646,1507.6646,ok,102.8,85.352963,28.198370,1578.6,1.03,10.43,70.93176,side-valley,ok,60.8,85.351422,28.198894,1550.0,0.76,3.46,42.36377,side-valley,,0,163.5,1176.0,14.29,L,28.57,10.99,44.90,25.84,72.0,strong,5576,212783,1.90,1.00,1,1,35.25,9.75,0.00,0.00,,,0,0,0,1,0
main,32.40,s2,338221.4,3120218.0,1506.631,1506.631,1506.631,ok,75.0,85.352340,28.197526,1560.1,1.32,20.25,53.427612,side-valley,ok,75.0,85.351100,28.198151,1543.0,0.76,11.73,36.349243,,36.35,1,150.0,1449.4,11.57,L,17.08,23.40,,,,,,,,1.00,1,1,55.0,25.00,0.00,0.00,,,0,0,1,1,0
main,32.40,s2chg,338221.4,3120218.0,1506.631,1506.631,1506.631,ok,75.0,85.352340,28.197526,1560.1,1.32,20.25,53.427612,side-valley,ok,75.0,85.351100,28.198151,1543.0,0.76,11.73,36.349243,,36.35,1,150.0,1449.4,11.57,L,17.08,23.40,,,,,,,,1.00,1,1,55.0,25.00,0.00,0.00,,,0,0,1,1,0
main,32.40,pelican0827,338221.4,3120218.0,1506.631,1506.631,1506.631,ok,93.8,85.352543,28.197424,1591.2,1.12,10.99,84.5979,side-valley;capped-by-s2chg,truncated,,,,,,,,capped-by-s2chg,,0,,1449.4,11.57,,,,,,,,,,,0.94,1,,54.8,,0.00,0.00,,3.00,0,,0,,0
main,32.40,pelican0901,338221.4,3120218.0,1506.631,1506.631,1506.631,ok,84.8,85.352464,28.197464,1580.4,1.18,4.70,73.732666,side-valley,ok,77.2,85.351042,28.198180,1547.8,0.77,3.51,41.21045,,41.21,1,162.0,1449.4,11.57,L,32.52,5.86,53.4,35.50,79.1,strong,6003,272608,2.25,1.00,1,1,54.8,23.25,0.00,0.00,,,0,0,1,1,0
main,32.50,s2,338157.5,3120143.0,1500.6561,1500.6561,1500.6561,ok,85.0,85.351790,28.196801,1564.6,1.51,26.17,63.93628,side-valley,ok,65.0,85.350546,28.197418,1537.4,0.81,12.58,36.773926,,36.77,1,150.0,2908.2,5.77,R,-27.16,29.04,,,,,,,,1.00,1,1,45.00,25.00,0.00,0.00,,,0,0,0,1,0
main,32.50,s2chg,338157.5,3120143.0,1500.6561,1500.6561,1500.6561,ok,85.0,85.351790,28.196801,1564.6,1.51,26.17,63.93628,side-valley,ok,65.0,85.350546,28.197418,1537.4,0.81,12.58,36.773926,,36.77,1,150.0,2908.2,5.77,R,-27.16,29.04,,,,,,,,1.00,1,1,45.00,25.00,0.00,0.00,,,0,0,0,1,0
main,32.50,pelican0827,338157.5,3120143.0,1500.6561,1500.6561,1500.6561,truncated,,,,,,,,side-valley;capped-by-s2chg,truncated,,,,,,,,,,0,,2908.2,5.77,,,,,,,,,,,0.86,,,,,,,,,,,,,0
main,32.50,pelican0901,338157.5,3120143.0,1500.6561,1500.6561,1500.6561,ok,101.2,85.351972,28.196711,1600.0,1.64,14.35,99.36621,side-valley;capped-by-s2chg,ok,69.8,85.350466,28.197458,1545.7,0.94,4.00,45.049072,,45.05,1,171.0,2908.2,5.77,R,-54.3,14.90,,,,,,,,1.00,1,1,48.75,20.25,0.00,0.00,,,0,0,0,1,0
main,32.60,s2,338104.1,3120061.7,1497.3021,1497.3021,1497.3021,ok,75.0,85.351187,28.196137,1554.4,1.15,17.67,57.100586,side-valley,ok,105.0,85.349630,28.196809,1538.3,0.63,9.86,41.011353,,41.01,1,180.0,1794.1,9.39,R,-16.09,20.24,,,,,,,,1.00,1,1,25.00,15.00,0.00,0.00,,,0,0,1,1,0
main,32.60,s2chg,338104.1,3120061.7,1497.3021,1497.3021,1497.3021,ok,75.0,85.351187,28.196137,1554.4,1.15,17.67,57.100586,side-valley,ok,105.0,85.349630,28.196809,1538.3,0.63,9.86,41.011353,,41.01,1,180.0,1794.1,9.39,R,-16.09,20.24,,,,,,,,1.00,1,1,25.00,15.00,0.00,0.00,,,0,0,1,1,0
main,32.60,pelican0827,338104.1,3120061.7,1497.3021,1497.3021,1497.3021,truncated,,,,,,,,side-valley;capped-by-s2chg,truncated,,,,,,,,capped-by-s2chg,,0,,1794.1,9.39,,,,,,,,,,,0.83,,,,,,,,,,,,,0
main,32.60,pelican0901,338104.1,3120061.7,1497.3021,1497.3021,1497.3021,ok,74.2,85.351219,28.196123,1558.0,1.22,4.82,60.7052,side-valley,ok,110.2,85.349543,28.196847,1545.5,0.83,3.66,48.214355,,48.21,1,184.5,1794.1,9.39,R,-12.49,6.05,,,,,,,,1.00,1,1,26.25,18.75,0.00,0.00,,,0,0,1,1,0
main,32.70,s2,338079.8,3119965.0,1494.7051,1494.7051,1494.7051,ok,85.0,85.351088,28.195317,1542.8,1.18,18.18,48.066284,,ok,105.0,85.349343,28.195815,1539.8,0.71,11.00,45.11084,,46.59,2,190.0,3938.5,4.26,,,,,,,,,,,1.00,1,1,25.00,15.00,0.00,0.00,,,0,0,1,1,0
main,32.70,s2chg,338079.8,3119965.0,1494.7051,1494.7051,1494.7051,ok,85.0,85.351088,28.195317,1542.8,1.18,18.18,48.066284,,ok,105.0,85.349343,28.195815,1539.8,0.71,11.00,45.11084,,46.59,2,190.0,3938.5,4.26,,,,,,,,,,,1.00,1,1,25.00,15.00,0.00,0.00,,,0,0,1,1,0
main,32.70,pelican0827,338079.8,3119965.0,1494.7051,1494.7051,1494.7051,truncated,,,,,,,,capped-by-s2chg,truncated,,,,,,,,capped-by-s2chg,,0,,3938.5,4.26,,,,,,,,,,,0.86,,,,,,,,,,,,,0
main,32.70,pelican0901,338079.8,3119965.0,1494.7051,1494.7051,1494.7051,ok,93.8,85.351214,28.195281,1553.8,0.94,3.98,59.106567,,ok,116.2,85.349193,28.195858,1551.6,0.77,3.50,56.89856,,58.0,2,210.0,3938.5,4.26,,,,,,,,,,,1.00,1,1,21.75,15.75,0.00,0.00,,,0,0,1,1,0
main,32.80,s2,338046.0,3119871.4,1493.4298,1493.4298,1493.4298,ok,115.0,85.351007,28.194289,1546.5,0.97,14.90,53.02942,,ok,95.0,85.349142,28.195016,1537.1,0.67,10.42,43.710693,,48.37,2,210.0,15256.7,1.10,,,,,,,,,,,1.00,1,1,25.00,15.00,0.00,0.00,,,0,0,1,1,0
main,32.80,s2chg,338046.0,3119871.4,1493.4298,1493.4298,1493.4298,ok,115.0,85.351007,28.194289,1546.5,0.97,14.90,53.02942,,ok,95.0,85.349142,28.195016,1537.1,0.67,10.42,43.710693,,48.37,2,210.0,15256.7,1.10,,,,,,,,,,,1.00,1,1,25.00,15.00,0.00,0.00,,,0,0,1,1,0
main,32.80,pelican0827,338046.0,3119871.4,1493.4298,1493.4298,1493.4298,truncated,,,,,,,,capped-by-s2chg,truncated,,,,,,,,capped-by-s2chg,,0,,15256.7,1.10,,,,,,,,,,,0.80,,,,,,,,,,,,,0
main,32.80,pelican0901,338046.0,3119871.4,1493.4298,1493.4298,1493.4298,ok,114.8,85.351044,28.194275,1550.3,0.98,4.09,56.829834,,ok,102.8,85.349030,28.195060,1544.7,0.68,3.25,51.2688,,54.0,2,217.5,15256.7,1.10,,,,,,,,,,,1.00,1,1,26.25,17.25,0.00,0.00,,,0,0,1,1,0
main,32.90,s2,337999.3,3119784.2,1489.8002,1489.8002,1489.8002,ok,125.0,85.350646,28.193480,1557.0,0.58,9.06,67.23511,,ok,75.0,85.348859,28.194140,1530.5,0.65,10.07,40.738037,,54.0,2,200.0,63805.4,0.26,,,,,,,,,,,1.00,1,1,45.00,25.00,0.00,0.00,,,0,0,1,1,0
main,32.90,s2chg,337999.3,3119784.2,1489.8002,1489.8002,1489.8002,ok,125.0,85.350646,28.193480,1557.0,0.58,9.06,67.23511,,ok,75.0,85.348859,28.194140,1530.5,0.65,10.07,40.738037,,54.0,2,200.0,63805.4,0.26,,,,,,,,,,,1.00,1,1,45.00,25.00,0.00,0.00,,,0,0,1,1,0
main,32.90,pelican0827,337999.3,3119784.2,1489.8002,1489.8002,1489.8002,truncated,,,,,,,,capped-by-s2chg,truncated,,,,,,,,capped-by-s2chg,,0,,63805.4,0.26,,,,,,,,,,,0.81,,,,,,,,,,,,,0
main,32.90,pelican0901,337999.3,3119784.2,1489.8002,1489.8002,1489.8002,ok,120.8,85.350646,28.193480,1557.0,0.58,2.96,67.23511,,ok,83.2,85.348742,28.194183,1538.7,0.66,3.18,48.875732,,58.1,2,204.0,63805.4,0.26,,,,,,,,,,,1.00,1,1,44.25,21.75,0.00,0.00,,,0,0,1,1,0
main,33.00,s2,337955.3,3119697.7,1487.6779,1487.6779,1487.6779,ok,115.0,85.350133,28.192770,1544.9,0.53,8.42,57.24951,,ok,85.0,85.348316,28.193359,1538.3,0.70,10.88,50.667603,,54.0,2,200.0,4808.5,3.51,,,,,,,,,,,1.00,1,1,25.00,15.00,0.00,0.00,,,0,0,1,1,0
main,33.00,s2chg,337955.3,3119697.7,1487.6779,1487.6779,1487.6779,ok,115.0,85.350133,28.192770,1544.9,0.53,8.42,57.24951,,ok,85.0,85.348316,28.193359,1538.3,0.70,10.88,50.667603,,54.0,2,200.0,4808.5,3.51,,,,,,,,,,,1.00,1,1,25.00,15.00,0.00,0.00,,,0,0,1,1,0
main,33.00,pelican0827,337955.3,3119697.7,1487.6779,1487.6779,1487.6779,truncated,,,,,,,,capped-by-s2chg,truncated,,,,,,,,,,0,,4808.5,3.51,,,,,,,,,,,0.91,,,,,0.00,0.00,0.00,10.50,,,,,0
main,33.00,pelican0901,337955.3,3119697.7,1487.6779,1487.6779,1487.6779,ok,122.2,85.350243,28.192734,1550.9,0.65,3.17,63.241455,,ok,78.8,85.348335,28.193353,1537.0,0.69,3.27,49.34778,,56.3,2,201.0,4808.5,3.51,,,,,,,,,,,1.00,1,1,26.25,15.75,0.00,0.00,,,0,0,1,1,0
main,33.10,s2,337940.4,3119599.2,1485.7639,1485.7639,1485.7639,ok,85.0,85.349715,28.191988,1545.4,0.95,17.22,59.656128,,ok,95.0,85.348075,28.192481,1536.1,1.17,18.01,50.3385,,55.0,2,180.0,2437.2,6.94,L,9.32,24.92,,,,,,,,1.00,1,1,45.00,25.00,0.00,0.00,,,0,0,0,1,0
main,33.10,s2chg,337940.4,3119599.2,1485.7639,1485.7639,1485.7639,ok,85.0,85.349715,28.191988,1545.4,0.95,17.22,59.656128,,ok,95.0,85.348075,28.192481,1536.1,1.17,18.01,50.3385,,55.0,2,180.0,2437.2,6.94,L,9.32,24.92,,,,,,,,1.00,1,1,45.00,25.00,0.00,0.00,,,0,0,0,1,0
main,33.10,pelican0827,337940.4,3119599.2,1485.7639,1485.7639,1485.7639,ok,99.8,85.349898,28.191933,1576.6,0.92,3.94,90.85718,capped-by-s2chg,truncated,,,,,,,,capped-by-s2chg,,0,,2437.2,6.94,,,,,,,,,,,0.99,1,,42.75,,0.00,0.00,,85.5,0,,1,,0
main,33.10,pelican0901,337940.4,3119599.2,1485.7639,1485.7639,1485.7639,ok,83.2,85.349739,28.191981,1547.6,0.94,9.89,61.790405,,ok,102.8,85.347959,28.192515,1553.1,2.07,7.32,67.293335,,64.5,2,186.0,2437.2,6.94,L,-5.50,12.30,,,,,,,,1.00,1,1,42.75,21.75,0.00,0.00,,,0,0,0,1,0
main,33.20,s2,337897.5,3119510.7,1484.2428,1484.2428,1484.2428,ok,125.0,85.349635,28.190975,1571.6,1.12,17.18,87.34802,prebare-at-trim;no-change-in-run,ok,75.0,85.347868,28.191673,1525.2,2.17,33.12,40.997925,,41.00,1,200.0,1701.1,9.96,L,46.35,37.32,62.2,20.15,113.9,weak,,,2.48,1.00,0,1,125.0,15.00,0.00,0.00,,,1,0,1,1,0
main,33.20,s2chg,337897.5,3119510.7,1484.2428,1484.2428,1484.2428,ok,125.0,85.349635,28.190975,1571.6,1.12,17.18,87.34802,prebare-at-trim;no-change-in-run,ok,75.0,85.347868,28.191673,1525.2,2.17,33.12,40.997925,,41.00,1,200.0,1701.1,9.96,L,46.35,37.32,62.2,20.15,113.9,weak,,,2.48,1.00,0,1,125.0,15.00,0.00,0.00,,,1,0,1,1,0
main,33.20,pelican0827,337897.5,3119510.7,1484.2428,1484.2428,1484.2428,ok,135.8,85.349774,28.190919,1588.8,1.29,5.00,104.52295,capped-by-s2chg,ok,89.2,85.347695,28.191741,1561.7,1.96,6.99,77.41846,capped-by-s2chg,,0,225.0,1701.1,9.96,L,27.10,8.60,44.84,27.19,70.1,strong,12885,491051,1.50,1.00,1,1,90.8,18.75,0.00,0.00,,,0,0,1,1,0
main,33.20,pelican0901,337897.5,3119510.7,1484.2428,1484.2428,1484.2428,ok,135.8,85.349774,28.190919,1588.8,1.29,5.00,104.52295,capped-by-s2chg,ok,84.8,85.347737,28.191725,1552.9,2.00,7.10,68.618164,,68.6,1,220.5,1701.1,9.96,L,35.90,8.68,52.1,33.31,79.2,strong,11924,528364,1.79,1.00,1,1,90.8,18.75,0.00,0.00,,,0,0,1,1,0
main,33.30,s2,337847.7,3119424.3,1481.2616,1481.2616,1481.2616,ok,105.0,85.348911,28.190187,1551.7,1.19,21.01,70.42322,,ok,75.0,85.347402,28.190940,1524.0,1.54,23.52,42.77527,,56.6,2,180.0,1586.8,10.72,L,27.65,31.54,,,,,,,,1.00,1,1,45.00,35.00,0.00,0.00,,,0,0,0,1,0
main,33.30,s2chg,337847.7,3119424.3,1481.2616,1481.2616,1481.2616,ok,105.0,85.348911,28.190187,1551.7,1.19,21.01,70.42322,,ok,75.0,85.347402,28.190940,1524.0,1.54,23.52,42.77527,,56.6,2,180.0,1586.8,10.72,L,27.65,31.54,,,,,,,,1.00,1,1,45.00,35.00,0.00,0.00,,,0,0,0,1,0
main,33.30,pelican0827,337847.7,3119424.3,1481.2616,1481.2616,1481.2616,ok,122.2,85.349102,28.190092,1577.2,1.11,10.96,95.98706,capped-by-s2chg,ok,93.8,85.347198,28.191042,1568.5,1.53,5.71,87.21521,capped-by-s2chg,,0,216.0,1586.8,10.72,L,8.77,12.36,,,,,,,,1.00,1,1,27.75,30.75,0.00,0.00,,,0,0,0,1,0
main,33.30,pelican0901,337847.7,3119424.3,1481.2616,1481.2616,1481.2616,ok,114.8,85.349035,28.190125,1568.8,1.13,11.11,87.50952,,ok,87.8,85.347251,28.191016,1557.4,1.93,6.90,76.14526,,81.8,2,202.5,1586.8,10.72,L,11.36,13.07,,,,,,,,1.00,1,1,27.75,30.75,0.00,0.00,,,0,0,0,1,0
main,33.40,s2,337799.9,3119336.7,1479.3345,1479.3345,1479.3345,ok,95.0,85.348343,28.189429,1545.2,1.55,23.76,65.88794,,ok,85.0,85.346843,28.190194,1534.0,1.25,21.98,54.65088,,60.3,2,180.0,3967.1,4.30,,,,,,,,,,,1.00,1,1,45.00,15.00,0.00,0.00,,,0,0,1,0,0
main,33.40,s2chg,337799.9,3119336.7,1479.3345,1479.3345,1479.3345,ok,95.0,85.348343,28.189429,1545.2,1.55,23.76,65.88794,,ok,85.0,85.346843,28.190194,1534.0,1.25,21.98,54.65088,,60.3,2,180.0,3967.1,4.30,,,,,,,,,,,1.00,1,1,45.00,15.00,0.00,0.00,,,0,0,1,0,0
main,33.40,pelican0827,337799.9,3119336.7,1479.3345,1479.3345,1479.3345,truncated,,,,,,,,capped-by-s2chg,truncated,,,,,,,,capped-by-s2chg,,0,,3967.1,4.30,,,,,,,,,,,0.83,,,,,,,,,,,,,0
main,33.40,pelican0901,337799.9,3119336.7,1479.3345,1479.3345,1479.3345,ok,86.2,85.348304,28.189449,1535.6,1.63,5.99,56.252563,,ok,87.8,85.346781,28.190226,1543.9,1.28,12.06,64.58887,,60.4,2,174.0,3967.1,4.30,,,,,,,,,,,1.00,1,1,47.25,11.25,0.00,0.00,,,0,0,1,0,0
main,33.50,s2,337746.2,3119252.6,1477.2019,1477.2019,1477.2019,ok,115.0,85.347954,28.188530,1542.1,1.19,18.21,64.899536,,ok,105.0,85.346159,28.189559,1532.9,0.79,12.27,55.700073,,60.3,2,220.0,3284.0,5.16,,,,,,,,,,,1.00,1,1,55.0,35.00,0.00,0.00,,,0,0,1,1,0
main,33.50,s2chg,337746.2,3119252.6,1477.2019,1477.2019,1477.2019,ok,115.0,85.347954,28.188530,1542.1,1.19,18.21,64.899536,,ok,105.0,85.346159,28.189559,1532.9,0.79,12.27,55.700073,,60.3,2,220.0,3284.0,5.16,,,,,,,,,,,1.00,1,1,55.0,35.00,0.00,0.00,,,0,0,1,1,0
main,33.50,pelican0827,337746.2,3119252.6,1477.2019,1477.2019,1477.2019,truncated,,,,,,,,capped-by-s2chg,truncated,,,,,,,,capped-by-s2chg,,0,,3284.0,5.16,,,,,,,,,,,0.86,,,,,,,,,,,,,0
main,33.50,pelican0901,337746.2,3119252.6,1477.2019,1477.2019,1477.2019,ok,44.25,85.347386,28.188856,1493.5,0.27,2.14,16.274048,capped-by-s2chg;prebare-at-trim,ok,105.8,85.346116,28.189583,1536.8,1.19,4.70,59.57776,,59.6,1,150.0,3284.0,5.16,,,,,,,,,,,1.00,1,1,17.25,32.25,0.00,0.00,,,1,0,1,1,0
main,33.60,s2,337688.4,3119171.3,1474.1133,1474.1133,1474.1133,ok,115.0,85.347420,28.187853,1548.8,0.90,13.93,74.70227,,ok,75.0,85.345811,28.188630,1538.5,1.95,29.80,64.423584,,69.6,2,190.0,1397.6,12.04,R,-10.28,32.89,,,,,,,,1.00,1,1,15.00,45.00,0.00,0.00,,,0,0,1,1,0
main,33.60,s2chg,337688.4,3119171.3,1474.1133,1474.1133,1474.1133,ok,115.0,85.347420,28.187853,1548.8,0.90,13.93,74.70227,,ok,75.0,85.345811,28.188630,1538.5,1.95,29.80,64.423584,,69.6,2,190.0,1397.6,12.04,R,-10.28,32.89,,,,,,,,1.00,1,1,15.00,45.00,0.00,0.00,,,0,0,1,1,0
main,33.60,pelican0827,337688.4,3119171.3,1474.1133,1474.1133,1474.1133,truncated,,,,,,,,capped-by-s2chg,truncated,,,,,,,,capped-by-s2chg,,0,,1397.6,12.04,,,,,,,,,,,0.81,,,,,,,,,,,,,0
main,33.60,pelican0901,337688.4,3119171.3,1474.1133,1474.1133,1474.1133,ok,128.2,85.347577,28.187777,1564.6,0.86,3.75,90.50183,,ok,72.8,85.345793,28.188639,1541.1,1.83,6.60,66.97461,,78.7,2,201.0,1397.6,12.04,R,-23.53,7.59,,,,,,,,1.00,1,1,12.75,44.25,0.00,0.00,,,0,0,1,1,0
main,33.70,s2,337640.1,3119085.4,1471.7163,1471.7163,1471.7163,ok,115.0,85.347018,28.187231,1533.2,1.06,16.33,61.449097,,ok,75.0,85.345281,28.187748,1550.7,1.22,18.65,78.97778,,70.2,2,190.0,2109.3,7.90,R,17.53,24.79,,,,,,,,1.00,1,1,25.00,35.00,0.00,0.00,,,0,0,1,1,0
main,33.70,s2chg,337640.1,3119085.4,1471.7163,1471.7163,1471.7163,ok,115.0,85.347018,28.187231,1533.2,1.06,16.33,61.449097,,ok,75.0,85.345281,28.187748,1550.7,1.22,18.65,78.97778,,70.2,2,190.0,2109.3,7.90,R,17.53,24.79,,,,,,,,1.00,1,1,25.00,35.00,0.00,0.00,,,0,0,1,1,0
main,33.70,pelican0827,337640.1,3119085.4,1471.7163,1471.7163,1471.7163,truncated,,,,,,,,capped-by-s2chg,truncated,,,,,,,,capped-by-s2chg,,0,,2109.3,7.90,,,,,,,,,,,0.82,,,,,,,,,,,,,0
main,33.70,pelican0901,337640.1,3119085.4,1471.7163,1471.7163,1471.7163,ok,122.2,85.347129,28.187198,1544.7,0.99,4.13,72.97302,,ok,72.8,85.345261,28.187754,1552.9,1.18,4.68,81.170166,,77.1,2,195.0,2109.3,7.90,R,8.20,6.24,29.49,10.57,53.3,weak,,,1.07,1.00,1,1,21.75,32.25,0.00,0.00,,,0,0,1,1,0
main,33.80,s2,337621.6,3118987.9,1470.8889,1470.8889,1470.8889,ok,95.0,85.346642,28.186385,1554.1,1.26,19.30,83.21228,,ok,75.0,85.345112,28.186883,1520.3,1.45,22.21,49.385742,,66.3,2,170.0,2710.7,6.13,L,33.83,29.43,72.7,19.25,135.6,weak,,,2.85,1.00,1,1,55.0,15.00,0.00,0.00,,,0,0,1,1,0
main,33.80,s2chg,337621.6,3118987.9,1470.8889,1470.8889,1470.8889,ok,95.0,85.346642,28.186385,1554.1,1.26,19.30,83.21228,,ok,75.0,85.345112,28.186883,1520.3,1.45,22.21,49.385742,,66.3,2,170.0,2710.7,6.13,L,33.83,29.43,72.7,19.25,135.6,weak,,,2.85,1.00,1,1,55.0,15.00,0.00,0.00,,,0,0,1,1,0
main,33.80,pelican0827,337621.6,3118987.9,1470.8889,1470.8889,1470.8889,truncated,,,,,,,,capped-by-s2chg,truncated,,,,,,,,capped-by-s2chg,,0,,2710.7,6.13,,,,,,,,,,,0.83,,,,,,,,,,,,,0
main,33.80,pelican0901,337621.6,3118987.9,1470.8889,1470.8889,1470.8889,ok,92.2,85.346656,28.186381,1555.6,1.18,4.69,84.66907,,ok,86.2,85.344964,28.186931,1545.5,2.32,8.07,74.647095,,79.7,2,178.5,2710.7,6.13,L,10.02,9.34,38.64,7.42,73.2,weak,,,1.38,1.00,1,1,51.8,12.75,0.00,0.00,,,0,0,1,1,0
main,33.90,s2,337589.4,3118901.3,1467.7866,1467.7866,1467.7866,ok,65.0,85.346005,28.185626,1518.6,1.40,24.43,50.764526,,ok,105.0,85.344565,28.186302,1527.9,0.60,9.45,60.11377,,55.4,2,170.0,1432.6,11.67,L,-9.35,26.20,,,,,,,,1.00,1,1,45.00,15.00,0.00,0.00,,,0,0,0,1,0
main,33.90,s2chg,337589.4,3118901.3,1467.7866,1467.7866,1467.7866,ok,65.0,85.346005,28.185626,1518.6,1.40,24.43,50.764526,,ok,105.0,85.344565,28.186302,1527.9,0.60,9.45,60.11377,,55.4,2,170.0,1432.6,11.67,L,-9.35,26.20,,,,,,,,1.00,1,1,45.00,15.00,0.00,0.00,,,0,0,0,1,0
main,33.90,pelican0827,337589.4,3118901.3,1467.7866,1467.7866,1467.7866,ok,80.2,85.346181,28.185544,1548.3,1.34,12.42,80.52319,capped-by-s2chg,ok,116.2,85.344426,28.186368,1538.7,1.07,4.37,70.937256,capped-by-s2chg,,0,196.5,1432.6,11.67,L,9.59,13.17,,,,,,,,1.00,1,1,44.25,18.75,0.00,0.00,,,0,0,0,1,0
main,33.90,pelican0901,337589.4,3118901.3,1467.7866,1467.7866,1467.7866,ok,65.2,85.346046,28.185607,1526.4,1.44,13.07,58.591187,,ok,116.2,85.344426,28.186368,1538.7,1.07,4.37,70.937256,,64.8,2,181.5,1432.6,11.67,L,-12.35,13.78,,,,,,,,1.00,1,1,44.25,18.75,0.00,0.00,,,0,0,0,1,0
main,34.00,s2,337522.3,3118827.3,1466.349,1466.349,1466.349,ok,85.0,85.345463,28.184794,1532.4,1.07,16.49,66.092896,,ok,85.0,85.344121,28.185614,1524.6,0.83,12.92,58.295288,,62.2,2,170.0,6787.9,2.44,,,,,,,,,,,1.00,1,1,25.00,75.0,0.00,0.00,,,0,0,1,1,0
main,34.00,s2chg,337522.3,3118827.3,1466.349,1466.349,1466.349,ok,85.0,85.345463,28.184794,1532.4,1.07,16.49,66.092896,,ok,85.0,85.344121,28.185614,1524.6,0.83,12.92,58.295288,,62.2,2,170.0,6787.9,2.44,,,,,,,,,,,1.00,1,1,25.00,75.0,0.00,0.00,,,0,0,1,1,0
main,34.00,pelican0827,337522.3,3118827.3,1466.349,1466.349,1466.349,ok,98.2,85.345610,28.184705,1549.2,0.90,3.87,82.84607,capped-by-s2chg,ok,104.2,85.343924,28.185734,1542.3,1.23,4.83,75.92151,capped-by-s2chg,,0,202.5,6787.9,2.44,,,,,,,,,,,1.00,1,1,29.25,74.2,0.00,0.00,,,0,0,1,1,0
main,34.00,pelican0901,337522.3,3118827.3,1466.349,1466.349,1466.349,ok,86.2,85.345509,28.184766,1538.5,1.07,4.38,72.16968,,ok,86.2,85.344075,28.185642,1528.4,0.66,3.20,62.055786,,67.1,2,172.5,6787.9,2.44,,,,,,,,,,,1.00,1,1,29.25,74.2,0.00,0.00,,,0,0,1,1,0
main,34.10,s2,337472.0,3118742.4,1464.7876,1464.7876,1464.7876,ok,95.0,85.345115,28.184074,1532.9,0.66,10.26,68.09082,,ok,105.0,85.343378,28.184830,1545.1,0.92,14.27,80.359375,prebare-at-trim;no-change-in-run,68.1,1,200.0,1619.0,10.12,R,12.27,17.57,,,,,,,,1.00,1,0,25.00,45.00,0.00,0.00,,,0,1,1,1,0
main,34.10,s2chg,337472.0,3118742.4,1464.7876,1464.7876,1464.7876,ok,45.00,85.344658,28.184273,1485.8,0.50,7.98,21.029419,no-change-in-run,ok,65.0,85.343744,28.184671,1505.8,1.04,16.08,41.024048,no-change-in-run,,0,110.0,1619.0,10.12,R,19.99,17.95,53.7,12.62,100.9,weak,,,3.08,1.00,0,0,25.00,45.00,0.00,0.00,,,0,0,1,1,0
main,34.10,pelican0827,337472.0,3118742.4,1464.7876,1464.7876,1464.7876,ok,57.8,85.344813,28.184205,1499.9,1.20,4.74,35.15747,capped-by-s2chg;prebare-at-trim;no-change-in-run,ok,75.8,85.343607,28.184730,1521.3,1.03,4.25,56.557983,capped-by-s2chg;prebare-at-trim;no-change-in-run,,0,133.5,1619.0,10.12,R,21.40,6.37,50.5,31.03,78.3,strong,3614,155000,2.38,1.00,0,0,27.75,47.25,0.00,0.00,,,1,1,1,1,0
main,34.10,pelican0901,337472.0,3118742.4,1464.7876,1464.7876,1464.7876,ok,57.8,85.344813,28.184205,1499.9,1.20,4.74,35.15747,capped-by-s2chg;prebare-at-trim;no-change-in-run,ok,75.8,85.343607,28.184730,1521.3,1.03,4.25,56.557983,capped-by-s2chg;prebare-at-trim;no-change-in-run,,0,133.5,1619.0,10.12,R,21.40,6.37,50.5,31.03,78.3,strong,3614,155000,2.38,1.00,0,0,27.75,47.25,0.00,0.00,,,1,1,1,1,0
main,34.20,s2,337433.7,3118650.5,1464.264,1464.264,1464.264,ok,95.0,85.344797,28.183376,1529.7,1.45,22.25,65.392944,,ok,85.0,85.343131,28.183793,1525.6,0.64,9.93,61.3656,,63.4,2,180.0,2142.2,7.65,R,-4.03,24.37,,,,,,,,1.00,1,1,15.00,25.00,0.00,0.00,,,0,0,1,1,0
main,34.20,s2chg,337433.7,3118650.5,1464.264,1464.264,1464.264,ok,95.0,85.344797,28.183376,1529.7,1.45,22.25,65.392944,,ok,85.0,85.343131,28.183793,1525.6,0.64,9.93,61.3656,,63.4,2,180.0,2142.2,7.65,R,-4.03,24.37,,,,,,,,1.00,1,1,15.00,25.00,0.00,0.00,,,0,0,1,1,0
main,34.20,pelican0827,337433.7,3118650.5,1464.264,1464.264,1464.264,ok,105.8,85.344944,28.183339,1546.9,0.99,4.15,82.68335,capped-by-s2chg,ok,102.8,85.342915,28.183847,1535.7,0.61,3.05,71.39258,capped-by-s2chg,,0,208.5,2142.2,7.65,R,-11.29,5.15,,,,,,,,1.00,1,1,17.25,24.75,0.00,0.00,,,0,0,1,1,0
main,34.20,pelican0901,337433.7,3118650.5,1464.264,1464.264,1464.264,ok,102.8,85.344914,28.183347,1544.1,1.06,4.34,79.87451,,ok,87.8,85.343062,28.183811,1528.7,0.56,2.91,64.44849,,72.2,2,190.5,2142.2,7.65,R,-15.43,5.23,,,,,,,,1.00,1,1,17.25,24.75,0.00,0.00,,,0,0,1,1,0
main,34.30,s2,337411.1,3118553.6,1462.3405,1462.3405,1462.3405,ok,75.0,85.344346,28.182458,1540.6,0.22,3.84,78.21326,,ok,135.0,85.342494,28.183209,1518.2,0.65,10.09,55.82715,side-valley,78.2,1,210.0,43589.9,0.37,,,,,,,,,,,1.00,1,1,5.00,35.00,0.00,0.00,,,0,0,1,1,0
main,34.30,s2chg,337411.1,3118553.6,1462.3405,1462.3405,1462.3405,ok,75.0,85.344346,28.182458,1540.6,0.22,3.84,78.21326,,ok,135.0,85.342494,28.183209,1518.2,0.65,10.09,55.82715,side-valley,78.2,1,210.0,43589.9,0.37,,,,,,,,,,,1.00,1,1,5.00,35.00,0.00,0.00,,,0,0,1,1,0
main,34.30,pelican0827,337411.1,3118553.6,1462.3405,1462.3405,1462.3405,ok,93.8,85.344559,28.182371,1549.4,1.14,4.58,87.012085,capped-by-s2chg,ok,149.2,85.342323,28.183278,1537.1,1.44,5.45,74.75342,side-valley;capped-by-s2chg,,0,243.0,43589.9,0.37,,,,,,,,,,,1.00,1,1,9.75,33.75,0.00,0.00,,,0,0,1,1,0
main,34.30,pelican0901,337411.1,3118553.6,1462.3405,1462.3405,1462.3405,ok,93.8,85.344559,28.182371,1549.4,1.14,4.58,87.012085,,ok,137.2,85.342434,28.183233,1522.6,0.97,4.06,60.25708,side-valley,87.0,1,231.0,43589.9,0.37,,,,,,,,,,,1.00,1,1,9.75,33.75,0.00,0.00,,,0,0,1,1,0
main,34.40,s2,337369.3,3118477.8,1467.4604,1462.3405,1462.3405,ok,65.0,85.343844,28.181817,1535.4,0.82,12.66,73.10718,,ok,125.0,85.342160,28.182459,1506.7,0.83,12.91,44.377075,side-valley,73.1,1,190.0,1824.9,8.92,R,-28.73,18.08,,,,,,,,1.00,1,1,,75.0,0.00,0.00,,,0,0,1,1,0
main,34.40,s2chg,337369.3,3118477.8,1467.4604,1462.3405,1462.3405,ok,65.0,85.343844,28.181817,1535.4,0.82,12.66,73.10718,,ok,125.0,85.342160,28.182459,1506.7,0.83,12.91,44.377075,side-valley,73.1,1,190.0,1824.9,8.92,R,-28.73,18.08,,,,,,,,1.00,1,1,,75.0,0.00,0.00,,,0,0,1,1,0
main,34.40,pelican0827,337369.3,3118477.8,1467.4604,1462.3405,1462.3405,ok,83.2,85.344054,28.181737,1553.2,0.78,3.53,90.8374,capped-by-s2chg,ok,143.2,85.341950,28.182540,1527.3,1.13,4.55,65.007935,side-valley;capped-by-s2chg,,0,226.5,1824.9,8.92,R,-25.83,5.75,,,,,,,,1.00,1,1,,75.8,0.00,0.00,,,0,0,1,1,0
main,34.40,pelican0901,337369.3,3118477.8,1467.4604,1462.3405,1462.3405,ok,68.2,85.343914,28.181790,1543.0,0.86,3.75,80.618286,,ok,143.2,85.341950,28.182540,1527.3,1.13,4.55,65.007935,side-valley;capped-by-s2chg,80.6,1,211.5,1824.9,8.92,R,-15.61,5.89,,,,,,,,1.00,1,1,,75.8,0.00,0.00,,,0,0,1,1,0
main,34.50,s2,337320.4,3118398.1,1458.5258,1458.5258,1458.5258,ok,65.0,85.343365,28.181107,1514.4,0.87,13.38,55.82898,side-valley,ok,435.0,85.338723,28.182731,1519.2,0.34,5.52,60.6875,side-valley,,0,500.0,725.0,22.78,R,4.86,14.47,,,,,,,,1.00,1,1,35.00,65.0,0.00,0.00,,,0,0,1,1,0
main,34.50,s2chg,337320.4,3118398.1,1458.5258,1458.5258,1458.5258,ok,65.0,85.343365,28.181107,1514.4,0.87,13.38,55.82898,side-valley,ok,95.0,85.341944,28.181604,1473.3,0.44,7.03,14.796387,side-valley,,0,160.0,725.0,22.78,R,-41.03,15.12,,,,,,,,1.00,1,1,35.00,65.0,0.00,0.00,,,0,0,1,1,0
main,34.50,pelican0827,337320.4,3118398.1,1458.5258,1458.5258,1458.5258,ok,78.8,85.343535,28.181047,1525.9,0.57,2.94,67.348755,side-valley;capped-by-s2chg,truncated,,,,,,,,side-valley;capped-by-s2chg,,0,,725.0,22.78,,,,,,,,,,,0.95,1,,32.25,,0.00,0.00,,25.50,0,,1,,0
main,34.50,pelican0901,337320.4,3118398.1,1458.5258,1458.5258,1458.5258,ok,72.8,85.343478,28.181067,1523.2,0.63,3.09,64.64563,side-valley,ok,113.2,85.341731,28.181679,1478.8,0.34,2.31,20.315308,side-valley;capped-by-s2chg;prebare-at-trim,,0,186.0,725.0,22.78,R,-44.33,3.86,,,,,,,,1.00,1,1,32.25,65.2,0.00,0.00,,,0,1,1,1,0
main,34.60,s2,337306.1,3118299.9,1455.6548,1455.6548,1455.6548,ok,75.0,85.343376,28.180389,1511.4,1.53,23.43,55.763916,side-valley,ok,135.0,85.341342,28.180473,1526.4,0.89,13.81,70.745605,,70.7,1,210.0,608.2,27.06,R,14.98,27.20,,,,,,,,0.93,1,1,25.00,25.00,20.00,30.00,,,0,0,1,1,0
main,34.60,s2chg,337306.1,3118299.9,1455.6548,1455.6548,1455.6548,ok,75.0,85.343376,28.180389,1511.4,1.53,23.43,55.763916,side-valley,ok,135.0,85.341342,28.180473,1526.4,0.89,13.81,70.745605,,70.7,1,210.0,608.2,27.06,R,14.98,27.20,,,,,,,,0.93,1,1,25.00,25.00,20.00,30.00,,,0,0,1,1,0
main,34.60,pelican0827,337306.1,3118299.9,1455.6548,1455.6548,1455.6548,truncated,,,,,,,,side-valley;capped-by-s2chg,truncated,,,,,,,,capped-by-s2chg,,0,,608.2,27.06,,,,,,,,,,,0.94,,,,,7.50,7.50,9.00,78.0,,,,,0
main,34.60,pelican0901,337306.1,3118299.9,1455.6548,1455.6548,1455.6548,ok,72.8,85.343397,28.180388,1514.7,1.52,5.67,59.09131,side-valley,ok,147.8,85.341169,28.180480,1536.1,0.94,3.98,80.459595,,80.5,1,220.5,608.2,27.06,R,21.37,6.93,24.05,14.51,37.71,strong,8487,173468,0.92,1.00,1,1,23.25,26.25,0.00,0.00,,,0,0,1,1,0
main,34.70,s2,337308.8,3118200.9,1454.0032,1454.0032,1454.0032,ok,105.0,85.343722,28.179586,1513.6,0.89,13.80,59.585938,side-valley,ok,95.0,85.341791,28.179470,1529.2,0.85,13.13,75.22485,,75.2,1,200.0,1274.4,12.97,R,15.64,19.04,,,,,,,,0.79,1,1,25.00,25.00,20.00,30.00,,,0,0,1,1,0
main,34.70,s2chg,337308.8,3118200.9,1454.0032,1454.0032,1454.0032,ok,105.0,85.343722,28.179586,1513.6,0.89,13.80,59.585938,side-valley,ok,95.0,85.341791,28.179470,1529.2,0.85,13.13,75.22485,,75.2,1,200.0,1274.4,12.97,R,15.64,19.04,,,,,,,,0.79,1,1,25.00,25.00,20.00,30.00,,,0,0,1,1,0
main,34.70,pelican0827,337308.8,3118200.9,1454.0032,1454.0032,1454.0032,ok,116.2,85.343879,28.179595,1526.4,0.83,3.66,72.40588,side-valley;capped-by-s2chg,truncated,,,,,,,,capped-by-s2chg,,0,,1274.4,12.97,,,,,,,,,,,0.98,1,,21.75,,0.00,0.00,,76.5,0,,1,,0
main,34.70,pelican0901,337308.8,3118200.9,1454.0032,1454.0032,1454.0032,ok,111.8,85.343834,28.179593,1523.0,0.82,3.65,69.032715,side-valley,ok,105.8,85.341639,28.179461,1543.0,0.93,3.97,88.97363,,89.0,1,217.5,1274.4,12.97,R,19.94,5.39,33.86,21.22,52.0,strong,9810,282318,1.22,1.00,1,1,21.75,29.25,0.00,0.00,,,0,0,1,1,0
main,34.80,s2,337313.3,3118102.0,1451.9767,1451.9767,1451.9767,ok,95.0,85.343678,28.178699,1512.9,0.60,9.40,60.887207,,ok,65.0,85.342155,28.178590,1492.1,1.04,15.95,40.13733,,50.5,2,160.0,83385.4,0.20,,,,,,,,,,,0.76,1,1,35.00,15.00,10.00,20.00,,,0,0,1,1,0
main,34.80,s2chg,337313.3,3118102.0,1451.9767,1451.9767,1451.9767,ok,95.0,85.343678,28.178699,1512.9,0.60,9.40,60.887207,,ok,65.0,85.342155,28.178590,1492.1,1.04,15.95,40.13733,,50.5,2,160.0,83385.4,0.20,,,,,,,,,,,0.76,1,1,35.00,15.00,10.00,20.00,,,0,0,1,1,0
main,34.80,pelican0827,337313.3,3118102.0,1451.9767,1451.9767,1451.9767,ok,101.2,85.343785,28.178707,1520.9,0.86,3.76,68.87781,,ok,78.8,85.341973,28.178577,1522.6,2.41,8.34,70.62695,capped-by-s2chg,68.9,1,180.0,83385.4,0.20,,,,,,,,,,,1.00,1,1,36.75,12.75,0.00,0.00,,,0,0,1,1,0
main,34.80,pelican0901,337313.3,3118102.0,1451.9767,1451.9767,1451.9767,ok,99.8,85.343769,28.178706,1519.5,0.85,3.72,67.51575,,ok,65.2,85.342110,28.178586,1497.4,1.19,4.70,45.395996,,56.5,2,165.0,83385.4,0.20,,,,,,,,,,,1.00,1,1,36.75,12.75,0.00,0.00,,,0,0,1,1,0
main,34.90,s2,337329.6,3118006.3,1446.8126,1446.8126,1446.8126,ok,85.0,85.343759,28.177765,1514.2,0.51,8.01,67.4314,,ok,75.0,85.342232,28.177777,1486.4,1.12,17.23,39.593628,side-valley,67.4,1,160.0,2178.7,7.78,L,27.84,19.00,61.0,25.21,107.8,weak,,,2.66,0.77,1,1,25.00,15.00,20.00,10.00,,,0,0,1,1,0
main,34.90,s2chg,337329.6,3118006.3,1446.8126,1446.8126,1446.8126,ok,85.0,85.343759,28.177765,1514.2,0.51,8.01,67.4314,,ok,75.0,85.342232,28.177777,1486.4,1.12,17.23,39.593628,side-valley,67.4,1,160.0,2178.7,7.78,L,27.84,19.00,61.0,25.21,107.8,weak,,,2.66,0.77,1,1,25.00,15.00,20.00,10.00,,,0,0,1,1,0
main,34.90,pelican0827,337329.6,3118006.3,1446.8126,1446.8126,1446.8126,truncated,,,,,,,,capped-by-s2chg,truncated,,,,,,,,side-valley;capped-by-s2chg,,0,,2178.7,7.78,,,,,,,,,,,0.88,,,,,,,,,,,,,0
main,34.90,pelican0901,337329.6,3118006.3,1446.8126,1446.8126,1446.8126,ok,87.8,85.343831,28.177765,1517.1,0.39,2.45,70.26306,,ok,83.2,85.342104,28.177778,1501.4,1.10,4.46,54.545776,side-valley,70.3,1,171.0,2178.7,7.78,L,15.72,5.08,44.32,26.75,69.5,strong,5394,203223,1.79,1.00,1,1,20.25,20.25,0.00,0.00,,,0,0,1,1,0
main,35.00,s2,337312.2,3117908.5,1444.0885,1444.0885,1444.0885,ok,85.0,85.343594,28.176850,1505.5,0.91,14.01,61.453857,,ok,75.0,85.342069,28.176919,1490.4,0.94,14.52,46.264282,side-valley,61.5,1,160.0,8179.1,2.07,,,,,,,,,,,0.78,1,1,15.00,45.00,10.00,20.00,,,0,0,1,1,0
main,35.00,s2chg,337312.2,3117908.5,1444.0885,1444.0885,1444.0885,ok,85.0,85.343594,28.176850,1505.5,0.91,14.01,61.453857,,ok,75.0,85.342069,28.176919,1490.4,0.94,14.52,46.264282,side-valley,61.5,1,160.0,8179.1,2.07,,,,,,,,,,,0.78,1,1,15.00,45.00,10.00,20.00,,,0,0,1,1,0
main,35.00,pelican0827,337312.2,3117908.5,1444.0885,1444.0885,1444.0885,truncated,,,,,,,,capped-by-s2chg,truncated,,,,,,,,side-valley;capped-by-s2chg,,0,,8179.1,2.07,,,,,,,,,,,0.89,,,,,,,,,,,,,0
main,35.00,pelican0901,337312.2,3117908.5,1444.0885,1444.0885,1444.0885,ok,86.2,85.343650,28.176847,1501.3,0.93,9.80,57.182373,,ok,75.8,85.342018,28.176922,1494.5,0.84,3.69,50.378784,side-valley,57.2,1,162.0,8179.1,2.07,,,,,,,,,,,1.00,1,1,17.25,42.75,0.00,0.00,,,0,0,0,1,0
main,35.10,s2,337305.1,3117809.5,1440.9258,1440.9258,1440.9258,ok,95.0,85.343639,28.175995,1492.6,0.83,12.83,51.71936,,ok,85.0,85.341908,28.175991,1499.5,0.83,12.90,58.56897,side-valley,51.7,1,180.0,4815.1,3.50,,,,,,,,,,,0.85,1,1,25.00,35.00,0.00,0.00,,,0,0,1,1,0
main,35.10,s2chg,337305.1,3117809.5,1440.9258,1440.9258,1440.9258,ok,95.0,85.343639,28.175995,1492.6,0.83,12.83,51.71936,,ok,85.0,85.341908,28.175991,1499.5,0.83,12.90,58.56897,side-valley,51.7,1,180.0,4815.1,3.50,,,,,,,,,,,0.85,1,1,25.00,35.00,0.00,0.00,,,0,0,1,1,0
main,35.10,pelican0827,337305.1,3117809.5,1440.9258,1440.9258,1440.9258,ok,110.2,85.343838,28.175995,1502.7,0.35,6.17,61.823364,capped-by-s2chg,truncated,,,,,,,,side-valley;capped-by-s2chg,,0,,4815.1,3.50,,,,,,,,,,,0.98,1,,24.75,,0.00,0.00,,73.5,0,,0,,0
main,35.10,pelican0901,337305.1,3117809.5,1440.9258,1440.9258,1440.9258,ok,107.2,85.343807,28.175995,1501.7,0.36,6.20,60.792847,,ok,92.2,85.341791,28.175991,1510.9,1.09,4.42,69.9353,side-valley,60.8,1,199.5,4815.1,3.50,,,,,,,,,,,1.00,1,1,24.75,15.75,0.00,0.00,,,0,0,0,1,0
main,35.20,s2,337313.1,3117710.4,1430.8037,1430.8037,1430.8037,ok,65.0,85.343428,28.175131,1499.5,0.83,12.80,68.65662,,ok,75.0,85.342106,28.175063,1486.9,0.93,14.40,56.09485,,62.4,2,140.0,245801.1,0.07,,,,,,,,,,,0.89,1,1,15.00,35.00,0.00,0.00,,,0,0,1,1,0
main,35.20,s2chg,337313.1,3117710.4,1430.8037,1430.8037,1430.8037,ok,65.0,85.343428,28.175131,1499.5,0.83,12.80,68.65662,,ok,75.0,85.342106,28.175063,1486.9,0.93,14.40,56.09485,,62.4,2,140.0,245801.1,0.07,,,,,,,,,,,0.89,1,1,15.00,35.00,0.00,0.00,,,0,0,1,1,0
main,35.20,pelican0827,337313.1,3117710.4,1430.8037,1430.8037,1430.8037,ok,81.8,85.343641,28.175142,1515.0,0.74,3.43,84.21472,capped-by-s2chg,ok,87.8,85.341933,28.175055,1503.6,1.01,4.18,72.75537,capped-by-s2chg,,0,169.5,245801.1,0.07,,,,,,,,,,,1.00,1,1,17.25,33.75,0.00,0.00,,,0,0,1,1,0
main,35.20,pelican0901,337313.1,3117710.4,1430.8037,1430.8037,1430.8037,ok,74.2,85.343565,28.175138,1509.4,0.77,3.49,78.62671,,ok,87.8,85.341933,28.175055,1503.6,1.01,4.18,72.75537,capped-by-s2chg,78.6,1,162.0,245801.1,0.07,,,,,,,,,,,1.00,1,1,17.25,33.75,0.00,0.00,,,0,0,1,1,0
main,35.30,s2,337326.4,3117611.6,1435.1072,1430.8037,1430.8037,ok,65.0,85.343577,28.174205,1499.4,1.02,15.68,68.601685,,ok,95.0,85.342050,28.174218,1494.7,0.81,12.56,63.847168,,66.2,2,160.0,1939.3,8.75,L,4.75,20.09,,,,,,,,0.92,1,1,25.00,25.00,0.00,0.00,,,0,0,1,1,0
main,35.30,s2chg,337326.4,3117611.6,1435.1072,1430.8037,1430.8037,ok,65.0,85.343577,28.174205,1499.4,1.02,15.68,68.601685,,ok,95.0,85.342050,28.174218,1494.7,0.81,12.56,63.847168,,66.2,2,160.0,1939.3,8.75,L,4.75,20.09,,,,,,,,0.92,1,1,25.00,25.00,0.00,0.00,,,0,0,1,1,0
main,35.30,pelican0827,337326.4,3117611.6,1435.1072,1430.8037,1430.8037,ok,62.2,85.343592,28.174204,1501.0,0.99,4.12,70.20996,,truncated,,,,,,,,capped-by-s2chg,70.2,1,,1939.3,8.75,,,,,,,,,,,0.98,1,,23.25,,0.00,0.00,,46.50,0,,1,,0
main,35.30,pelican0901,337326.4,3117611.6,1435.1072,1430.8037,1430.8037,ok,63.8,85.343608,28.174204,1502.6,0.96,4.03,71.81787,,ok,108.8,85.341866,28.174220,1507.0,0.75,3.43,76.164185,,74.0,2,172.5,1939.3,8.75,L,-4.35,5.30,,,,,,,,1.00,1,1,23.25,26.25,0.00,0.00,,,0,0,1,1,0
main,35.40,s2,337315.0,3117514.4,1436.1699,1430.8037,1430.8037,ok,75.0,85.343575,28.173291,1498.6,1.04,16.04,67.815796,,ok,85.0,85.342051,28.173378,1487.9,0.91,14.09,57.14148,,62.5,2,160.0,3804.8,4.44,,,,,,,,,,,0.96,1,1,25.00,35.00,0.00,0.00,,,0,0,1,1,0
main,35.40,s2chg,337315.0,3117514.4,1436.1699,1430.8037,1430.8037,ok,75.0,85.343575,28.173291,1498.6,1.04,16.04,67.815796,,ok,85.0,85.342051,28.173378,1487.9,0.91,14.09,57.14148,,62.5,2,160.0,3804.8,4.44,,,,,,,,,,,0.96,1,1,25.00,35.00,0.00,0.00,,,0,0,1,1,0
main,35.40,pelican0827,337315.0,3117514.4,1436.1699,1430.8037,1430.8037,ok,86.2,85.343732,28.173282,1513.0,1.08,4.40,82.17749,,ok,99.8,85.341857,28.173389,1504.0,0.97,4.08,73.16589,capped-by-s2chg,82.2,1,186.0,3804.8,4.44,,,,,,,,,,,1.00,1,1,24.75,35.25,0.00,0.00,,,0,0,1,1,0
main,35.40,pelican0901,337315.0,3117514.4,1436.1699,1430.8037,1430.8037,ok,89.2,85.343763,28.173280,1516.4,1.13,4.53,85.63745,,ok,93.8,85.341918,28.173385,1498.0,0.94,3.99,67.23303,,76.4,2,183.0,3804.8,4.44,,,,,,,,,,,1.00,1,1,24.75,35.25,0.00,0.00,,,0,0,1,1,0
main,35.50,s2,337296.5,3117418.1,1434.8793,1430.8037,1430.8037,ok,95.0,85.343602,28.172394,1497.0,0.72,11.12,66.23633,,ok,65.0,85.342080,28.172504,1486.8,1.11,16.99,55.980347,,61.1,2,160.0,7508.2,2.25,,,,,,,,,,,0.99,1,1,15.00,25.00,0.00,0.00,,,0,0,1,1,0
main,35.50,s2chg,337296.5,3117418.1,1434.8793,1430.8037,1430.8037,ok,95.0,85.343602,28.172394,1497.0,0.72,11.12,66.23633,,ok,65.0,85.342080,28.172504,1486.8,1.11,16.99,55.980347,,61.1,2,160.0,7508.2,2.25,,,,,,,,,,,0.99,1,1,15.00,25.00,0.00,0.00,,,0,0,1,1,0
main,35.50,pelican0827,337296.5,3117418.1,1434.8793,1430.8037,1430.8037,ok,108.8,85.343785,28.172381,1509.5,0.79,3.56,78.67383,capped-by-s2chg,ok,81.8,85.341867,28.172520,1505.6,1.08,4.38,74.77246,capped-by-s2chg,,0,190.5,7508.2,2.25,,,,,,,,,,,1.00,1,1,14.25,26.25,0.00,0.00,,,0,0,1,1,0
main,35.50,pelican0901,337296.5,3117418.1,1434.8793,1430.8037,1430.8037,ok,108.8,85.343785,28.172381,1509.5,0.79,3.56,78.67383,capped-by-s2chg,ok,81.8,85.341867,28.172520,1505.6,1.08,4.38,74.77246,capped-by-s2chg,,0,190.5,7508.2,2.25,,,,,,,,,,,1.00,1,1,14.25,26.25,0.00,0.00,,,0,0,1,1,0
main,35.60,s2,337295.4,3117318.5,1431.4711,1431.4711,1430.8037,ok,85.0,85.343506,28.171571,1487.1,0.56,8.79,55.636353,,ok,75.0,85.341979,28.171553,1483.3,0.83,12.78,51.789185,,53.7,2,160.0,9242.0,1.83,,,,,,,,,,,1.00,1,1,25.00,35.00,0.00,0.00,,,0,0,1,1,0
main,35.60,s2chg,337295.4,3117318.5,1431.4711,1431.4711,1430.8037,ok,85.0,85.343506,28.171571,1487.1,0.56,8.79,55.636353,,ok,75.0,85.341979,28.171553,1483.3,0.83,12.78,51.789185,,53.7,2,160.0,9242.0,1.83,,,,,,,,,,,1.00,1,1,25.00,35.00,0.00,0.00,,,0,0,1,1,0
main,35.60,pelican0827,337295.4,3117318.5,1431.4711,1431.4711,1430.8037,ok,99.8,85.343700,28.171574,1498.4,0.77,3.51,66.90112,capped-by-s2chg,ok,90.8,85.341775,28.171550,1505.5,1.42,5.39,74.00989,capped-by-s2chg,,0,190.5,9242.0,1.83,,,,,,,,,,,0.92,1,1,24.75,15.75,13.50,90.0,,,0,0,1,1,0
main,35.60,pelican0901,337295.4,3117318.5,1431.4711,1431.4711,1430.8037,ok,96.8,85.343669,28.171573,1496.2,0.72,3.37,64.706665,,ok,90.8,85.341775,28.171550,1505.5,1.42,5.39,74.00989,,69.4,2,187.5,9242.0,1.83,,,,,,,,,,,1.00,1,1,24.75,15.75,0.00,0.00,,,0,0,1,1,0
main,35.70,s2,337301.9,3117220.1,1428.9412,1428.9412,1428.9412,ok,85.0,85.343586,28.170645,1486.1,0.68,10.62,57.13318,,ok,85.0,85.341958,28.170704,1477.8,1.14,17.50,48.853516,side-valley,57.1,1,170.0,3527.0,4.81,,,,,,,,,,,1.00,1,1,15.00,45.00,0.00,0.00,,,0,0,1,1,0
main,35.70,s2chg,337301.9,3117220.1,1428.9412,1428.9412,1428.9412,ok,85.0,85.343586,28.170645,1486.1,0.68,10.62,57.13318,,ok,85.0,85.341958,28.170704,1477.8,1.14,17.50,48.853516,side-valley,57.1,1,170.0,3527.0,4.81,,,,,,,,,,,1.00,1,1,15.00,45.00,0.00,0.00,,,0,0,1,1,0
main,35.70,pelican0827,337301.9,3117220.1,1428.9412,1428.9412,1428.9412,truncated,,,,,,,,capped-by-s2chg,truncated,,,,,,,,side-valley;capped-by-s2chg,,0,,3527.0,4.81,,,,,,,,,,,0.86,,,,,,,,,,,,,0
main,35.70,pelican0901,337301.9,3117220.1,1428.9412,1428.9412,1428.9412,ok,96.8,85.343749,28.170639,1495.6,0.63,3.09,66.64868,,ok,96.8,85.341795,28.170710,1497.9,1.29,5.00,68.94714,side-valley,66.6,1,193.5,3527.0,4.81,,,,,,,,,,,1.00,1,1,18.75,21.75,0.00,0.00,,,0,0,1,1,0
main,35.80,s2,337291.2,3117122.5,1426.8402,1426.8402,1426.8402,ok,105.0,85.343692,28.169724,1497.8,0.73,11.29,70.9292,,ok,95.0,85.341762,28.169854,1484.1,0.90,13.89,57.26892,side-valley,70.9,1,200.0,337011.4,0.05,,,,,,,,,,,1.00,1,1,25.00,55.0,0.00,0.00,,,0,0,1,1,0
main,35.80,s2chg,337291.2,3117122.5,1426.8402,1426.8402,1426.8402,ok,105.0,85.343692,28.169724,1497.8,0.73,11.29,70.9292,,ok,95.0,85.341762,28.169854,1484.1,0.90,13.89,57.26892,side-valley,70.9,1,200.0,337011.4,0.05,,,,,,,,,,,1.00,1,1,25.00,55.0,0.00,0.00,,,0,0,1,1,0
main,35.80,pelican0827,337291.2,3117122.5,1426.8402,1426.8402,1426.8402,truncated,,,,,,,,capped-by-s2chg,truncated,,,,,,,,side-valley,,0,,337011.4,0.05,,,,,,,,,,,0.88,,,,,,,,,,,,,0
main,35.80,pelican0901,337291.2,3117122.5,1426.8402,1426.8402,1426.8402,ok,111.8,85.343803,28.169716,1505.4,0.95,4.00,78.52014,,ok,99.8,85.341671,28.169860,1492.4,0.95,4.01,65.51843,side-valley,78.5,1,211.5,337011.4,0.05,,,,,,,,,,,1.00,1,1,29.25,51.8,0.00,0.00,,,0,0,1,1,0
main,35.90,s2,337273.8,3117024.4,1425.4316,1425.4316,1425.4316,ok,95.0,85.343425,28.168823,1494.5,0.68,10.66,69.07898,side-valley,ok,85.0,85.341703,28.168978,1480.5,1.33,20.42,55.090088,,55.1,1,180.0,1598.6,10.50,R,-13.99,23.04,,,,,,,,1.00,1,1,15.00,55.0,0.00,0.00,,,0,0,1,1,0
main,35.90,s2chg,337273.8,3117024.4,1425.4316,1425.4316,1425.4316,ok,95.0,85.343425,28.168823,1494.5,0.68,10.66,69.07898,side-valley,ok,85.0,85.341703,28.168978,1480.5,1.33,20.42,55.090088,,55.1,1,180.0,1598.6,10.50,R,-13.99,23.04,,,,,,,,1.00,1,1,15.00,55.0,0.00,0.00,,,0,0,1,1,0
main,35.90,pelican0827,337273.8,3117024.4,1425.4316,1425.4316,1425.4316,truncated,,,,,,,,side-valley;capped-by-s2chg,truncated,,,,,,,,capped-by-s2chg,,0,,1598.6,10.50,,,,,,,,,,,0.82,,,,,,,,,,,,,0
main,35.90,pelican0901,337273.8,3117024.4,1425.4316,1425.4316,1425.4316,ok,107.2,85.343592,28.168808,1503.2,0.46,2.63,77.726074,side-valley,ok,95.2,85.341556,28.168991,1495.2,1.14,4.57,69.73169,,69.7,1,202.5,1598.6,10.50,R,-7.99,5.27,,,,,,,,1.00,1,1,15.75,54.8,0.00,0.00,,,0,0,1,1,0
main,36.00,s2,337264.0,3116925.3,1422.5967,1422.5967,1422.5967,ok,95.0,85.343339,28.168081,1478.4,0.53,8.28,55.76416,side-valley,ok,85.0,85.341615,28.167947,1486.6,0.88,13.58,63.96997,,64.0,1,180.0,2041.5,8.12,R,8.21,15.91,,,,,,,,1.00,1,1,15.00,55.0,0.00,0.00,,,0,0,1,1,0
main,36.00,s2chg,337264.0,3116925.3,1422.5967,1422.5967,1422.5967,ok,95.0,85.343339,28.168081,1478.4,0.53,8.28,55.76416,side-valley,ok,85.0,85.341615,28.167947,1486.6,0.88,13.58,63.96997,,64.0,1,180.0,2041.5,8.12,R,8.21,15.91,,,,,,,,1.00,1,1,15.00,55.0,0.00,0.00,,,0,0,1,1,0
main,36.00,pelican0827,337264.0,3116925.3,1422.5967,1422.5967,1422.5967,truncated,,,,,,,,side-valley;capped-by-s2chg,truncated,,,,,,,,capped-by-s2chg,,0,,2041.5,8.12,,,,,,,,,,,0.92,,,,,0.00,0.00,96.0,22.50,,,,,0
main,36.00,pelican0901,337264.0,3116925.3,1422.5967,1422.5967,1422.5967,ok,107.2,85.343506,28.168094,1485.9,0.48,2.68,63.28174,side-valley,ok,83.2,85.341589,28.167945,1488.7,0.86,3.75,66.130615,,66.1,1,190.5,2041.5,8.12,R,2.85,4.61,,,,,,,,1.00,1,1,15.75,54.8,0.00,0.00,,,0,0,1,1,0
main,36.10,s2,337285.8,3116830.7,1420.9481,1420.9481,1420.9481,ok,105.0,85.343675,28.167246,1485.2,0.55,8.67,64.27405,,ok,125.0,85.341445,28.167053,1483.3,0.30,4.99,62.376465,,63.3,2,230.0,1091.5,14.98,L,1.90,10.00,,,,,,,,1.00,1,1,35.00,15.00,0.00,0.00,,,0,0,1,1,0
main,36.10,s2chg,337285.8,3116830.7,1420.9481,1420.9481,1420.9481,ok,105.0,85.343675,28.167246,1485.2,0.55,8.67,64.27405,,ok,125.0,85.341445,28.167053,1483.3,0.30,4.99,62.376465,,63.3,2,230.0,1091.5,14.98,L,1.90,10.00,,,,,,,,1.00,1,1,35.00,15.00,0.00,0.00,,,0,0,1,1,0
main,36.10,pelican0827,337285.8,3116830.7,1420.9481,1420.9481,1420.9481,truncated,,,,,,,,capped-by-s2chg,no-bare,,,,,,,,capped-by-s2chg,,0,,1091.5,14.98,,,,,,,,,,,0.86,,,,,21.00,,102.0,,,,,,0
main,36.10,pelican0901,337285.8,3116830.7,1420.9481,1420.9481,1420.9481,ok,107.2,85.343741,28.167252,1487.8,0.36,2.37,66.80481,,ok,131.2,85.341339,28.167044,1485.5,0.35,2.34,64.60034,,65.7,2,238.5,1091.5,14.98,L,2.20,3.33,,,,,,,,1.00,1,1,33.75,15.75,0.00,0.00,,,0,0,1,1,0
main,36.20,s2,337305.7,3116735.8,1420.1267,1420.1267,1420.1267,ok,105.0,85.343894,28.166240,1490.9,0.94,14.44,70.78174,,ok,205.0,85.340847,28.166434,1481.6,0.13,2.57,61.473755,,66.1,2,310.0,350.9,48.02,L,9.31,14.67,,,,,,,,1.00,1,1,25.00,25.00,0.00,0.00,,,0,0,1,1,0
main,36.20,s2chg,337305.7,3116735.8,1420.1267,1420.1267,1420.1267,ok,105.0,85.343894,28.166240,1490.9,0.94,14.44,70.78174,,ok,205.0,85.340847,28.166434,1481.6,0.13,2.57,61.473755,,66.1,2,310.0,350.9,48.02,L,9.31,14.67,,,,,,,,1.00,1,1,25.00,25.00,0.00,0.00,,,0,0,1,1,0
main,36.20,pelican0827,337305.7,3116735.8,1420.1267,1420.1267,1420.1267,truncated,,,,,,,,capped-by-s2chg,truncated,,,,,,,,capped-by-s2chg,,0,,350.9,48.02,,,,,,,,,,,0.72,,,,,,,,,,,,,0
main,36.20,pelican0901,337305.7,3116735.8,1420.1267,1420.1267,1420.1267,ok,105.8,85.343944,28.166236,1495.6,0.93,3.96,75.45618,,ok,140.2,85.341461,28.166395,1478.6,0.34,2.31,58.435913,,66.9,2,246.0,350.9,48.02,L,17.02,4.58,15.43,9.68,23.69,weak,,,0.60,1.00,1,1,24.75,26.25,0.00,0.00,,,0,0,1,1,0
main,36.30,s2,337267.8,3116644.4,1416.8386,1416.8386,1416.8386,ok,115.0,85.343494,28.165012,1484.6,0.59,9.21,67.755615,sharp-bend,ok,195.0,85.340793,28.166276,1481.4,0.05,1.74,64.57556,sharp-bend;side-valley;prebare-at-trim,,0,310.0,277.9,61.0,,,,,,,,,,,1.00,1,1,15.00,25.00,0.00,0.00,,,0,1,1,1,0
main,36.30,s2chg,337267.8,3116644.4,1416.8386,1416.8386,1416.8386,ok,115.0,85.343494,28.165012,1484.6,0.59,9.21,67.755615,sharp-bend,ok,155.0,85.341153,28.166108,1479.5,0.35,5.76,62.707397,sharp-bend;side-valley,,0,270.0,277.9,61.0,,,,,,,,,,,1.00,1,1,15.00,25.00,0.00,0.00,,,0,0,1,1,0
main,36.30,pelican0827,337267.8,3116644.4,1416.8386,1416.8386,1416.8386,truncated,,,,,,,,sharp-bend;capped-by-s2chg,truncated,,,,,,,,sharp-bend;side-valley;capped-by-s2chg,,0,,277.9,61.0,,,,,,,,,,,0.75,,,,,,,,,,,,,0
main,36.30,pelican0901,337267.8,3116644.4,1416.8386,1416.8386,1416.8386,ok,123.8,85.343612,28.164958,1490.8,0.74,3.41,73.97864,sharp-bend,ok,134.2,85.341302,28.166038,1477.7,0.16,1.85,60.853638,sharp-bend;side-valley,,0,258.0,277.9,61.0,,,,,,,,,,,1.00,1,1,14.25,20.25,0.00,0.00,,,0,0,1,1,0
main,36.40,s2,337209.2,3116564.4,1416.2106,1416.2106,1416.2106,ok,255.0,85.343500,28.162978,1480.5,0.70,10.93,64.27881,,ok,125.0,85.341160,28.165595,1463.8,0.73,11.39,47.603027,side-valley,64.3,1,380.0,360.8,45.53,L,16.68,15.78,12.46,2.12,23.70,weak,,,0.53,1.00,1,1,15.00,15.00,0.00,0.00,,,0,0,1,1,0
main,36.40,s2chg,337209.2,3116564.4,1416.2106,1416.2106,1416.2106,ok,105.0,85.342551,28.164039,1437.2,1.13,17.36,21.028442,,ok,55.0,85.341603,28.165100,1443.3,0.23,3.92,27.060913,side-valley,21.03,1,160.0,360.8,45.53,L,-6.03,17.80,,,,,,,,1.00,1,1,15.00,15.00,0.00,0.00,,,0,0,1,1,0
main,36.40,pelican0827,337209.2,3116564.4,1416.2106,1416.2106,1416.2106,truncated,,,,,,,,capped-by-s2chg,truncated,,,,,,,,side-valley;capped-by-s2chg,,0,,360.8,45.53,,,,,,,,,,,0.90,,,,,0.00,0.00,15.00,10.50,,,,,0
main,36.40,pelican0901,337209.2,3116564.4,1416.2106,1416.2106,1416.2106,ok,120.8,85.342678,28.163897,1428.6,0.41,2.49,12.37207,capped-by-s2chg;prebare-at-trim,ok,72.8,85.341464,28.165255,1445.8,0.09,1.69,29.619507,side-valley;capped-by-s2chg;prebare-at-trim,,0,193.5,360.8,45.53,L,-17.25,3.01,,,,,,,,1.00,1,1,18.75,20.25,0.00,0.00,,,1,1,1,1,0
main,36.50,s2,337119.0,3116526.3,1413.1205,1413.1205,1413.1205,ok,205.0,85.341914,28.162776,1503.0,0.74,11.55,89.83765,side-valley,ok,85.0,85.340642,28.165037,1447.0,0.45,7.16,33.926147,,33.93,1,290.0,1054.7,15.31,L,55.9,13.59,44.66,28.51,67.9,strong,8239,312784,1.81,1.00,1,1,95.0,25.00,0.00,0.00,,,0,0,1,1,0
main,36.50,s2chg,337119.0,3116526.3,1413.1205,1413.1205,1413.1205,ok,205.0,85.341914,28.162776,1503.0,0.74,11.55,89.83765,side-valley,ok,85.0,85.340642,28.165037,1447.0,0.45,7.16,33.926147,,33.93,1,290.0,1054.7,15.31,L,55.9,13.59,44.66,28.51,67.9,strong,8239,312784,1.81,1.00,1,1,95.0,25.00,0.00,0.00,,,0,0,1,1,0
main,36.50,pelican0827,337119.0,3116526.3,1413.1205,1413.1205,1413.1205,truncated,,,,,,,,side-valley;capped-by-s2chg,truncated,,,,,,,,capped-by-s2chg,,0,,1054.7,15.31,,,,,,,,,,,0.82,,,,,,,,,,,,,0
main,36.50,pelican0901,337119.0,3116526.3,1413.1205,1413.1205,1413.1205,ok,203.2,85.341925,28.162756,1504.8,0.74,3.41,91.71631,side-valley,ok,101.2,85.340549,28.165203,1463.4,0.97,4.08,50.30359,,50.3,1,304.5,1054.7,15.31,L,41.41,5.32,37.51,25.70,54.3,strong,10959,349445,1.42,1.00,1,1,95.2,26.25,0.00,0.00,,,0,0,1,1,0
main,36.60,s2,337021.6,3116503.7,1410.3044,1410.3044,1410.3044,ok,135.0,85.340710,28.163176,1500.1,1.86,28.42,89.84497,side-valley,ok,85.0,85.339592,28.164791,1454.0,0.92,14.16,43.68286,,43.68,1,220.0,1664.2,9.86,R,-46.16,31.75,,,,,,,,1.00,1,1,95.0,35.00,0.00,0.00,,,0,0,1,1,0
main,36.60,s2chg,337021.6,3116503.7,1410.3044,1410.3044,1410.3044,ok,135.0,85.340710,28.163176,1500.1,1.86,28.42,89.84497,side-valley,ok,85.0,85.339592,28.164791,1454.0,0.92,14.16,43.68286,,43.68,1,220.0,1664.2,9.86,R,-46.16,31.75,,,,,,,,1.00,1,1,95.0,35.00,0.00,0.00,,,0,0,1,1,0
main,36.60,pelican0827,337021.6,3116503.7,1410.3044,1410.3044,1410.3044,truncated,,,,,,,,side-valley;capped-by-s2chg,truncated,,,,,,,,capped-by-s2chg,,0,,1664.2,9.86,,,,,,,,,,,0.95,,,,,0.00,0.00,45.00,79.5,,,,,0
main,36.60,pelican0901,337021.6,3116503.7,1410.3044,1410.3044,1410.3044,ok,137.2,85.340744,28.163126,1507.1,1.43,5.43,96.805176,side-valley,ok,89.2,85.339546,28.164857,1461.9,0.83,3.68,51.562378,,51.6,1,226.5,1664.2,9.86,R,-45.24,6.56,,,,,,,,1.00,1,1,96.8,30.75,0.00,0.00,,,0,0,1,1,0
main,36.70,s2,336961.7,3116430.4,1408.1129,1408.1129,1408.1129,ok,95.0,85.339967,28.162857,1461.8,0.36,5.78,53.671387,,ok,185.0,85.338318,28.164806,1477.6,0.38,6.07,69.51831,,61.6,2,280.0,877.5,18.38,R,15.85,8.38,22.07,11.12,37.19,weak,,,0.90,1.00,1,1,35.00,35.00,0.00,0.00,,,0,0,1,1,0
main,36.70,s2chg,336961.7,3116430.4,1408.1129,1408.1129,1408.1129,ok,95.0,85.339967,28.162857,1461.8,0.36,5.78,53.671387,,ok,185.0,85.338318,28.164806,1477.6,0.38,6.07,69.51831,,61.6,2,280.0,877.5,18.38,R,15.85,8.38,22.07,11.12,37.19,weak,,,0.90,1.00,1,1,35.00,35.00,0.00,0.00,,,0,0,1,1,0
main,36.70,pelican0827,336961.7,3116430.4,1408.1129,1408.1129,1408.1129,ok,114.8,85.340114,28.162684,1476.0,0.71,3.32,67.85559,capped-by-s2chg,ok,188.2,85.338272,28.164860,1480.8,0.38,2.41,72.64563,,72.6,1,303.0,877.5,18.38,R,4.79,4.10,11.67,3.24,21.66,weak,,,0.44,1.00,1,1,38.25,36.75,0.00,0.00,,,0,0,1,1,0
main,36.70,pelican0901,336961.7,3116430.4,1408.1129,1408.1129,1408.1129,ok,99.8,85.340022,28.162792,1466.0,0.55,2.89,57.883423,,ok,188.2,85.338272,28.164860,1480.8,0.38,2.41,72.64563,,65.3,2,288.0,877.5,18.38,R,14.76,3.76,21.01,13.31,32.07,strong,9063,161814,0.83,1.00,1,1,38.25,36.75,0.00,0.00,,,0,0,1,1,0
main,36.80,s2,336883.0,3116373.2,1406.8055,1406.8055,1406.8055,ok,135.0,85.339562,28.162152,1477.1,1.06,16.31,70.325806,,ok,235.0,85.336966,28.164446,1483.3,0.34,5.54,76.49536,prebare-at-trim,70.3,1,370.0,453.4,35.00,R,6.17,17.23,,,,,,,,1.00,1,1,45.00,25.00,0.00,0.00,,,0,1,1,1,0
main,36.80,s2chg,336883.0,3116373.2,1406.8055,1406.8055,1406.8055,ok,135.0,85.339562,28.162152,1477.1,1.06,16.31,70.325806,,ok,65.0,85.338192,28.163363,1436.2,0.43,6.87,29.36267,,49.84,2,200.0,453.4,35.00,R,-40.96,17.70,,,,,,,,1.00,1,1,45.00,25.00,0.00,0.00,,,0,0,1,1,0
main,36.80,pelican0827,336883.0,3116373.2,1406.8055,1406.8055,1406.8055,ok,144.8,85.339663,28.162063,1492.4,0.93,3.95,85.56323,capped-by-s2chg,ok,80.2,85.338051,28.163487,1440.8,0.20,1.96,33.947876,capped-by-s2chg;prebare-at-trim,,0,225.0,453.4,35.00,R,-51.6,4.41,,,,,,,,1.00,1,1,32.25,23.25,0.00,0.00,,,0,1,1,1,0
main,36.80,pelican0901,336883.0,3116373.2,1406.8055,1406.8055,1406.8055,ok,131.2,85.339566,28.162149,1477.7,1.08,4.40,70.89502,,ok,80.2,85.338051,28.163487,1440.8,0.20,1.96,33.947876,capped-by-s2chg;prebare-at-trim,70.9,1,211.5,453.4,35.00,R,-36.95,4.82,,,,,,,,1.00,1,1,32.25,23.25,0.00,0.00,,,0,1,1,1,0
main,36.90,s2,336799.2,3116319.6,1402.358,1402.358,1402.358,ok,145.0,85.338964,28.161785,1475.8,0.66,10.28,73.457275,,ok,135.0,85.336677,28.163138,1477.2,0.28,4.67,74.85913,,74.2,2,280.0,404.7,41.71,R,1.40,11.29,,,,,,,,1.00,1,1,15.00,15.00,0.00,0.00,,,0,0,1,1,0
main,36.90,s2chg,336799.2,3116319.6,1402.358,1402.358,1402.358,ok,145.0,85.338964,28.161785,1475.8,0.66,10.28,73.457275,,ok,135.0,85.336677,28.163138,1477.2,0.28,4.67,74.85913,,74.2,2,280.0,404.7,41.71,R,1.40,11.29,,,,,,,,1.00,1,1,15.00,15.00,0.00,0.00,,,0,0,1,1,0
main,36.90,pelican0827,336799.2,3116319.6,1402.358,1402.358,1402.358,ok,147.8,85.339023,28.161750,1480.2,0.73,3.38,77.871826,,ok,111.8,85.336838,28.163043,1469.6,0.54,2.86,67.247314,capped-by-s2chg,77.9,1,259.5,404.7,41.71,R,-10.62,4.43,,,,,,,,1.00,1,1,17.25,18.75,0.00,0.00,,,0,0,1,1,0
main,36.90,pelican0901,336799.2,3116319.6,1402.358,1402.358,1402.358,ok,143.2,85.338985,28.161772,1477.3,0.69,3.28,74.9386,,ok,111.8,85.336838,28.163043,1469.6,0.54,2.86,67.247314,capped-by-s2chg,74.9,1,255.0,404.7,41.71,R,-7.69,4.36,,,,,,,,1.00,1,1,17.25,18.75,0.00,0.00,,,0,0,1,1,0
main,37.00,s2,336770.7,3116227.0,1401.7946,1401.7946,1401.7946,ok,115.0,85.338595,28.161432,1469.4,0.71,11.08,67.56885,,ok,145.0,85.336110,28.161922,1468.0,0.38,6.07,66.216064,,66.9,2,260.0,900.1,16.79,R,-1.35,12.63,,,,,,,,1.00,1,1,35.00,25.00,0.00,0.00,,,0,0,1,1,0
main,37.00,s2chg,336770.7,3116227.0,1401.7946,1401.7946,1401.7946,ok,115.0,85.338595,28.161432,1469.4,0.71,11.08,67.56885,,ok,75.0,85.336805,28.161785,1455.0,0.43,6.89,53.18506,,60.4,2,190.0,900.1,16.79,R,-14.38,13.04,,,,,,,,1.00,1,1,35.00,25.00,0.00,0.00,,,0,0,1,1,0
main,37.00,pelican0827,336770.7,3116227.0,1401.7946,1401.7946,1401.7946,ok,119.2,85.338679,28.161416,1475.2,0.69,3.26,73.44641,,ok,87.8,85.336636,28.161818,1456.5,0.17,1.88,54.680664,capped-by-s2chg;prebare-at-trim,73.4,1,207.0,900.1,16.79,R,-18.77,3.77,,,,,,,,1.00,1,1,30.75,21.75,0.00,0.00,,,0,1,1,1,0
main,37.00,pelican0901,336770.7,3116227.0,1401.7946,1401.7946,1401.7946,ok,119.2,85.338679,28.161416,1475.2,0.69,3.26,73.44641,,ok,87.8,85.336636,28.161818,1456.5,0.17,1.88,54.680664,capped-by-s2chg;prebare-at-trim,73.4,1,207.0,900.1,16.79,R,-18.77,3.77,,,,,,,,1.00,1,1,30.75,21.75,0.00,0.00,,,0,1,1,1,0
main,37.10,s2,336784.0,3116128.3,1399.1417,1399.1417,1399.1417,no-bare,,,,,,,,,ok,235.0,85.335380,28.161267,1469.5,0.26,4.32,70.40527,,70.4,1,,530.6,29.16,,,,,,,,,,,0.88,,1,,15.00,,10.00,,,,0,,1,0
main,37.10,s2chg,336784.0,3116128.3,1399.1417,1399.1417,1399.1417,no-bare,,,,,,,,,ok,105.0,85.336663,28.160980,1444.6,0.49,7.69,45.460938,,45.46,1,,530.6,29.16,,,,,,,,,,,0.88,,1,,15.00,,10.00,,,,0,,1,0
main,37.10,pelican0827,336784.0,3116128.3,1399.1417,1399.1417,1399.1417,ok,147.8,85.339101,28.160433,1574.7,0.82,3.65,175.50854,uncapped-s2-no-bare,ok,122.2,85.336451,28.161027,1453.6,0.38,2.42,54.428833,capped-by-s2chg;prebare-at-trim,,0,270.0,530.6,29.16,L,121.1,4.38,48.32,34.81,67.0,weak,,,1.44,1.00,1,1,17.25,14.25,0.00,0.00,,,0,1,1,1,0
main,37.10,pelican0901,336784.0,3116128.3,1399.1417,1399.1417,1399.1417,ok,75.8,85.338391,28.160592,1522.7,2.59,8.87,123.58838,uncapped-s2-no-bare,ok,122.2,85.336451,28.161027,1453.6,0.38,2.42,54.428833,capped-by-s2chg;prebare-at-trim,,0,198.0,530.6,29.16,L,69.2,9.20,42.64,29.14,61.9,strong,13970,506328,1.44,1.00,1,1,17.25,14.25,0.00,0.00,,,0,1,1,1,0
main,37.20,s2,336755.9,3116035.4,1392.5603,1392.5603,1392.5603,no-bare,,,,,,,,,ok,255.0,85.335425,28.161365,1469.6,0.26,4.43,77.026855,,77.0,1,,304.8,57.1,,,,,,,,,,,0.88,,1,,55.0,,30.00,,,,0,,1,0
main,37.20,s2chg,336755.9,3116035.4,1392.5603,1392.5603,1392.5603,no-bare,,,,,,,,,ok,115.0,85.336518,28.160554,1441.9,0.35,5.64,49.338623,,49.34,1,,304.8,57.1,,,,,,,,,,,0.88,,1,,55.0,,30.00,,,,0,,1,0
main,37.20,pelican0827,336755.9,3116035.4,1392.5603,1392.5603,1392.5603,ok,21.75,85.337541,28.159795,1474.6,1.47,5.52,82.003784,uncapped-s2-no-bare,ok,129.8,85.336369,28.160664,1445.6,0.15,1.84,53.03589,capped-by-s2chg;prebare-at-trim,,0,151.5,304.8,57.1,L,28.97,5.82,23.91,15.68,35.71,strong,5180,105279,0.93,1.00,1,1,,53.2,0.00,0.00,,,0,1,1,1,0
main,37.20,pelican0901,336755.9,3116035.4,1392.5603,1392.5603,1392.5603,ok,24.75,85.337564,28.159778,1479.4,1.34,5.15,86.8197,uncapped-s2-no-bare,ok,129.8,85.336369,28.160664,1445.6,0.15,1.84,53.03589,capped-by-s2chg;prebare-at-trim,,0,154.5,304.8,57.1,L,33.78,5.47,25.57,17.18,37.56,weak,,,0.98,1.00,1,1,,53.2,0.00,0.00,,,0,1,1,1,0
main,37.30,s2,336661.0,3116006.2,1394.9722,1392.5603,1392.5603,truncated,,,,,,,,,ok,195.0,85.335370,28.161084,1466.8,0.21,3.75,74.24487,,74.2,1,,417.4,37.81,,,,,,,,,,,0.67,,1,,25.00,0.00,0.00,30.00,,,0,,1,0
main,37.30,s2chg,336661.0,3116006.2,1394.9722,1392.5603,1392.5603,truncated,,,,,,,,,ok,195.0,85.335370,28.161084,1466.8,0.21,3.75,74.24487,,74.2,1,,417.4,37.81,,,,,,,,,,,0.67,,1,,25.00,0.00,0.00,30.00,,,0,,1,0
main,37.30,pelican0827,336661.0,3116006.2,1394.9722,1392.5603,1392.5603,ok,59.2,85.336737,28.159198,1467.2,0.88,3.82,74.60486,uncapped-s2-truncated,ok,206.2,85.335284,28.161202,1471.0,0.61,3.05,78.392334,capped-by-s2chg,,0,265.5,417.4,37.81,L,-3.79,4.89,,,,,,,,1.00,1,1,17.25,27.75,0.00,0.00,,,0,0,1,1,0
main,37.30,pelican0901,336661.0,3116006.2,1394.9722,1392.5603,1392.5603,ok,50.2,85.336688,28.159266,1459.8,0.82,3.63,67.23779,uncapped-s2-truncated,ok,198.8,85.335326,28.161145,1468.6,0.32,2.25,76.051636,,76.1,1,249.0,417.4,37.81,L,-8.81,4.27,,,,,,,,1.00,1,1,17.25,27.75,0.00,0.00,,,0,0,1,1,0
main,37.40,s2,336573.6,3115958.9,1395.7539,1392.5603,1392.5603,ok,125.0,85.336036,28.158218,1474.6,0.69,10.81,82.069824,prebare-at-trim;no-change-in-run,ok,125.0,85.335027,28.160191,1457.3,0.22,3.85,64.711914,,64.7,1,250.0,2932.1,5.45,L,17.36,11.48,44.69,19.09,78.5,weak,,,1.67,1.00,0,1,75.0,45.00,0.00,0.00,,,1,0,1,1,0
main,37.40,s2chg,336573.6,3115958.9,1395.7539,1392.5603,1392.5603,ok,95.0,85.335910,28.158465,1453.7,0.67,10.46,61.09558,no-change-in-run,ok,125.0,85.335027,28.160191,1457.3,0.22,3.85,64.711914,,64.7,1,220.0,2932.1,5.45,L,-3.62,11.14,,,,,,,,1.00,0,1,75.0,45.00,0.00,0.00,,,0,0,1,1,0
main,37.40,pelican0827,336573.6,3115958.9,1395.7539,1392.5603,1392.5603,ok,105.8,85.335973,28.158342,1464.5,0.79,3.55,71.93298,capped-by-s2chg;prebare-at-trim,ok,122.2,85.335021,28.160203,1457.6,0.22,2.01,65.03467,,65.0,1,228.0,2932.1,5.45,L,6.90,4.08,29.50,13.83,50.7,weak,,,1.14,1.00,1,1,75.8,44.25,0.00,0.00,,,1,0,1,1,0
main,37.40,pelican0901,336573.6,3115958.9,1395.7539,1392.5603,1392.5603,ok,105.8,85.335973,28.158342,1464.5,0.79,3.55,71.93298,capped-by-s2chg;prebare-at-trim,ok,125.2,85.335008,28.160228,1458.2,0.22,2.01,65.62244,,65.6,1,231.0,2932.1,5.45,L,6.31,4.08,28.03,12.22,49.03,weak,,,1.08,1.00,1,1,75.8,44.25,0.00,0.00,,,1,0,1,1,0
main,37.50,s2,336486.3,3115914.3,1392.0886,1392.0886,1392.0886,ok,125.0,85.335284,28.157866,1479.6,1.88,28.63,87.54578,,ok,75.0,85.334279,28.159331,1455.1,2.45,37.37,62.96826,,75.3,2,200.0,1215.2,13.81,R,-24.58,47.07,,,,,,,,1.00,1,1,35.00,15.00,0.00,0.00,,,0,0,1,1,0
main,37.50,s2chg,336486.3,3115914.3,1392.0886,1392.0886,1392.0886,ok,125.0,85.335284,28.157866,1479.6,1.88,28.63,87.54578,,ok,75.0,85.334279,28.159331,1455.1,2.45,37.37,62.96826,,75.3,2,200.0,1215.2,13.81,R,-24.58,47.07,,,,,,,,1.00,1,1,35.00,15.00,0.00,0.00,,,0,0,1,1,0
main,37.50,pelican0827,336486.3,3115914.3,1392.0886,1392.0886,1392.0886,ok,122.2,85.335292,28.157854,1482.3,1.80,6.52,90.18335,,ok,72.8,85.334268,28.159346,1461.1,2.32,8.06,68.99292,,79.6,2,195.0,1215.2,13.81,R,-21.19,10.37,,,,,,,,1.00,1,1,39.75,18.75,0.00,0.00,,,0,0,1,1,0
main,37.50,pelican0901,336486.3,3115914.3,1392.0886,1392.0886,1392.0886,ok,122.2,85.335292,28.157854,1482.3,1.80,6.52,90.18335,,ok,78.8,85.334236,28.159392,1473.4,1.89,6.79,81.32568,,85.8,2,201.0,1215.2,13.81,R,-8.86,9.41,,,,,,,,1.00,1,1,39.75,18.75,0.00,0.00,,,0,0,1,1,0
main,37.60,s2,336396.2,3115878.3,1387.4777,1387.4777,1387.4777,ok,95.0,85.334281,28.157801,1457.5,1.08,16.58,69.973145,,ok,105.0,85.333133,28.159182,1479.6,2.31,35.21,92.16785,,81.1,2,200.0,1267.9,13.31,R,22.19,38.92,,,,,,,,1.00,1,1,25.00,25.00,0.00,0.00,,,0,0,1,1,0
main,37.60,s2chg,336396.2,3115878.3,1387.4777,1387.4777,1387.4777,ok,95.0,85.334281,28.157801,1457.5,1.08,16.58,69.973145,,ok,105.0,85.333133,28.159182,1479.6,2.31,35.21,92.16785,,81.1,2,200.0,1267.9,13.31,R,22.19,38.92,,,,,,,,1.00,1,1,25.00,25.00,0.00,0.00,,,0,0,1,1,0
main,37.60,pelican0827,336396.2,3115878.3,1387.4777,1387.4777,1387.4777,ok,107.2,85.334380,28.157681,1471.3,1.13,4.55,83.85974,,ok,110.2,85.333076,28.159251,1501.0,2.19,7.66,113.48645,,98.7,2,217.5,1267.9,13.31,R,29.63,8.91,41.16,25.26,64.0,strong,13528,473291,1.32,1.00,1,1,23.25,26.25,0.00,0.00,,,0,0,1,1,0
main,37.60,pelican0901,336396.2,3115878.3,1387.4777,1387.4777,1387.4777,ok,104.2,85.334362,28.157703,1467.8,1.12,4.51,80.360596,,ok,108.8,85.333085,28.159240,1498.1,2.19,7.67,110.61865,,95.5,2,213.0,1267.9,13.31,R,30.26,8.89,42.03,25.92,65.2,strong,12795,457173,1.37,1.00,1,1,23.25,26.25,0.00,0.00,,,0,0,1,1,0
main,37.70,s2,336333.4,3115800.7,1384.9624,1384.9624,1384.9624,ok,85.0,85.333645,28.157203,1455.5,0.70,10.86,70.53931,,ok,115.0,85.332372,28.158495,1442.3,1.20,18.43,57.36902,,64.0,2,200.0,11378.7,1.47,,,,,,,,,,,1.00,1,1,5.00,55.0,0.00,0.00,,,0,0,1,1,0
main,37.70,s2chg,336333.4,3115800.7,1384.9624,1384.9624,1384.9624,ok,85.0,85.333645,28.157203,1455.5,0.70,10.86,70.53931,,ok,115.0,85.332372,28.158495,1442.3,1.20,18.43,57.36902,,64.0,2,200.0,11378.7,1.47,,,,,,,,,,,1.00,1,1,5.00,55.0,0.00,0.00,,,0,0,1,1,0
main,37.70,pelican0827,336333.4,3115800.7,1384.9624,1384.9624,1384.9624,ok,84.8,85.333671,28.157176,1458.4,0.74,3.41,73.41846,,truncated,,,,,,,,capped-by-s2chg,73.4,1,,11378.7,1.47,,,,,,,,,,,1.00,1,,0.75,,0.00,0.00,,10.50,0,,1,,0
main,37.70,pelican0901,336333.4,3115800.7,1384.9624,1384.9624,1384.9624,ok,92.2,85.333722,28.157125,1464.2,0.78,3.52,79.225464,,ok,116.2,85.332335,28.158532,1448.9,1.42,5.40,63.98694,,71.6,2,208.5,11378.7,1.47,,,,,,,,,,,1.00,1,1,0.75,51.8,0.00,0.00,,,0,0,1,1,0
main,37.80,s2,336258.7,3115736.4,1385.9705,1384.9624,1384.9624,ok,75.0,85.332788,28.156655,1462.0,1.81,27.56,77.08484,,ok,95.0,85.331802,28.157804,1457.5,1.13,17.42,72.52173,,74.8,2,170.0,9688.7,1.73,,,,,,,,,,,1.00,1,1,35.00,15.00,0.00,0.00,,,0,0,1,1,0
main,37.80,s2chg,336258.7,3115736.4,1385.9705,1384.9624,1384.9624,ok,75.0,85.332788,28.156655,1462.0,1.81,27.56,77.08484,,ok,35.00,85.332171,28.157373,1396.9,0.44,7.05,11.888062,no-change-in-run,77.1,1,110.0,9688.7,1.73,,,,,,,,,,,1.00,1,0,35.00,15.00,0.00,0.00,,,0,0,1,1,0
main,37.80,pelican0827,336258.7,3115736.4,1385.9705,1384.9624,1384.9624,ok,68.2,85.332772,28.156673,1459.1,1.82,6.56,74.15503,,ok,45.75,85.332079,28.157481,1397.7,0.11,1.74,12.771484,capped-by-s2chg;prebare-at-trim;no-change-in-run,74.2,1,114.0,9688.7,1.73,,,,,,,,,,,1.00,1,0,35.25,17.25,0.00,0.00,,,0,1,1,1,0
main,37.80,pelican0901,336258.7,3115736.4,1385.9705,1384.9624,1384.9624,ok,84.8,85.332874,28.156554,1489.2,2.75,9.34,104.20056,capped-by-s2chg,ok,45.75,85.332079,28.157481,1397.7,0.11,1.74,12.771484,capped-by-s2chg;prebare-at-trim;no-change-in-run,,0,130.5,9688.7,1.73,,,,,,,,,,,1.00,1,0,35.25,17.25,0.00,0.00,,,0,1,1,1,0
main,37.90,s2,336168.4,3115693.2,1377.4668,1377.4668,1377.4668,ok,105.0,85.332024,28.156015,1477.7,1.50,26.05,100.26306,,ok,65.0,85.331095,28.157202,1404.6,1.05,16.23,27.155762,,63.7,2,170.0,4326.1,3.92,,,,,,,,,,,1.00,1,1,65.0,45.00,0.00,0.00,,,0,0,0,1,0
main,37.90,s2chg,336168.4,3115693.2,1377.4668,1377.4668,1377.4668,ok,105.0,85.332024,28.156015,1477.7,1.50,26.05,100.26306,,ok,65.0,85.331095,28.157202,1404.6,1.05,16.23,27.155762,,63.7,2,170.0,4326.1,3.92,,,,,,,,,,,1.00,1,1,65.0,45.00,0.00,0.00,,,0,0,0,1,0
main,37.90,pelican0827,336168.4,3115693.2,1377.4668,1377.4668,1377.4668,ok,113.2,85.332096,28.155923,1495.7,1.53,13.65,118.2738,,truncated,,,,,,,,capped-by-s2chg,118.3,1,,4326.1,3.92,,,,,,,,,,,0.99,1,,27.75,,0.00,0.00,,57.0,0,,0,,0
main,37.90,pelican0901,336168.4,3115693.2,1377.4668,1377.4668,1377.4668,ok,114.8,85.332105,28.155912,1497.8,1.54,13.68,120.38257,capped-by-s2chg,ok,78.8,85.330991,28.157335,1428.2,1.34,12.40,50.75305,,50.8,1,193.5,4326.1,3.92,,,,,,,,,,,1.00,1,1,27.75,44.25,0.00,0.00,,,0,0,0,0,0
main,38.00,s2,336090.3,3115631.4,1376.3551,1376.3551,1376.3551,ok,95.0,85.331251,28.155571,1455.6,0.70,10.96,79.22156,,ok,35.00,85.330459,28.156396,1387.3,0.55,10.98,10.895874,no-change-in-run,79.2,1,130.0,1522.2,11.23,R,-68.3,15.51,,,,,,,,1.00,1,0,15.00,25.00,0.00,0.00,,,0,0,1,0,0
main,38.00,s2chg,336090.3,3115631.4,1376.3551,1376.3551,1376.3551,ok,95.0,85.331251,28.155571,1455.6,0.70,10.96,79.22156,,ok,35.00,85.330459,28.156396,1387.3,0.55,10.98,10.895874,no-change-in-run,79.2,1,130.0,1522.2,11.23,R,-68.3,15.51,,,,,,,,1.00,1,0,15.00,25.00,0.00,0.00,,,0,0,1,0,0
main,38.00,pelican0827,336090.3,3115631.4,1376.3551,1376.3551,1376.3551,ok,101.2,85.331321,28.155499,1462.7,0.74,3.42,86.31067,,ok,41.25,85.330389,28.156468,1397.9,0.99,10.18,21.556396,,53.9,2,142.5,1522.2,11.23,R,-64.8,10.73,,,,,,,,1.00,1,1,14.25,24.75,0.00,0.00,,,0,0,1,0,0
main,38.00,pelican0901,336090.3,3115631.4,1376.3551,1376.3551,1376.3551,ok,107.2,85.331360,28.155458,1467.5,0.95,4.02,91.176025,capped-by-s2chg,ok,45.75,85.330360,28.156499,1403.2,1.17,11.31,26.817139,,26.82,1,153.0,1522.2,11.23,R,-64.4,12.01,,,,,,,,1.00,1,1,14.25,24.75,0.00,0.00,,,0,0,1,0,0
main,38.10,s2,336019.5,3115561.0,1374.1869,1374.1869,1374.1869,ok,55.0,85.330312,28.155231,1430.1,0.80,12.38,55.917725,,ok,115.0,85.329141,28.156235,1448.3,2.49,37.96,74.11438,,65.0,2,170.0,1823.2,9.37,R,18.20,39.93,,,,,,,,0.88,1,1,5.00,45.00,0.00,0.00,,,0,0,1,1,0
main,38.10,s2chg,336019.5,3115561.0,1374.1869,1374.1869,1374.1869,ok,55.0,85.330312,28.155231,1430.1,0.80,12.38,55.917725,,ok,115.0,85.329141,28.156235,1448.3,2.49,37.96,74.11438,,65.0,2,170.0,1823.2,9.37,R,18.20,39.93,,,,,,,,0.88,1,1,5.00,45.00,0.00,0.00,,,0,0,1,1,0
main,38.10,pelican0827,336019.5,3115561.0,1374.1869,1374.1869,1374.1869,ok,62.2,85.330396,28.155159,1440.2,0.98,4.09,66.055176,,ok,114.8,85.329112,28.156260,1464.9,3.77,12.41,90.757935,,78.4,2,177.0,1823.2,9.37,R,24.70,13.06,49.96,25.17,84.2,weak,,,1.80,1.00,1,1,0.75,41.25,0.00,0.00,,,0,0,1,1,0
main,38.10,pelican0901,336019.5,3115561.0,1374.1869,1374.1869,1374.1869,ok,72.8,85.330473,28.155093,1449.0,0.72,3.36,74.83069,capped-by-s2chg,ok,108.8,85.329156,28.156223,1445.1,1.96,6.99,70.95276,,71.0,1,181.5,1823.2,9.37,R,-3.88,7.75,,,,,,,,1.00,1,1,0.75,41.25,0.00,0.00,,,0,0,1,1,0
main,38.20,s2,335949.8,3115489.4,1371.6357,1371.6357,1371.6357,ok,55.0,85.329622,28.154585,1414.3,0.64,9.93,42.697754,,ok,85.0,85.328646,28.155378,1426.4,1.49,22.87,54.77417,,48.74,2,140.0,21744.6,0.78,,,,,,,,,,,0.84,1,1,5.00,45.00,0.00,0.00,,,0,0,1,1,0
main,38.20,s2chg,335949.8,3115489.4,1371.6357,1371.6357,1371.6357,ok,55.0,85.329622,28.154585,1414.3,0.64,9.93,42.697754,,ok,85.0,85.328646,28.155378,1426.4,1.49,22.87,54.77417,,48.74,2,140.0,21744.6,0.78,,,,,,,,,,,0.84,1,1,5.00,45.00,0.00,0.00,,,0,0,1,1,0
main,38.20,pelican0827,335949.8,3115489.4,1371.6357,1371.6357,1371.6357,ok,57.8,85.329675,28.154542,1418.8,0.59,3.00,47.160034,,ok,96.8,85.328526,28.155475,1444.9,0.89,3.85,73.29785,,60.2,2,154.5,21744.6,0.78,,,,,,,,,,,1.00,1,1,0.75,41.25,0.00,0.00,,,0,0,1,1,0
main,38.20,pelican0901,335949.8,3115489.4,1371.6357,1371.6357,1371.6357,ok,72.8,85.329787,28.154451,1424.9,0.49,2.73,53.2334,capped-by-s2chg,ok,93.8,85.328549,28.155457,1442.4,0.93,3.96,70.81287,,70.8,1,166.5,21744.6,0.78,,,,,,,,,,,1.00,1,1,0.75,41.25,0.00,0.00,,,0,0,1,1,0
main,38.30,s2,335882.4,3115415.6,1369.7466,1369.7466,1369.7466,ok,85.0,85.329133,28.153694,1426.0,0.77,11.90,56.25305,,ok,95.0,85.327939,28.154804,1433.6,1.45,22.12,63.83972,,60.0,2,180.0,6456.7,2.62,,,,,,,,,,,0.93,1,1,15.00,35.00,0.00,0.00,,,0,0,1,1,0
main,38.30,s2chg,335882.4,3115415.6,1369.7466,1369.7466,1369.7466,ok,85.0,85.329133,28.153694,1426.0,0.77,11.90,56.25305,,ok,95.0,85.327939,28.154804,1433.6,1.45,22.12,63.83972,,60.0,2,180.0,6456.7,2.62,,,,,,,,,,,0.93,1,1,15.00,35.00,0.00,0.00,,,0,0,1,1,0
main,38.30,pelican0827,335882.4,3115415.6,1369.7466,1369.7466,1369.7466,ok,84.8,85.329161,28.153667,1428.8,0.79,3.56,59.071655,,ok,96.8,85.327897,28.154844,1443.6,1.84,6.62,73.85925,,66.5,2,181.5,6456.7,2.62,,,,,,,,,,,1.00,1,1,11.25,33.75,0.00,0.00,,,0,0,1,1,0
main,38.30,pelican0901,335882.4,3115415.6,1369.7466,1369.7466,1369.7466,ok,99.8,85.329266,28.153569,1442.3,0.96,4.05,72.51221,capped-by-s2chg,ok,107.2,85.327823,28.154912,1462.8,1.67,6.12,93.00842,capped-by-s2chg,,0,207.0,6456.7,2.62,,,,,,,,,,,1.00,1,1,11.25,33.75,0.00,0.00,,,0,0,1,1,0
main,38.40,s2,335810.6,3115347.3,1369.9187,1369.7466,1369.7466,ok,65.0,85.328296,28.153223,1427.4,0.26,4.45,57.65149,,ok,75.0,85.327327,28.154021,1417.6,2.07,31.53,47.854736,,52.8,2,140.0,60735.2,0.28,,,,,,,,,,,0.99,1,1,25.00,25.00,0.00,0.00,,,0,0,1,1,0
main,38.40,s2chg,335810.6,3115347.3,1369.9187,1369.7466,1369.7466,ok,65.0,85.328296,28.153223,1427.4,0.26,4.45,57.65149,,ok,75.0,85.327327,28.154021,1417.6,2.07,31.53,47.854736,,52.8,2,140.0,60735.2,0.28,,,,,,,,,,,0.99,1,1,25.00,25.00,0.00,0.00,,,0,0,1,1,0
main,38.40,pelican0827,335810.6,3115347.3,1369.9187,1369.7466,1369.7466,ok,83.2,85.328464,28.153084,1435.9,0.94,3.98,66.15234,capped-by-s2chg,ok,84.8,85.327223,28.154108,1439.2,1.04,4.28,69.437744,,69.4,1,168.0,60735.2,0.28,,,,,,,,,,,1.00,1,1,24.75,27.75,0.00,0.00,,,0,0,1,1,0
main,38.40,pelican0901,335810.6,3115347.3,1369.9187,1369.7466,1369.7466,ok,83.2,85.328464,28.153084,1435.9,0.94,3.98,66.15234,capped-by-s2chg,ok,90.8,85.327178,28.154144,1441.7,0.98,4.11,71.91431,capped-by-s2chg,,0,174.0,60735.2,0.28,,,,,,,,,,,1.00,1,1,24.75,27.75,0.00,0.00,,,0,0,1,1,0
main,38.50,s2,335736.2,3115284.5,1367.4999,1367.4999,1367.4999,ok,85.0,85.327712,28.152539,1424.5,0.61,9.50,57.00586,,ok,75.0,85.326565,28.153432,1419.0,0.93,14.36,51.5459,,54.3,2,160.0,6752.3,2.48,,,,,,,,,,,1.00,1,1,15.00,35.00,0.00,0.00,,,0,0,1,1,0
main,38.50,s2chg,335736.2,3115284.5,1367.4999,1367.4999,1367.4999,ok,85.0,85.327712,28.152539,1424.5,0.61,9.50,57.00586,,ok,75.0,85.326565,28.153432,1419.0,0.93,14.36,51.5459,,54.3,2,160.0,6752.3,2.48,,,,,,,,,,,1.00,1,1,15.00,35.00,0.00,0.00,,,0,0,1,1,0
main,38.50,pelican0827,335736.2,3115284.5,1367.4999,1367.4999,1367.4999,ok,96.8,85.327835,28.152443,1434.3,0.57,2.94,66.79443,capped-by-s2chg,ok,83.2,85.326469,28.153506,1430.2,0.92,3.93,62.66565,,62.7,1,180.0,6752.3,2.48,,,,,,,,,,,1.00,1,1,18.75,35.25,0.00,0.00,,,0,0,1,1,0
main,38.50,pelican0901,335736.2,3115284.5,1367.4999,1367.4999,1367.4999,ok,96.8,85.327835,28.152443,1434.3,0.57,2.94,66.79443,capped-by-s2chg,ok,78.8,85.326503,28.153480,1426.4,0.93,3.94,58.90222,,58.9,1,175.5,6752.3,2.48,,,,,,,,,,,1.00,1,1,18.75,35.25,0.00,0.00,,,0,0,1,1,0
main,38.60,s2,335689.8,3115196.3,1365.586,1365.586,1365.586,ok,95.0,85.327301,28.151651,1450.3,1.00,15.35,84.728516,prebare-at-trim,ok,115.0,85.325832,28.152901,1425.2,0.69,10.73,59.62146,,59.6,1,210.0,991.7,17.08,L,25.11,18.73,34.10,12.61,61.4,weak,,,1.28,1.00,1,1,5.00,45.00,0.00,0.00,,,1,0,1,1,0
main,38.60,s2chg,335689.8,3115196.3,1365.586,1365.586,1365.586,ok,75.0,85.327154,28.151776,1434.3,1.61,24.54,68.73474,,ok,115.0,85.325832,28.152901,1425.2,0.69,10.73,59.62146,,64.2,2,190.0,991.7,17.08,L,9.11,26.78,,,,,,,,1.00,1,1,5.00,45.00,0.00,0.00,,,0,0,1,1,0
main,38.60,pelican0827,335689.8,3115196.3,1365.586,1365.586,1365.586,ok,86.2,85.327268,28.151679,1446.7,0.75,3.45,81.15552,capped-by-s2chg;prebare-at-trim,ok,117.8,85.325781,28.152944,1429.8,0.72,3.37,64.185425,,64.2,1,204.0,991.7,17.08,L,16.97,4.82,28.45,17.66,43.93,strong,8153,197143,1.07,1.00,1,1,8.25,41.25,0.00,0.00,,,1,0,1,1,0
main,38.60,pelican0901,335689.8,3115196.3,1365.586,1365.586,1365.586,ok,86.2,85.327268,28.151679,1446.7,0.75,3.45,81.15552,capped-by-s2chg;prebare-at-trim,ok,114.8,85.325803,28.152926,1427.7,0.71,3.34,62.11377,,62.1,1,201.0,991.7,17.08,L,19.04,4.80,30.36,19.27,46.29,strong,7946,205036,1.15,1.00,1,1,8.25,41.25,0.00,0.00,,,1,0,1,1,0
main,38.70,s2,335609.5,3115139.7,1360.5472,1360.5472,1360.5472,ok,75.0,85.326268,28.151194,1421.1,0.82,12.62,60.557373,,ok,105.0,85.325207,28.152406,1430.2,0.79,12.17,69.61267,,65.1,2,180.0,705.3,23.83,L,-9.06,17.54,,,,,,,,0.93,1,1,25.00,25.00,0.00,0.00,,,0,0,1,1,0
main,38.70,s2chg,335609.5,3115139.7,1360.5472,1360.5472,1360.5472,ok,75.0,85.326268,28.151194,1421.1,0.82,12.62,60.557373,,ok,105.0,85.325207,28.152406,1430.2,0.79,12.17,69.61267,,65.1,2,180.0,705.3,23.83,L,-9.06,17.54,,,,,,,,0.93,1,1,25.00,25.00,0.00,0.00,,,0,0,1,1,0
main,38.70,pelican0827,335609.5,3115139.7,1360.5472,1360.5472,1360.5472,ok,84.8,85.326355,28.151094,1431.3,0.61,3.04,70.78003,,ok,102.8,85.325194,28.152420,1435.7,0.78,3.54,75.15442,,73.0,2,187.5,705.3,23.83,L,-4.37,4.66,,,,,,,,1.00,1,1,24.75,24.75,0.00,0.00,,,0,0,1,1,0
main,38.70,pelican0901,335609.5,3115139.7,1360.5472,1360.5472,1360.5472,ok,89.2,85.326383,28.151062,1433.9,0.54,2.86,73.38733,,ok,113.2,85.325128,28.152495,1448.5,1.42,5.40,87.933105,,80.7,2,202.5,705.3,23.83,L,-14.55,6.11,,,,,,,,1.00,1,1,24.75,24.75,0.00,0.00,,,0,0,1,1,0
main,38.80,s2,335520.2,3115094.7,1354.8158,1354.8158,1354.8158,ok,135.0,85.325522,28.150227,1429.3,0.56,8.84,74.48706,,ok,55.0,85.324700,28.151678,1414.4,1.05,16.16,59.587036,,67.0,2,190.0,1003.3,16.50,L,14.90,18.43,,,,,,,,0.81,1,1,25.00,15.00,0.00,0.00,,,0,0,1,1,0
main,38.80,s2chg,335520.2,3115094.7,1354.8158,1354.8158,1354.8158,ok,135.0,85.325522,28.150227,1429.3,0.56,8.84,74.48706,,ok,55.0,85.324700,28.151678,1414.4,1.05,16.16,59.587036,,67.0,2,190.0,1003.3,16.50,L,14.90,18.43,,,,,,,,0.81,1,1,25.00,15.00,0.00,0.00,,,0,0,1,1,0
main,38.80,pelican0827,335520.2,3115094.7,1354.8158,1354.8158,1354.8158,ok,137.2,85.325552,28.150174,1433.7,0.75,3.43,78.88318,,ok,59.2,85.324661,28.151747,1392.7,1.18,11.38,37.843384,,58.4,2,196.5,1003.3,16.50,L,41.04,11.89,45.34,28.04,70.2,strong,4258,164082,1.89,1.00,1,1,27.75,17.25,0.00,0.00,,,0,0,1,0,0
main,38.80,pelican0901,335520.2,3115094.7,1354.8158,1354.8158,1354.8158,ok,152.2,85.325620,28.150053,1443.5,1.11,4.47,88.722534,capped-by-s2chg,ok,63.8,85.324640,28.151783,1399.4,1.23,11.69,44.581665,,44.58,1,216.0,1003.3,16.50,L,44.14,12.52,44.85,27.85,69.2,strong,5773,220062,1.75,1.00,1,1,27.75,17.25,0.00,0.00,,,0,0,1,0,0
main,38.90,s2,335436.7,3115040.5,1352.0221,1352.0221,1352.0221,ok,105.0,85.324472,28.149941,1428.3,0.41,6.53,76.3136,,ok,45.00,85.323932,28.151110,1366.1,0.61,11.95,14.11853,no-change-in-run,76.3,1,150.0,5848.7,2.85,,,,,,,,,,,0.77,1,0,5.00,35.00,0.00,0.00,,,0,0,1,0,0
main,38.90,s2chg,335436.7,3115040.5,1352.0221,1352.0221,1352.0221,ok,105.0,85.324472,28.149941,1428.3,0.41,6.53,76.3136,,ok,45.00,85.323932,28.151110,1366.1,0.61,11.95,14.11853,no-change-in-run,76.3,1,150.0,5848.7,2.85,,,,,,,,,,,0.77,1,0,5.00,35.00,0.00,0.00,,,0,0,1,0,0
main,38.90,pelican0827,335436.7,3115040.5,1352.0221,1352.0221,1352.0221,ok,110.2,85.324508,28.149861,1432.1,0.43,2.55,80.08435,,truncated,,,,,,,,capped-by-s2chg,80.1,1,,5848.7,2.85,,,,,,,,,,,1.00,1,,0.75,,0.00,0.00,,51.0,0,,1,,0
main,38.90,pelican0901,335436.7,3115040.5,1352.0221,1352.0221,1352.0221,ok,122.2,85.324554,28.149761,1437.0,0.47,2.67,84.95105,,ok,57.8,85.323867,28.151252,1386.5,1.32,12.29,34.52649,,59.7,2,180.0,5848.7,2.85,,,,,,,,,,,1.00,1,1,0.75,32.25,0.00,0.00,,,0,0,1,0,0
main,39.00,s2,335337.5,3115029.4,1349.5612,1349.5612,1349.5612,ok,105.0,85.323552,28.149865,1432.1,1.05,16.13,82.54138,,ok,45.00,85.322888,28.150983,1384.5,2.30,34.97,34.969482,,58.8,2,150.0,1074.0,15.69,R,-47.57,38.51,,,,,,,,0.92,1,1,25.00,25.00,0.00,0.00,,,0,0,1,1,0
main,39.00,s2chg,335337.5,3115029.4,1349.5612,1349.5612,1349.5612,ok,105.0,85.323552,28.149865,1432.1,1.05,16.13,82.54138,,ok,45.00,85.322888,28.150983,1384.5,2.30,34.97,34.969482,,58.8,2,150.0,1074.0,15.69,R,-47.57,38.51,,,,,,,,0.92,1,1,25.00,25.00,0.00,0.00,,,0,0,1,1,0
main,39.00,pelican0827,335337.5,3115029.4,1349.5612,1349.5612,1349.5612,ok,114.8,85.323618,28.149753,1442.3,0.76,3.48,92.74426,,ok,60.8,85.322793,28.151143,1442.3,2.63,8.99,92.706665,capped-by-s2chg,92.7,1,175.5,1074.0,15.69,R,-0.04,9.64,,,,,,,,1.00,1,1,21.75,23.25,0.00,0.00,,,0,0,1,1,0
main,39.00,pelican0901,335337.5,3115029.4,1349.5612,1349.5612,1349.5612,ok,114.8,85.323618,28.149753,1442.3,0.76,3.48,92.74426,capped-by-s2chg,ok,60.8,85.322793,28.151143,1442.3,2.63,8.99,92.706665,capped-by-s2chg,,0,175.5,1074.0,15.69,R,-0.04,9.64,,,,,,,,1.00,1,1,21.75,23.25,0.00,0.00,,,0,0,1,1,0
main,39.10,s2,335258.5,3114973.6,1348.3898,1348.3898,1348.3898,ok,55.0,85.322555,28.149770,1428.7,0.59,9.18,80.29004,,ok,95.0,85.321787,28.150835,1405.8,1.18,18.05,57.433105,,68.9,2,150.0,1090.7,15.28,R,-22.86,20.25,,,,,,,,1.00,1,1,5.00,35.00,0.00,0.00,,,0,0,1,1,0
main,39.10,s2chg,335258.5,3114973.6,1348.3898,1348.3898,1348.3898,ok,55.0,85.322555,28.149770,1428.7,0.59,9.18,80.29004,,ok,95.0,85.321787,28.150835,1405.8,1.18,18.05,57.433105,,68.9,2,150.0,1090.7,15.28,R,-22.86,20.25,,,,,,,,1.00,1,1,5.00,35.00,0.00,0.00,,,0,0,1,1,0
main,39.10,pelican0827,335258.5,3114973.6,1348.3898,1348.3898,1348.3898,ok,65.2,85.322635,28.149660,1435.0,0.61,3.04,86.59009,,truncated,,,,,,,,capped-by-s2chg,86.6,1,,1090.7,15.28,,,,,,,,,,,0.97,1,,2.25,,0.00,0.00,,69.0,0,,1,,0
main,39.10,pelican0901,335258.5,3114973.6,1348.3898,1348.3898,1348.3898,ok,65.2,85.322635,28.149660,1435.0,0.61,3.04,86.59009,,ok,107.2,85.321697,28.150960,1429.0,1.33,5.13,80.58069,capped-by-s2chg,86.6,1,172.5,1090.7,15.28,R,-6.01,5.97,,,,,,,,1.00,1,1,2.25,35.25,0.00,0.00,,,0,0,1,1,0
main,39.20,s2,335187.9,3114903.8,1345.1278,1345.1278,1345.1278,ok,35.00,85.321769,28.149304,1410.7,1.38,21.12,65.56238,,ok,95.0,85.320984,28.150134,1406.6,0.98,15.17,61.460327,,63.5,2,130.0,2189.5,7.49,R,-4.10,26.00,,,,,,,,0.98,1,1,,35.00,0.00,0.00,,,0,0,1,1,0
main,39.20,s2chg,335187.9,3114903.8,1345.1278,1345.1278,1345.1278,ok,35.00,85.321769,28.149304,1410.7,1.38,21.12,65.56238,,ok,95.0,85.320984,28.150134,1406.6,0.98,15.17,61.460327,,63.5,2,130.0,2189.5,7.49,R,-4.10,26.00,,,,,,,,0.98,1,1,,35.00,0.00,0.00,,,0,0,1,1,0
main,39.20,pelican0827,335187.9,3114903.8,1345.1278,1345.1278,1345.1278,ok,50.2,85.321896,28.149170,1421.5,1.02,4.21,76.4021,,truncated,,,,,,,,capped-by-s2chg,76.4,1,,2189.5,7.49,,,,,,,,,,,0.94,1,,,,0.00,0.00,,36.00,0,,1,,0
main,39.20,pelican0901,335187.9,3114903.8,1345.1278,1345.1278,1345.1278,ok,35.25,85.321798,28.149273,1413.2,1.15,4.60,68.042114,,ok,102.8,85.320905,28.150217,1416.1,1.00,10.27,70.94092,,69.5,2,138.0,2189.5,7.49,R,2.90,11.26,,,,,,,,1.00,1,1,,33.75,0.00,0.00,,,0,0,1,0,0
main,39.30,s2,335106.1,3114850.1,1344.7015,1344.7015,1344.7015,ok,105.0,85.321406,28.148329,1414.8,0.76,11.77,70.1012,,ok,75.0,85.320286,28.149499,1416.7,0.84,13.03,71.968994,,71.0,2,180.0,1847.0,8.95,L,-1.87,17.56,,,,,,,,0.85,1,1,25.00,35.00,0.00,0.00,,,0,0,1,1,0
main,39.30,s2chg,335106.1,3114850.1,1344.7015,1344.7015,1344.7015,ok,105.0,85.321406,28.148329,1414.8,0.76,11.77,70.1012,,ok,75.0,85.320286,28.149499,1416.7,0.84,13.03,71.968994,,71.0,2,180.0,1847.0,8.95,L,-1.87,17.56,,,,,,,,0.85,1,1,25.00,35.00,0.00,0.00,,,0,0,1,1,0
main,39.30,pelican0827,335106.1,3114850.1,1344.7015,1344.7015,1344.7015,ok,99.8,85.321399,28.148336,1414.2,0.74,3.41,69.45679,,truncated,,,,,,,,capped-by-s2chg,69.5,1,,1847.0,8.95,,,,,,,,,,,0.97,1,,21.75,,0.00,0.00,,55.5,0,,1,,0
main,39.30,pelican0901,335106.1,3114850.1,1344.7015,1344.7015,1344.7015,ok,114.8,85.321498,28.148233,1426.6,0.76,3.47,81.88672,capped-by-s2chg,ok,92.2,85.320144,28.149647,1437.6,0.65,3.15,92.91846,capped-by-s2chg,,0,207.0,1847.0,8.95,L,-11.03,4.69,,,,,,,,1.00,1,1,21.75,38.25,0.00,0.00,,,0,0,1,1,0
main,39.40,s2,335035.5,3114785.9,1345.7168,1344.7015,1344.7015,ok,75.0,85.320447,28.147912,1401.1,0.64,9.95,56.39099,,ok,115.0,85.319393,28.149241,1406.1,0.47,9.88,61.432617,,58.9,2,190.0,1518.1,10.83,L,-5.04,14.02,,,,,,,,0.84,1,1,5.00,25.00,0.00,0.00,,,0,0,1,0,0
main,39.40,s2chg,335035.5,3114785.9,1345.7168,1344.7015,1344.7015,ok,75.0,85.320447,28.147912,1401.1,0.64,9.95,56.39099,,ok,115.0,85.319393,28.149241,1406.1,0.47,9.88,61.432617,,58.9,2,190.0,1518.1,10.83,L,-5.04,14.02,,,,,,,,0.84,1,1,5.00,25.00,0.00,0.00,,,0,0,1,0,0
main,39.40,pelican0827,335035.5,3114785.9,1345.7168,1344.7015,1344.7015,ok,84.8,85.320528,28.147808,1409.2,0.59,3.00,64.50989,,truncated,,,,,,,,capped-by-s2chg,64.5,1,,1518.1,10.83,,,,,,,,,,,0.90,1,,8.25,,0.00,0.00,,9.00,0,,1,,0
main,39.40,pelican0901,335035.5,3114785.9,1345.7168,1344.7015,1344.7015,ok,87.8,85.320546,28.147786,1410.9,0.61,3.04,66.23364,,ok,126.8,85.319299,28.149359,1411.7,0.36,2.36,67.03296,,66.6,2,214.5,1518.1,10.83,L,-0.80,3.85,,,,,,,,1.00,1,1,8.25,29.25,0.00,0.00,,,0,0,1,1,0
main,39.50,s2,334955.5,3114733.2,1340.039,1340.039,1340.039,ok,95.0,85.319673,28.147233,1411.4,0.22,3.78,71.38953,,ok,95.0,85.318787,28.148655,1388.7,1.00,18.06,48.690674,,60.0,2,190.0,16935.7,0.96,,,,,,,,,,,0.84,1,1,15.00,45.00,0.00,0.00,,,0,0,1,0,0
main,39.50,s2chg,334955.5,3114733.2,1340.039,1340.039,1340.039,ok,95.0,85.319673,28.147233,1411.4,0.22,3.78,71.38953,,ok,95.0,85.318787,28.148655,1388.7,1.00,18.06,48.690674,,60.0,2,190.0,16935.7,0.96,,,,,,,,,,,0.84,1,1,15.00,45.00,0.00,0.00,,,0,0,1,0,0
main,39.50,pelican0827,334955.5,3114733.2,1340.039,1340.039,1340.039,ok,110.2,85.319769,28.147079,1421.5,0.78,3.54,81.50745,capped-by-s2chg,no-bare,,,,,,,,capped-by-s2chg,,0,,16935.7,0.96,,,,,,,,,,,0.90,1,,15.75,,13.50,,,,0,,1,,0
main,39.50,pelican0901,334955.5,3114733.2,1340.039,1340.039,1340.039,ok,110.2,85.319769,28.147079,1421.5,0.78,3.54,81.50745,capped-by-s2chg,ok,108.8,85.318698,28.148797,1442.8,1.18,4.68,102.71594,,102.7,1,219.0,16935.7,0.96,,,,,,,,,,,1.00,1,1,15.75,41.25,0.00,0.00,,,0,0,1,1,0
main,39.60,s2,334857.5,3114713.4,1338.6656,1338.6656,1338.6656,ok,145.0,85.318983,28.146676,1412.5,0.37,6.00,73.79578,,ok,65.0,85.317915,28.148213,1360.9,2.42,36.91,22.218628,no-change-in-run,73.8,1,210.0,1294.8,12.71,R,-51.6,37.40,,,,,,,,0.85,1,0,25.00,55.0,0.00,0.00,,,0,0,1,1,0
main,39.60,s2chg,334857.5,3114713.4,1338.6656,1338.6656,1338.6656,ok,145.0,85.318983,28.146676,1412.5,0.37,6.00,73.79578,,ok,65.0,85.317915,28.148213,1360.9,2.42,36.91,22.218628,no-change-in-run,73.8,1,210.0,1294.8,12.71,R,-51.6,37.40,,,,,,,,0.85,1,0,25.00,55.0,0.00,0.00,,,0,0,1,1,0
main,39.60,pelican0827,334857.5,3114713.4,1338.6656,1338.6656,1338.6656,ok,158.2,85.319076,28.146542,1421.2,0.55,2.87,82.54602,capped-by-s2chg,no-bare,,,,,,,,capped-by-s2chg,,0,,1294.8,12.71,,,,,,,,,,,0.92,1,,27.75,,16.50,,,,0,,1,,0
main,39.60,pelican0901,334857.5,3114713.4,1338.6656,1338.6656,1338.6656,ok,147.8,85.319020,28.146622,1415.4,0.49,2.73,76.78113,,ok,80.2,85.317811,28.148363,1516.2,5.12,16.45,177.56677,capped-by-s2chg,76.8,1,228.0,1294.8,12.71,R,100.8,16.68,74.9,50.2,110.2,strong,20877,1329672,2.12,1.00,1,1,27.75,54.8,0.00,0.00,,,0,0,1,1,0
main,39.70,s2,334789.9,3114648.3,1337.3995,1337.3995,1337.3995,ok,135.0,85.318401,28.146253,1414.6,0.52,8.19,77.24536,,ok,105.0,85.316907,28.147851,1467.6,2.65,44.41,130.24915,,103.7,2,240.0,5803.6,2.82,,,,,,,,,,,0.96,1,1,35.00,15.00,0.00,0.00,,,0,0,1,0,0
main,39.70,s2chg,334789.9,3114648.3,1337.3995,1337.3995,1337.3995,ok,135.0,85.318401,28.146253,1414.6,0.52,8.19,77.24536,,ok,105.0,85.316907,28.147851,1467.6,2.65,44.41,130.24915,,103.7,2,240.0,5803.6,2.82,,,,,,,,,,,0.96,1,1,35.00,15.00,0.00,0.00,,,0,0,1,0,0
main,39.70,pelican0827,334789.9,3114648.3,1337.3995,1337.3995,1337.3995,ok,153.8,85.318550,28.146093,1404.1,0.20,1.96,66.70972,capped-by-s2chg,truncated,,,,,,,,capped-by-s2chg,,0,,5803.6,2.82,,,,,,,,,,,0.90,1,,32.25,,0.00,0.00,,3.00,0,,1,,0
main,39.70,pelican0901,334789.9,3114648.3,1337.3995,1337.3995,1337.3995,ok,153.8,85.318550,28.146093,1404.1,0.20,1.96,66.70972,capped-by-s2chg,ok,119.2,85.316786,28.147979,1525.4,2.63,20.66,187.98315,capped-by-s2chg,,0,273.0,5803.6,2.82,,,,,,,,,,,1.00,1,1,32.25,15.75,0.00,0.00,,,0,0,1,0,0
main,39.80,s2,334727.0,3114571.4,1334.0977,1334.0977,1334.0977,ok,85.0,85.317461,28.145910,1407.2,0.47,7.52,73.10303,,ok,115.0,85.316192,28.147204,1407.8,1.21,18.61,73.71741,,73.4,2,200.0,1083.9,15.30,L,-0.61,20.07,,,,,,,,0.98,1,1,25.00,25.00,0.00,0.00,,,0,0,1,1,0
main,39.80,s2chg,334727.0,3114571.4,1334.0977,1334.0977,1334.0977,ok,85.0,85.317461,28.145910,1407.2,0.47,7.52,73.10303,,ok,115.0,85.316192,28.147204,1407.8,1.21,18.61,73.71741,,73.4,2,200.0,1083.9,15.30,L,-0.61,20.07,,,,,,,,0.98,1,1,25.00,25.00,0.00,0.00,,,0,0,1,1,0
main,39.80,pelican0827,334727.0,3114571.4,1334.0977,1334.0977,1334.0977,ok,95.2,85.317558,28.145812,1410.9,0.23,2.04,76.823,,ok,131.2,85.316055,28.147344,1430.8,2.06,7.30,96.72888,capped-by-s2chg,76.8,1,226.5,1083.9,15.30,L,-19.91,7.57,,,,,,,,1.00,1,1,27.75,26.25,0.00,0.00,,,0,0,1,1,0
main,39.80,pelican0901,334727.0,3114571.4,1334.0977,1334.0977,1334.0977,ok,95.2,85.317558,28.145812,1410.9,0.23,2.04,76.823,capped-by-s2chg,ok,131.2,85.316055,28.147344,1430.8,2.06,7.30,96.72888,capped-by-s2chg,,0,226.5,1083.9,15.30,L,-19.91,7.57,,,,,,,,1.00,1,1,27.75,26.25,0.00,0.00,,,0,0,1,1,0
main,39.90,s2,334640.9,3114521.6,1331.123,1331.123,1331.123,ok,125.0,85.316588,28.145019,1418.6,0.89,16.26,87.48035,,ok,95.0,85.315659,28.146726,1390.1,1.30,19.99,59.006226,,73.2,2,220.0,752.9,22.48,L,28.47,25.77,30.92,6.99,58.2,weak,,,1.15,0.99,1,1,25.00,45.00,0.00,0.00,,,0,0,0,1,0
main,39.90,s2chg,334640.9,3114521.6,1331.123,1331.123,1331.123,ok,125.0,85.316588,28.145019,1418.6,0.89,16.26,87.48035,,ok,95.0,85.315659,28.146726,1390.1,1.30,19.99,59.006226,,73.2,2,220.0,752.9,22.48,L,28.47,25.77,30.92,6.99,58.2,weak,,,1.15,0.99,1,1,25.00,45.00,0.00,0.00,,,0,0,0,1,0
main,39.90,pelican0827,334640.9,3114521.6,1331.123,1331.123,1331.123,ok,119.2,85.316582,28.145031,1417.3,0.88,9.49,86.168335,,ok,111.8,85.315566,28.146896,1412.4,1.27,4.96,81.22986,,83.7,2,231.0,752.9,22.48,L,4.94,10.71,,,,,,,,1.00,1,1,23.25,48.75,0.00,0.00,,,0,0,0,1,0
main,39.90,pelican0901,334640.9,3114521.6,1331.123,1331.123,1331.123,ok,138.8,85.316668,28.144873,1447.1,0.69,3.26,115.97388,capped-by-s2chg,ok,113.2,85.315559,28.146909,1414.3,1.27,4.94,83.21948,capped-by-s2chg,,0,252.0,752.9,22.48,L,32.75,5.92,30.98,20.58,45.88,strong,13333,351137,0.99,1.00,1,1,23.25,48.75,0.00,0.00,,,0,0,1,1,0
main,40.00,s2,334544.6,3114494.5,1330.1096,1330.1096,1330.1096,ok,155.0,85.315563,28.144454,1422.0,2.47,37.55,91.920654,,ok,75.0,85.314857,28.146338,1372.6,1.34,20.47,42.503906,,67.2,2,230.0,4290.8,3.74,,,,,,,,,,,0.98,1,1,35.00,35.00,0.00,0.00,,,0,0,1,1,0
main,40.00,s2chg,334544.6,3114494.5,1330.1096,1330.1096,1330.1096,ok,155.0,85.315563,28.144454,1422.0,2.47,37.55,91.920654,,ok,75.0,85.314857,28.146338,1372.6,1.34,20.47,42.503906,,67.2,2,230.0,4290.8,3.74,,,,,,,,,,,0.98,1,1,35.00,35.00,0.00,0.00,,,0,0,1,1,0
main,40.00,pelican0827,334544.6,3114494.5,1330.1096,1330.1096,1330.1096,ok,167.2,85.315616,28.144312,1459.8,2.05,7.24,129.69922,capped-by-s2chg,ok,89.2,85.314797,28.146496,1408.2,1.69,14.63,78.140015,,78.1,1,256.5,4290.8,3.74,,,,,,,,,,,1.00,1,1,36.75,36.75,0.00,0.00,,,0,0,1,0,0
main,40.00,pelican0901,334544.6,3114494.5,1330.1096,1330.1096,1330.1096,ok,167.2,85.315616,28.144312,1459.8,2.05,7.24,129.69922,capped-by-s2chg,ok,93.8,85.314783,28.146535,1416.6,1.75,15.03,86.53162,capped-by-s2chg,,0,261.0,4290.8,3.74,,,,,,,,,,,1.00,1,1,36.75,36.75,0.00,0.00,,,0,0,1,0,0
main,40.10,s2,334447.6,3114469.7,1328.8827,1328.8827,1328.8827,ok,145.0,85.314707,28.144361,1434.7,0.67,12.93,105.77405,,ok,65.0,85.313836,28.145992,1389.3,2.03,30.95,60.436157,,83.1,2,210.0,367.7,44.37,R,-45.34,33.54,,,,,,,,0.88,1,1,45.00,35.00,0.00,0.00,,,0,0,0,1,0
main,40.10,s2chg,334447.6,3114469.7,1328.8827,1328.8827,1328.8827,ok,145.0,85.314707,28.144361,1434.7,0.67,12.93,105.77405,,ok,65.0,85.313836,28.145992,1389.3,2.03,30.95,60.436157,,83.1,2,210.0,367.7,44.37,R,-45.34,33.54,,,,,,,,0.88,1,1,45.00,35.00,0.00,0.00,,,0,0,0,1,0
main,40.10,pelican0827,334447.6,3114469.7,1328.8827,1328.8827,1328.8827,ok,153.8,85.314764,28.144255,1442.8,0.78,8.89,113.8833,,ok,66.8,85.313810,28.146041,1403.0,2.19,7.66,74.08484,,94.0,2,220.5,367.7,44.37,R,-39.80,11.73,,,,,,,,1.00,1,1,44.25,33.75,0.00,0.00,,,0,0,0,1,0
main,40.10,pelican0901,334447.6,3114469.7,1328.8827,1328.8827,1328.8827,ok,158.2,85.314784,28.144218,1445.8,0.82,9.13,116.87097,capped-by-s2chg,ok,81.8,85.313744,28.146163,1435.0,2.42,19.31,106.11755,capped-by-s2chg,,0,240.0,367.7,44.37,R,-10.75,21.36,,,,,,,,1.00,1,1,44.25,33.75,0.00,0.00,,,0,0,0,0,0
main,40.20,s2,334359.5,3114424.4,1327.7462,1327.7462,1327.7462,ok,145.0,85.314310,28.144284,1431.0,0.78,12.11,103.23828,sharp-bend,ok,55.0,85.312812,28.145368,1372.5,2.18,33.19,44.79773,sharp-bend,,0,200.0,269.3,65.8,,,,,,,,,,,0.95,1,1,55.0,25.00,0.00,0.00,,,0,0,1,1,0
main,40.20,s2chg,334359.5,3114424.4,1327.7462,1327.7462,1327.7462,ok,145.0,85.314310,28.144284,1431.0,0.78,12.11,103.23828,sharp-bend,ok,55.0,85.312812,28.145368,1372.5,2.18,33.19,44.79773,sharp-bend,,0,200.0,269.3,65.8,,,,,,,,,,,0.95,1,1,55.0,25.00,0.00,0.00,,,0,0,1,1,0
main,40.20,pelican0827,334359.5,3114424.4,1327.7462,1327.7462,1327.7462,ok,159.8,85.314460,28.144175,1430.4,0.86,9.35,102.67407,sharp-bend;capped-by-s2chg,ok,63.8,85.312709,28.145442,1413.5,4.18,13.63,85.73572,sharp-bend,,0,223.5,269.3,65.8,,,,,,,,,,,1.00,1,1,53.2,24.75,0.00,0.00,,,0,0,0,1,0
main,40.20,pelican0901,334359.5,3114424.4,1327.7462,1327.7462,1327.7462,ok,159.8,85.314460,28.144175,1430.4,0.86,9.35,102.67407,sharp-bend;capped-by-s2chg,ok,69.8,85.312662,28.145476,1441.9,4.45,14.43,114.109985,sharp-bend;capped-by-s2chg,,0,229.5,269.3,65.8,,,,,,,,,,,1.00,1,1,53.2,24.75,0.00,0.00,,,0,0,0,1,0
main,40.30,s2,334325.4,3114336.3,1324.5052,1324.5052,1324.5052,ok,125.0,85.314065,28.144050,1422.4,0.99,17.90,97.86658,,ok,105.0,85.311877,28.144477,1403.6,1.08,16.53,79.13098,,88.5,2,230.0,320.9,52.4,R,-18.74,24.37,,,,,,,,0.89,1,1,45.00,35.00,0.00,0.00,,,0,0,0,1,0
main,40.30,s2chg,334325.4,3114336.3,1324.5052,1324.5052,1324.5052,ok,125.0,85.314065,28.144050,1422.4,0.99,17.90,97.86658,,ok,105.0,85.311877,28.144477,1403.6,1.08,16.53,79.13098,,88.5,2,230.0,320.9,52.4,R,-18.74,24.37,,,,,,,,0.89,1,1,45.00,35.00,0.00,0.00,,,0,0,0,1,0
main,40.30,pelican0827,334325.4,3114336.3,1324.5052,1324.5052,1324.5052,ok,143.2,85.314288,28.144006,1439.0,1.01,10.31,114.54065,,ok,119.2,85.311693,28.144513,1417.6,0.93,3.96,93.045044,capped-by-s2chg,114.5,1,262.5,320.9,52.4,R,-21.50,11.05,,,,,,,,1.00,1,1,45.75,36.75,0.00,0.00,,,0,0,0,1,0
main,40.30,pelican0901,334325.4,3114336.3,1324.5052,1324.5052,1324.5052,ok,143.2,85.314288,28.144006,1439.0,1.01,10.31,114.54065,capped-by-s2chg,ok,119.2,85.311693,28.144513,1417.6,0.93,3.96,93.045044,capped-by-s2chg,,0,262.5,320.9,52.4,R,-21.50,11.05,,,,,,,,1.00,1,1,45.75,36.75,0.00,0.00,,,0,0,0,1,0
main,40.40,s2,334336.1,3114237.2,1341.7452,1324.5052,1324.5052,ok,35.00,85.313300,28.143393,1406.0,1.47,22.56,81.51306,,ok,125.0,85.311773,28.143377,1399.4,0.95,14.66,74.90088,,78.2,2,160.0,4095.0,3.67,,,,,,,,,,,0.99,1,1,5.00,35.00,0.00,0.00,,,0,0,1,1,0
main,40.40,s2chg,334336.1,3114237.2,1341.7452,1324.5052,1324.5052,ok,35.00,85.313300,28.143393,1406.0,1.47,22.56,81.51306,,ok,125.0,85.311773,28.143377,1399.4,0.95,14.66,74.90088,,78.2,2,160.0,4095.0,3.67,,,,,,,,,,,0.99,1,1,5.00,35.00,0.00,0.00,,,0,0,1,1,0
main,40.40,pelican0827,334336.1,3114237.2,1341.7452,1324.5052,1324.5052,ok,48.75,85.313483,28.143395,1428.1,1.36,5.22,103.5968,capped-by-s2chg,ok,138.8,85.311590,28.143376,1414.6,0.81,3.62,90.09607,,90.1,1,187.5,4095.0,3.67,,,,,,,,,,,1.00,1,1,3.75,36.75,0.00,0.00,,,0,0,1,1,0
main,40.40,pelican0901,334336.1,3114237.2,1341.7452,1324.5052,1324.5052,ok,48.75,85.313483,28.143395,1428.1,1.36,5.22,103.5968,capped-by-s2chg,ok,141.8,85.311559,28.143375,1416.9,0.80,3.60,92.38916,capped-by-s2chg,,0,190.5,4095.0,3.67,,,,,,,,,,,1.00,1,1,3.75,36.75,0.00,0.00,,,0,0,1,1,0
main,40.50,s2,334333.8,3114137.9,1361.6075,1324.5052,1324.5052,no-bare,,,,,,,,,ok,135.0,85.311678,28.142672,1386.5,0.63,12.27,62.044434,,62.0,1,,262.4,56.5,,,,,,,,,,,1.00,,1,,45.00,,10.00,,,,0,,0,0
main,40.50,s2chg,334333.8,3114137.9,1361.6075,1324.5052,1324.5052,no-bare,,,,,,,,,ok,135.0,85.311678,28.142672,1386.5,0.63,12.27,62.044434,,62.0,1,,262.4,56.5,,,,,,,,,,,1.00,,1,,45.00,,10.00,,,,0,,0,0
main,40.50,pelican0827,334333.8,3114137.9,1361.6075,1324.5052,1324.5052,ok,87.8,85.313861,28.142375,1561.8,0.50,2.75,237.27661,uncapped-s2-no-bare,ok,150.8,85.311476,28.142699,1385.5,0.70,8.37,61.004272,capped-by-s2chg,,0,238.5,262.4,56.5,L,176.3,8.81,43.62,31.20,60.9,weak,,,1.14,1.00,1,1,,44.25,0.00,0.00,,,0,0,1,0,0
main,40.50,pelican0901,334333.8,3114137.9,1361.6075,1324.5052,1324.5052,open,,,,,,,,uncapped-s2-no-bare,ok,150.8,85.311476,28.142699,1385.5,0.70,8.37,61.004272,capped-by-s2chg,,0,,262.4,56.5,,,,,,,,,,,1.00,,1,,44.25,0.00,0.00,600.0,,,0,,0,0
main,40.60,s2,334316.1,3114040.4,1345.9666,1324.5052,1324.5052,truncated,,,,,,,,sharp-bend,truncated,,,,,,,,sharp-bend,,0,,178.4,101.2,,,,,,,,,,,0.87,,,,,,,,,,,,,0
main,40.60,s2chg,334316.1,3114040.4,1345.9666,1324.5052,1324.5052,truncated,,,,,,,,sharp-bend,truncated,,,,,,,,sharp-bend,,0,,178.4,101.2,,,,,,,,,,,0.87,,,,,,,,,,,,,0
main,40.60,pelican0827,334316.1,3114040.4,1345.9666,1324.5052,1324.5052,ok,11.25,85.312903,28.141553,1526.4,1.17,11.35,201.92249,sharp-bend;uncapped-s2-truncated,ok,278.2,85.310617,28.143180,1399.7,0.98,4.09,75.17529,sharp-bend;uncapped-s2-truncated,,0,289.5,178.4,101.2,,,,,,,,,,,1.00,1,1,,98.2,0.00,0.00,,,0,0,0,1,0
main,40.60,pelican0901,334316.1,3114040.4,1345.9666,1324.5052,1324.5052,open,,,,,,,,sharp-bend;uncapped-s2-truncated,ok,359.2,85.309974,28.143638,1417.8,0.65,3.16,93.27405,sharp-bend;uncapped-s2-truncated,,0,,178.4,101.2,,,,,,,,,,,1.00,,1,,98.2,0.00,0.00,600.0,,,0,,1,0
main,40.70,s2,334236.2,3113989.3,1336.8599,1336.8599,1324.5052,truncated,,,,,,,,sharp-bend,truncated,,,,,,,,sharp-bend,,0,,194.4,89.1,,,,,,,,,,,0.87,,,,,,,,,,,,,0
main,40.70,s2chg,334236.2,3113989.3,1336.8599,1336.8599,1324.5052,truncated,,,,,,,,sharp-bend,truncated,,,,,,,,sharp-bend,,0,,194.4,89.1,,,,,,,,,,,0.87,,,,,,,,,,,,,0
main,40.70,pelican0827,334236.2,3113989.3,1336.8599,1336.8599,1324.5052,ok,29.25,85.312042,28.140885,1468.8,0.99,4.13,131.97339,sharp-bend;uncapped-s2-truncated,ok,282.8,85.311720,28.143672,1429.4,1.22,4.79,92.54321,sharp-bend;uncapped-s2-truncated,,0,312.0,194.4,89.1,,,,,,,,,,,1.00,1,1,,101.2,0.00,0.00,,,0,0,1,1,0
main,40.70,pelican0901,334236.2,3113989.3,1336.8599,1336.8599,1324.5052,open,,,,,,,,sharp-bend;uncapped-s2-truncated,ok,542.2,85.311452,28.146002,1577.0,0.85,9.32,240.11707,sharp-bend;uncapped-s2-truncated,,0,,194.4,89.1,,,,,,,,,,,1.00,,1,,101.2,0.00,0.00,600.0,,,0,,0,0
main,40.80,s2,334151.3,3114039.4,1330.961,1330.961,1324.5052,ok,105.0,85.310776,28.140740,1406.0,0.59,11.64,75.00745,,ok,475.0,85.312861,28.145540,1396.0,3.58,54.4,65.0354,,70.0,2,580.0,523.5,25.40,L,9.97,55.6,,,,,,,,1.00,1,1,5.00,55.0,0.00,0.00,,,0,0,0,1,0
main,40.80,s2chg,334151.3,3114039.4,1330.961,1330.961,1324.5052,ok,105.0,85.310776,28.140740,1406.0,0.59,11.64,75.00745,,ok,475.0,85.312861,28.145540,1396.0,3.58,54.4,65.0354,,70.0,2,580.0,523.5,25.40,L,9.97,55.6,,,,,,,,1.00,1,1,5.00,55.0,0.00,0.00,,,0,0,0,1,0
main,40.80,pelican0827,334151.3,3114039.4,1330.961,1330.961,1324.5052,ok,111.8,85.310736,28.140647,1411.7,0.69,8.31,80.71472,,ok,474.8,85.312876,28.145574,1402.3,3.56,11.77,71.324585,,76.0,2,586.5,523.5,25.40,L,9.39,14.41,,,,,,,,1.00,1,1,3.75,54.8,0.00,0.00,,,0,0,0,1,0
main,40.80,pelican0901,334151.3,3114039.4,1330.961,1330.961,1324.5052,ok,122.2,85.310697,28.140559,1416.0,0.77,8.79,85.08313,capped-by-s2chg,ok,489.8,85.312931,28.145700,1427.2,3.15,10.55,96.26367,capped-by-s2chg,,0,612.0,523.5,25.40,L,-11.18,13.73,,,,,,,,1.00,1,1,3.75,54.8,0.00,0.00,,,0,0,0,1,0
main,40.90,s2,334069.7,3114097.1,1320.7585,1320.7585,1320.7585,ok,145.0,85.310058,28.140848,1409.9,0.37,6.03,89.15686,,ok,115.0,85.310496,28.143070,1378.0,0.89,16.30,57.207397,,73.2,2,260.0,380.1,41.22,R,-31.95,17.38,,,,,,,,1.00,1,1,25.00,75.0,0.00,0.00,,,0,0,1,0,0
main,40.90,s2chg,334069.7,3114097.1,1320.7585,1320.7585,1320.7585,ok,145.0,85.310058,28.140848,1409.9,0.37,6.03,89.15686,,ok,115.0,85.310496,28.143070,1378.0,0.89,16.30,57.207397,,73.2,2,260.0,380.1,41.22,R,-31.95,17.38,,,,,,,,1.00,1,1,25.00,75.0,0.00,0.00,,,0,0,1,0,0
main,40.90,pelican0827,334069.7,3114097.1,1320.7585,1320.7585,1320.7585,ok,153.8,85.310035,28.140733,1413.8,0.60,3.03,93.05347,,ok,129.8,85.310530,28.143239,1396.7,0.98,10.14,75.98694,capped-by-s2chg,93.1,1,283.5,380.1,41.22,R,-17.07,10.58,,,,,,,,1.00,1,1,27.75,74.2,0.00,0.00,,,0,0,1,0,0
main,40.90,pelican0901,334069.7,3114097.1,1320.7585,1320.7585,1320.7585,ok,164.2,85.310016,28.140639,1413.2,0.64,7.96,92.395996,capped-by-s2chg,ok,129.8,85.310530,28.143239,1396.7,0.98,10.14,75.98694,capped-by-s2chg,,0,294.0,380.1,41.22,R,-16.41,12.89,,,,,,,,1.00,1,1,27.75,74.2,0.00,0.00,,,0,0,0,0,0
main,41.00,s2,333976.6,3114089.1,1316.1152,1316.1152,1316.1152,ok,135.0,85.309749,28.140888,1416.0,0.61,9.57,99.91138,sharp-bend,ok,65.0,85.309175,28.142526,1379.4,1.34,20.56,63.26819,sharp-bend,,0,200.0,283.8,61.2,,,,,,,,,,,1.00,1,1,15.00,25.00,0.00,0.00,,,0,0,1,1,0
main,41.00,s2chg,333976.6,3114089.1,1316.1152,1316.1152,1316.1152,ok,135.0,85.309749,28.140888,1416.0,0.61,9.57,99.91138,sharp-bend,ok,65.0,85.309175,28.142526,1379.4,1.34,20.56,63.26819,sharp-bend,,0,200.0,283.8,61.2,,,,,,,,,,,1.00,1,1,15.00,25.00,0.00,0.00,,,0,0,1,1,0
main,41.00,pelican0827,333976.6,3114089.1,1316.1152,1316.1152,1316.1152,ok,146.2,85.309796,28.140755,1423.1,0.68,3.25,106.96338,sharp-bend,ok,75.8,85.309130,28.142655,1386.8,0.50,2.74,70.71069,sharp-bend,,0,222.0,283.8,61.2,,,,,,,,,,,1.00,1,1,20.25,21.75,0.00,0.00,,,0,0,1,1,0
main,41.00,pelican0901,333976.6,3114089.1,1316.1152,1316.1152,1316.1152,ok,149.2,85.309805,28.140729,1425.2,0.70,3.29,109.04114,sharp-bend;capped-by-s2chg,ok,78.8,85.309121,28.142681,1387.2,0.60,3.02,71.10803,sharp-bend;capped-by-s2chg,,0,228.0,283.8,61.2,,,,,,,,,,,1.00,1,1,20.25,21.75,0.00,0.00,,,0,0,1,1,0
main,41.10,s2,333898.9,3114026.3,1317.6172,1316.1152,1316.1152,ok,135.0,85.309379,28.140501,1429.4,0.70,10.85,113.32617,side-valley,ok,75.0,85.308140,28.141933,1375.5,1.55,26.84,59.388428,,59.4,1,210.0,412.0,39.17,R,-53.9,28.95,,,,,,,,0.72,1,1,35.00,15.00,0.00,0.00,,,0,0,1,0,0
main,41.10,s2chg,333898.9,3114026.3,1317.6172,1316.1152,1316.1152,ok,135.0,85.309379,28.140501,1429.4,0.70,10.85,113.32617,side-valley,ok,75.0,85.308140,28.141933,1375.5,1.55,26.84,59.388428,,59.4,1,210.0,412.0,39.17,R,-53.9,28.95,,,,,,,,0.72,1,1,35.00,15.00,0.00,0.00,,,0,0,1,0,0
main,41.10,pelican0827,333898.9,3114026.3,1317.6172,1316.1152,1316.1152,ok,132.8,85.309391,28.140487,1432.3,0.69,3.28,116.208496,side-valley;uncapped-s2-truncated,ok,86.2,85.308044,28.142044,1400.9,1.75,15.01,84.80554,,84.8,1,219.0,412.0,39.17,R,-31.40,15.37,,,,,,,,1.00,1,1,32.25,17.25,0.00,0.00,,,0,0,1,0,0
main,41.10,pelican0901,333898.9,3114026.3,1317.6172,1316.1152,1316.1152,open,,,,,,,,side-valley;uncapped-s2-truncated,ok,93.8,85.307998,28.142098,1416.4,1.83,15.51,100.29663,capped-by-s2chg,,0,,412.0,39.17,,,,,,,,,,,1.00,,1,,17.25,0.00,0.00,600.0,,,0,,0,0
main,41.20,s2,333821.1,3113963.4,1317.261,1316.1152,1316.1152,ok,175.0,85.308948,28.139714,1423.1,0.80,12.39,107.02124,,truncated,,,,,,,,side-valley,107.0,1,,929.2,17.98,,,,,,,,,,,0.71,1,,35.00,,0.00,0.00,,20.00,0,,1,,0
main,41.20,s2chg,333821.1,3113963.4,1317.261,1316.1152,1316.1152,ok,175.0,85.308948,28.139714,1423.1,0.80,12.39,107.02124,,truncated,,,,,,,,side-valley,107.0,1,,929.2,17.98,,,,,,,,,,,0.71,1,,35.00,,0.00,0.00,,20.00,0,,1,,0
main,41.20,pelican0827,333821.1,3113963.4,1317.261,1316.1152,1316.1152,ok,138.8,85.308730,28.139929,1414.5,0.68,3.24,98.35596,capped-by-s2chg,ok,129.8,85.306913,28.141721,1444.3,2.93,9.89,128.14417,side-valley;uncapped-s2-truncated,,0,268.5,929.2,17.98,R,29.79,10.41,31.80,18.82,50.3,strong,19556,528603,0.95,1.00,1,1,30.75,62.2,0.00,0.00,,,0,0,1,1,0
main,41.20,pelican0901,333821.1,3113963.4,1317.261,1316.1152,1316.1152,ok,138.8,85.308730,28.139929,1414.5,0.68,3.24,98.35596,capped-by-s2chg,truncated,,,,,,,,side-valley;uncapped-s2-truncated,,0,,929.2,17.98,,,,,,,,,,,0.85,1,,30.75,,0.00,0.00,,415.5,0,,1,,0
main,41.30,s2,333747.7,3113895.9,1317.1375,1316.1152,1316.1152,ok,105.0,85.307765,28.139592,1414.2,0.79,12.25,98.06555,,truncated,,,,,,,,side-valley,98.1,1,,1683.0,10.19,,,,,,,,,,,0.57,1,,15.00,,20.00,,,,0,,1,,0
main,41.30,s2chg,333747.7,3113895.9,1317.1375,1316.1152,1316.1152,ok,105.0,85.307765,28.139592,1414.2,0.79,12.25,98.06555,,truncated,,,,,,,,side-valley,98.1,1,,1683.0,10.19,,,,,,,,,,,0.57,1,,15.00,,20.00,,,,0,,1,,0
main,41.30,pelican0827,333747.7,3113895.9,1317.1375,1316.1152,1316.1152,ok,105.8,85.307801,28.139559,1418.0,0.78,3.54,101.92224,,ok,105.8,85.306306,28.140914,1402.1,3.06,10.28,86.034424,side-valley;uncapped-s2-truncated,101.9,1,211.5,1683.0,10.19,R,-15.89,10.87,,,,,,,,1.00,1,1,17.25,26.25,0.00,0.00,,,0,0,1,1,0
main,41.30,pelican0901,333747.7,3113895.9,1317.1375,1316.1152,1316.1152,ok,119.2,85.307897,28.139472,1426.0,0.45,2.60,109.92175,capped-by-s2chg,ok,111.8,85.306263,28.140953,1422.0,3.62,11.94,105.90344,side-valley;uncapped-s2-truncated,,0,231.0,1683.0,10.19,R,-4.02,12.22,,,,,,,,0.83,1,1,17.25,26.25,0.00,0.00,,,0,0,1,1,0
main,41.40,s2,333676.9,3113825.4,1317.9572,1317.1375,1316.1152,ok,35.00,85.306575,28.139416,1393.9,1.32,20.16,76.781494,side-valley,truncated,,,,,,,,,,0,,1409.7,12.18,,,,,,,,,,,0.52,1,,15.00,,0.00,0.00,,20.00,0,,1,,0
main,41.40,s2chg,333676.9,3113825.4,1317.9572,1317.1375,1316.1152,ok,35.00,85.306575,28.139416,1393.9,1.32,20.16,76.781494,side-valley,truncated,,,,,,,,,,0,,1409.7,12.18,,,,,,,,,,,0.52,1,,15.00,,0.00,0.00,,20.00,0,,1,,0
main,41.40,pelican0827,333676.9,3113825.4,1317.9572,1317.1375,1316.1152,ok,38.25,85.306633,28.139372,1399.4,1.40,5.33,82.29822,side-valley,ok,105.8,85.305530,28.140207,1444.7,2.02,7.18,127.531006,uncapped-s2-truncated,,0,144.0,1409.7,12.18,R,45.23,8.94,65.9,43.32,98.3,strong,11136,623857,2.05,1.00,1,1,17.25,35.25,0.00,0.00,,,0,0,1,1,0
main,41.40,pelican0901,333676.9,3113825.4,1317.9572,1317.1375,1316.1152,ok,53.2,85.306749,28.139284,1394.5,1.23,11.73,77.332886,side-valley;capped-by-s2chg,ok,95.2,85.305611,28.140146,1409.7,1.85,6.65,92.51343,uncapped-s2-truncated,,0,148.5,1409.7,12.18,R,15.18,13.49,37.60,9.21,70.4,weak,,,1.30,0.76,1,1,17.25,35.25,0.00,0.00,,,0,0,0,1,0
main,41.50,s2,333614.6,3113747.8,1315.2843,1315.2843,1315.2843,ok,105.0,85.306531,28.138338,1394.3,0.70,10.82,78.97705,,ok,65.0,85.305233,28.139211,1368.4,1.57,23.95,53.165283,,66.1,2,170.0,1394.9,12.29,R,-25.81,26.28,,,,,,,,0.69,1,1,35.00,35.00,10.00,50.00,,,0,0,1,1,0
main,41.50,s2chg,333614.6,3113747.8,1315.2843,1315.2843,1315.2843,ok,105.0,85.306531,28.138338,1394.3,0.70,10.82,78.97705,,ok,65.0,85.305233,28.139211,1368.4,1.57,23.95,53.165283,,66.1,2,170.0,1394.9,12.29,R,-25.81,26.28,,,,,,,,0.69,1,1,35.00,35.00,10.00,50.00,,,0,0,1,1,0
main,41.50,pelican0827,333614.6,3113747.8,1315.2843,1315.2843,1315.2843,ok,122.2,85.306705,28.138221,1409.7,1.23,4.82,94.46277,,ok,84.8,85.305038,28.139342,1404.7,1.95,6.96,89.4198,capped-by-s2chg,94.5,1,207.0,1394.9,12.29,R,-5.04,8.47,,,,,,,,1.00,1,1,32.25,36.75,0.00,0.00,,,0,0,1,1,0
main,41.50,pelican0901,333614.6,3113747.8,1315.2843,1315.2843,1315.2843,ok,123.8,85.306717,28.138213,1411.9,1.30,5.05,96.58154,capped-by-s2chg,ok,84.8,85.305038,28.139342,1404.7,1.95,6.96,89.4198,capped-by-s2chg,,0,208.5,1394.9,12.29,R,-7.16,8.60,,,,,,,,1.00,1,1,32.25,36.75,0.00,0.00,,,0,0,1,1,0
main,41.60,s2,333557.2,3113666.1,1315.6974,1315.2843,1315.2843,ok,155.0,85.306440,28.137419,1401.0,0.87,15.93,85.75574,,ok,125.0,85.304113,28.138716,1403.2,0.89,16.37,87.921875,,86.8,2,280.0,1533.1,11.17,R,2.17,22.84,,,,,,,,0.98,1,1,25.00,25.00,10.00,30.00,,,0,0,0,0,0
main,41.60,s2chg,333557.2,3113666.1,1315.6974,1315.2843,1315.2843,ok,155.0,85.306440,28.137419,1401.0,0.87,15.93,85.75574,,ok,125.0,85.304113,28.138716,1403.2,0.89,16.37,87.921875,,86.8,2,280.0,1533.1,11.17,R,2.17,22.84,,,,,,,,0.98,1,1,25.00,25.00,10.00,30.00,,,0,0,0,0,0
main,41.60,pelican0827,333557.2,3113666.1,1315.6974,1315.2843,1315.2843,ok,171.8,85.306621,28.137318,1428.0,1.39,12.74,112.71924,,ok,143.2,85.303919,28.138824,1416.1,0.82,9.09,100.843994,capped-by-s2chg,112.7,1,315.0,1533.1,11.17,R,-11.88,15.65,,,,,,,,1.00,1,1,29.25,20.25,0.00,0.00,,,0,0,0,0,0
main,41.60,pelican0901,333557.2,3113666.1,1315.6974,1315.2843,1315.2843,ok,173.2,85.306634,28.137310,1430.1,1.43,12.97,114.80737,capped-by-s2chg,ok,143.2,85.303919,28.138824,1416.1,0.82,9.09,100.843994,capped-by-s2chg,,0,316.5,1533.1,11.17,R,-13.96,15.83,,,,,,,,1.00,1,1,29.25,20.25,0.00,0.00,,,0,0,0,0,0
main,41.70,s2,333502.6,3113582.8,1337.4276,1315.2843,1315.2843,ok,105.0,85.305492,28.136941,1379.2,0.46,9.68,63.91797,,truncated,,,,,,,,,63.9,1,,1910.3,8.97,,,,,,,,,,,0.98,1,,,,0.00,0.00,,20.00,0,,0,,0
main,41.70,s2chg,333502.6,3113582.8,1337.4276,1315.2843,1315.2843,ok,105.0,85.305492,28.136941,1379.2,0.46,9.68,63.91797,,truncated,,,,,,,,,63.9,1,,1910.3,8.97,,,,,,,,,,,0.98,1,,,,0.00,0.00,,20.00,0,,0,,0
main,41.70,pelican0827,333502.6,3113582.8,1337.4276,1315.2843,1315.2843,ok,107.2,85.305550,28.136912,1382.3,0.45,6.76,67.01611,,ok,57.8,85.304097,28.137631,1382.9,1.16,4.63,67.65405,uncapped-s2-truncated,67.0,1,165.0,1910.3,8.97,R,0.64,8.19,,,,,,,,1.00,1,1,,,0.00,0.00,,,0,0,0,1,0
main,41.70,pelican0901,333502.6,3113582.8,1337.4276,1315.2843,1315.2843,ok,120.8,85.305670,28.136853,1387.1,0.41,6.53,71.82092,capped-by-s2chg,truncated,,,,,,,,uncapped-s2-truncated,,0,,1910.3,8.97,,,,,,,,,,,0.81,1,,,,0.00,0.00,,367.5,0,,0,,0
main,41.80,s2,333458.7,3113493.2,1313.9406,1313.9406,1313.9406,truncated,,,,,,,,,truncated,,,,,,,,,,0,,6470.1,2.62,,,,,,,,,,,0.93,,,,,10.00,20.00,20.00,20.00,,,,,0
main,41.80,s2chg,333458.7,3113493.2,1313.9406,1313.9406,1313.9406,truncated,,,,,,,,,truncated,,,,,,,,,,0,,6470.1,2.62,,,,,,,,,,,0.93,,,,,10.00,20.00,20.00,20.00,,,,,0
main,41.80,pelican0827,333458.7,3113493.2,1313.9406,1313.9406,1313.9406,ok,194.2,85.305937,28.135796,1444.2,0.60,7.74,130.28564,uncapped-s2-truncated,ok,62.2,85.303607,28.136812,1380.9,1.41,12.88,66.98291,uncapped-s2-truncated,,0,256.5,6470.1,2.62,,,,,,,,,,,0.92,1,1,45.75,9.75,0.00,0.00,,,0,0,0,0,0
main,41.80,pelican0901,333458.7,3113493.2,1313.9406,1313.9406,1313.9406,truncated,,,,,,,,uncapped-s2-truncated,truncated,,,,,,,,uncapped-s2-truncated,,0,,6470.1,2.62,,,,,,,,,,,0.27,,,,,,,,,,,,,0
main,41.90,s2,333414.8,3113403.6,1315.6364,1313.9406,1313.9406,truncated,,,,,,,,,truncated,,,,,,,,,,0,,5802.3,2.85,,,,,,,,,,,0.96,,,,,0.00,0.00,0.00,10.00,,,,,0
main,41.90,s2chg,333414.8,3113403.6,1315.6364,1313.9406,1313.9406,truncated,,,,,,,,,truncated,,,,,,,,,,0,,5802.3,2.85,,,,,,,,,,,0.96,,,,,0.00,0.00,0.00,10.00,,,,,0
main,41.90,pelican0827,333414.8,3113403.6,1315.6364,1313.9406,1313.9406,ok,318.8,85.306545,28.134327,1549.2,0.82,9.10,235.26196,uncapped-s2-truncated,ok,66.8,85.303152,28.136049,1354.3,1.15,11.19,40.375244,uncapped-s2-truncated,,0,385.5,5802.3,2.85,,,,,,,,,,,0.87,1,1,26.25,39.75,0.00,0.00,,,0,0,0,0,0
main,41.90,pelican0901,333414.8,3113403.6,1315.6364,1313.9406,1313.9406,truncated,,,,,,,,uncapped-s2-truncated,truncated,,,,,,,,uncapped-s2-truncated,,0,,5802.3,2.85,,,,,,,,,,,0.05,,,,,,,,,,,,,0
main,42.00,s2,333368.4,3113316.0,1315.0028,1313.9406,1313.9406,ok,85.0,85.303994,28.134619,1380.6,1.37,20.92,66.68469,,truncated,,,,,,,,side-valley,66.7,1,,1436.4,11.50,,,,,,,,,,,0.90,1,,45.00,,0.00,0.00,,0.00,0,,1,,0
main,42.00,s2chg,333368.4,3113316.0,1315.0028,1313.9406,1313.9406,ok,85.0,85.303994,28.134619,1380.6,1.37,20.92,66.68469,,truncated,,,,,,,,side-valley,66.7,1,,1436.4,11.50,,,,,,,,,,,0.90,1,,45.00,,0.00,0.00,,0.00,0,,1,,0
main,42.00,pelican0827,333368.4,3113316.0,1315.0028,1313.9406,1313.9406,ok,74.2,85.303936,28.134646,1371.9,1.31,5.07,57.913086,,ok,66.8,85.302681,28.135236,1380.5,2.73,9.27,66.55676,side-valley;uncapped-s2-truncated,57.9,1,141.0,1436.4,11.50,L,-8.64,10.57,,,,,,,,0.80,1,1,47.25,20.25,0.00,0.00,,,0,0,1,1,0
main,42.00,pelican0901,333368.4,3113316.0,1315.0028,1313.9406,1313.9406,truncated,,,,,,,,,truncated,,,,,,,,side-valley;uncapped-s2-truncated,,0,,1436.4,11.50,,,,,,,,,,,0.42,,,,,,,,,,,,,0
main,42.10,s2,333295.0,3113251.2,1312.6649,1312.6649,1312.6649,truncated,,,,,,,,side-valley,ok,15.00,85.302453,28.134414,1319.8,1.03,15.85,7.1468506,,7.15,1,,9971.1,1.64,,,,,,,,,,,0.74,,1,,5.00,0.00,0.00,0.00,,,0,,1,0
main,42.10,s2chg,333295.0,3113251.2,1312.6649,1312.6649,1312.6649,truncated,,,,,,,,side-valley,ok,15.00,85.302453,28.134414,1319.8,1.03,15.85,7.1468506,,7.15,1,,9971.1,1.64,,,,,,,,,,,0.74,,1,,5.00,0.00,0.00,0.00,,,0,,1,0
main,42.10,pelican0827,333295.0,3113251.2,1312.6649,1312.6649,1312.6649,ok,147.8,85.303773,28.133615,1440.6,3.84,12.61,127.93799,side-valley;uncapped-s2-truncated;no-change-in-run,ok,30.75,85.302285,28.134515,1343.4,1.13,4.55,30.776855,,30.78,1,178.5,9971.1,1.64,,,,,,,,,,,1.00,0,1,128.2,6.75,0.00,0.00,,,0,0,1,1,0
main,42.10,pelican0901,333295.0,3113251.2,1312.6649,1312.6649,1312.6649,truncated,,,,,,,,side-valley;uncapped-s2-truncated,truncated,,,,,,,,,,0,,9971.1,1.64,,,,,,,,,,,0.47,,,,,,,,,,,,,0
main,42.20,s2,333270.5,3113166.4,1313.3967,1312.6649,1312.6649,ok,115.0,85.303194,28.132997,1366.7,1.73,26.38,53.99951,side-valley,ok,55.0,85.301893,28.133866,1351.2,1.15,17.68,38.550415,,38.55,1,170.0,3045.7,5.36,,,,,,,,,,,0.64,1,1,55.0,25.00,20.00,20.00,,,0,0,1,1,0
main,42.20,s2chg,333270.5,3113166.4,1313.3967,1312.6649,1312.6649,ok,115.0,85.303194,28.132997,1366.7,1.73,26.38,53.99951,side-valley,ok,55.0,85.301893,28.133866,1351.2,1.15,17.68,38.550415,,38.55,1,170.0,3045.7,5.36,,,,,,,,,,,0.64,1,1,55.0,25.00,20.00,20.00,,,0,0,1,1,0
main,42.20,pelican0827,333270.5,3113166.4,1313.3967,1312.6649,1312.6649,ok,128.2,85.303336,28.132902,1396.6,1.59,5.88,83.94141,side-valley;capped-by-s2chg,ok,65.2,85.301775,28.133944,1362.2,0.77,3.50,49.52893,,49.53,1,193.5,3045.7,5.36,,,,,,,,,,,1.00,1,1,59.2,21.75,0.00,0.00,,,0,0,1,1,0
main,42.20,pelican0901,333270.5,3113166.4,1313.3967,1312.6649,1312.6649,truncated,,,,,,,,side-valley,truncated,,,,,,,,,,0,,3045.7,5.36,,,,,,,,,,,0.84,,,,,,,,,,,,,0
main,42.30,s2,333197.1,3113098.5,1312.2665,1312.2665,1312.2665,truncated,,,,,,,,side-valley,truncated,,,,,,,,,,0,,982.0,16.13,,,,,,,,,,,0.56,,,,,0.00,0.00,120.0,0.00,,,,,0
main,42.30,s2chg,333197.1,3113098.5,1312.2665,1312.2665,1312.2665,ok,95.0,85.302275,28.132462,1323.0,0.91,13.98,10.729614,side-valley,truncated,,,,,,,,,,0,,982.0,16.13,,,,,,,,,,,0.56,1,,75.0,,0.00,0.00,,0.00,0,,1,,0
main,42.30,pelican0827,333197.1,3113098.5,1312.2665,1312.2665,1312.2665,ok,110.2,85.302430,28.132352,1354.4,1.93,16.19,42.120117,side-valley;capped-by-s2chg;prebare-at-trim,ok,89.2,85.300861,28.133474,1366.8,1.93,16.18,54.549805,uncapped-s2-truncated,,0,199.5,982.0,16.13,R,12.43,22.89,,,,,,,,0.65,1,1,75.8,60.8,0.00,0.00,,,1,0,0,0,0
main,42.30,pelican0901,333197.1,3113098.5,1312.2665,1312.2665,1312.2665,truncated,,,,,,,,side-valley,truncated,,,,,,,,uncapped-s2-truncated,,0,,982.0,16.13,,,,,,,,,,,0.41,,,,,,,,,,,,,0
main,42.40,s2,333131.8,3113024.4,1310.1808,1310.1808,1310.1808,ok,125.0,85.301965,28.131752,1363.8,1.30,22.73,53.58008,side-valley,ok,75.0,85.300292,28.132612,1325.0,1.75,26.73,14.77417,,14.77,1,200.0,596.0,27.03,R,-38.81,35.09,,,,,,,,0.64,1,1,25.00,45.00,0.00,0.00,,,0,0,0,1,0
main,42.40,s2chg,333131.8,3113024.4,1310.1808,1310.1808,1310.1808,ok,125.0,85.301965,28.131752,1363.8,1.30,22.73,53.58008,side-valley,ok,75.0,85.300292,28.132612,1325.0,1.75,26.73,14.77417,,14.77,1,200.0,596.0,27.03,R,-38.81,35.09,,,,,,,,0.64,1,1,25.00,45.00,0.00,0.00,,,0,0,0,1,0
main,42.40,pelican0827,333131.8,3113024.4,1310.1808,1310.1808,1310.1808,ok,122.2,85.301978,28.131745,1365.8,1.36,12.51,55.668213,side-valley;uncapped-s2-truncated,ok,87.8,85.300142,28.132689,1370.0,2.42,8.36,59.779297,capped-by-s2chg,,0,210.0,596.0,27.03,R,4.11,15.05,,,,,,,,1.00,1,1,21.75,48.75,0.00,0.00,,,0,0,0,1,0
main,42.40,pelican0901,333131.8,3113024.4,1310.1808,1310.1808,1310.1808,truncated,,,,,,,,side-valley;uncapped-s2-truncated,truncated,,,,,,,,,,0,,596.0,27.03,,,,,,,,,,,0.43,,,,,,,,,,,,,0
main,42.50,s2,333095.8,3112931.9,1301.6361,1301.6361,1301.6361,ok,95.0,85.301444,28.131260,1367.4,1.81,27.65,65.75415,prebare-at-trim;no-change-in-run,ok,95.0,85.299666,28.131652,1355.5,0.54,10.93,53.835693,side-valley,,0,190.0,725.6,22.32,R,-11.92,29.73,,,,,,,,0.77,0,1,95.0,65.0,10.00,20.00,,,1,0,1,0,0
main,42.50,s2chg,333095.8,3112931.9,1301.6361,1301.6361,1301.6361,ok,95.0,85.301444,28.131260,1367.4,1.81,27.65,65.75415,prebare-at-trim;no-change-in-run,ok,95.0,85.299666,28.131652,1355.5,0.54,10.93,53.835693,side-valley,,0,190.0,725.6,22.32,R,-11.92,29.73,,,,,,,,0.77,0,1,95.0,65.0,10.00,20.00,,,1,0,1,0,0
main,42.50,pelican0827,333095.8,3112931.9,1301.6361,1301.6361,1301.6361,ok,102.8,85.301562,28.131234,1384.6,1.59,5.90,82.96118,,ok,105.8,85.299517,28.131685,1354.9,0.58,2.97,53.232788,side-valley,83.0,1,208.5,725.6,22.32,R,-29.73,6.61,,,,,,,,1.00,1,1,77.2,68.2,0.00,0.00,,,0,0,1,1,0
main,42.50,pelican0901,333095.8,3112931.9,1301.6361,1301.6361,1301.6361,truncated,,,,,,,,,truncated,,,,,,,,side-valley,,0,,725.6,22.32,,,,,,,,,,,0.81,,,,,,,,,,,,,0
main,42.60,s2,333094.0,3112844.5,1290.2286,1290.2286,1290.2286,ok,85.0,85.301350,28.130535,1376.8,2.98,49.71,86.61157,no-change-in-run,ok,135.0,85.299249,28.130884,1380.2,0.70,10.87,90.001465,side-valley;prebare-at-trim,,0,220.0,1593.9,9.88,L,-3.39,50.9,,,,,,,,0.85,0,1,75.0,105.0,0.00,0.00,,,0,1,0,1,0
main,42.60,s2chg,333094.0,3112844.5,1290.2286,1290.2286,1290.2286,ok,85.0,85.301350,28.130535,1376.8,2.98,49.71,86.61157,no-change-in-run,ok,115.0,85.299449,28.130850,1368.7,0.40,6.36,78.506714,side-valley,,0,200.0,1593.9,9.88,L,8.10,50.1,,,,,,,,0.85,0,1,75.0,105.0,0.00,0.00,,,0,0,0,1,0
main,42.60,pelican0827,333094.0,3112844.5,1290.2286,1290.2286,1290.2286,ok,102.8,85.301570,28.130498,1422.0,2.80,9.48,131.79822,capped-by-s2chg,ok,131.2,85.299244,28.130884,1380.6,0.70,3.29,90.365234,side-valley;capped-by-s2chg;prebare-at-trim,,0,234.0,1593.9,9.88,L,41.43,10.04,52.6,33.61,79.9,strong,15658,700296,1.59,1.00,1,1,72.8,105.8,0.00,0.00,,,0,1,1,1,0
main,42.60,pelican0901,333094.0,3112844.5,1290.2286,1290.2286,1290.2286,truncated,,,,,,,,,truncated,,,,,,,,side-valley,,0,,1593.9,9.88,,,,,,,,,,,0.81,,,,,,,,,,,,,0
main,42.70,s2,333089.8,3112749.8,1276.0922,1276.0922,1276.0922,truncated,,,,,,,,,truncated,,,,,,,,side-valley,,0,,465.4,35.93,,,,,,,,,,,0.50,,,,,,,,,,,,,0
main,42.70,s2chg,333089.8,3112749.8,1276.0922,1276.0922,1276.0922,truncated,,,,,,,,,truncated,,,,,,,,side-valley,,0,,465.4,35.93,,,,,,,,,,,0.50,,,,,,,,,,,,,0
main,42.70,pelican0827,333089.8,3112749.8,1276.0922,1276.0922,1276.0922,ok,74.2,85.301218,28.129574,1349.3,1.47,5.53,73.22583,uncapped-s2-truncated,ok,144.8,85.299152,28.130279,1364.9,0.46,2.62,88.7677,side-valley;uncapped-s2-truncated,,0,219.0,465.4,35.93,L,-15.54,6.12,,,,,,,,0.83,1,1,21.75,11.25,0.00,0.00,,,0,0,1,1,0
main,42.80,s2,333029.0,3112671.1,1289.7667,1276.0922,1276.0922,truncated,,,,,,,,side-valley,truncated,,,,,,,,,,0,,583.8,27.92,,,,,,,,,,,0.25,,,,,,,,,,,,,0
main,42.80,s2chg,333029.0,3112671.1,1289.7667,1276.0922,1276.0922,truncated,,,,,,,,side-valley,truncated,,,,,,,,,,0,,583.8,27.92,,,,,,,,,,,0.25,,,,,,,,,,,,,0
main,42.80,pelican0827,333029.0,3112671.1,1289.7667,1276.0922,1276.0922,ok,60.8,85.300389,28.128757,1376.8,1.41,5.37,100.75049,side-valley;uncapped-s2-truncated,ok,119.2,85.298968,28.129761,1357.3,0.40,2.48,81.23987,uncapped-s2-truncated,,0,180.0,583.8,27.92,L,19.51,5.91,24.92,15.26,38.76,strong,6156,130368,0.83,0.83,1,1,27.75,11.25,0.00,0.00,,,0,0,1,1,0
main,42.90,pelican0827,332948.6,3112611.5,1259.5773,1259.5773,1259.5773,ok,63.8,85.299565,28.128153,1359.7,1.41,5.35,100.094604,side-valley;uncapped-s2-truncated,truncated,,,,,,,,uncapped-s2-truncated,,0,,3338.9,4.88,,,,,,,,,,,0.85,1,,30.75,,0.00,0.00,,72.0,0,,1,,0
main,43.00,s2,332881.6,3112538.9,1253.9491,1253.9491,1253.9491,truncated,,,,,,,,side-valley,truncated,,,,,,,,,,0,,4205.0,3.97,,,,,,,,,,,0.04,,,,,0.00,0.00,20.00,20.00,,,,,0
main,43.00,s2chg,332881.6,3112538.9,1253.9491,1253.9491,1253.9491,truncated,,,,,,,,side-valley,truncated,,,,,,,,,,0,,4205.0,3.97,,,,,,,,,,,0.04,,,,,0.00,0.00,20.00,20.00,,,,,0
main,43.00,pelican0827,332881.6,3112538.9,1253.9491,1253.9491,1253.9491,ok,171.8,85.299821,28.126954,1354.8,1.31,5.07,100.84009,side-valley;uncapped-s2-truncated,truncated,,,,,,,,uncapped-s2-truncated,,0,,4205.0,3.97,,,,,,,,,,,0.91,1,,35.25,,0.00,0.00,,33.00,0,,1,,0
main,43.10,s2,332831.0,3112453.5,1246.5922,1246.5922,1246.5922,truncated,,,,,,,,,ok,45.00,85.297610,28.127332,1293.2,1.66,28.59,46.627808,side-valley,,0,,1600.2,10.40,,,,,,,,,,,0.12,,1,,25.00,0.00,0.00,50.00,,,0,,0,0
main,43.10,s2chg,332831.0,3112453.5,1246.5922,1246.5922,1246.5922,truncated,,,,,,,,,ok,45.00,85.297610,28.127332,1293.2,1.66,28.59,46.627808,side-valley,,0,,1600.2,10.40,,,,,,,,,,,0.12,,1,,25.00,0.00,0.00,50.00,,,0,,0,0
main,43.10,pelican0827,332831.0,3112453.5,1246.5922,1246.5922,1246.5922,ok,120.8,85.298882,28.126430,1343.8,0.79,3.57,97.17456,uncapped-s2-truncated,ok,54.8,85.297499,28.127411,1321.1,2.17,17.73,74.517944,side-valley;capped-by-s2chg,,0,175.5,1600.2,10.40,L,22.66,18.08,45.02,14.84,82.3,weak,,,1.55,1.00,1,1,24.75,26.25,0.00,0.00,,,0,0,1,0,0
main,43.10,pelican0901,332831.0,3112453.5,1246.5922,1246.5922,1246.5922,truncated,,,,,,,,uncapped-s2-truncated,truncated,,,,,,,,side-valley,,0,,1600.2,10.40,,,,,,,,,,,0.45,,,,,,,,,,,,,0
main,43.20,s2,332772.6,3112376.6,1244.3796,1244.3796,1244.3796,truncated,,,,,,,,,ok,35.00,85.297127,28.126594,1248.7,2.13,32.53,4.35437,side-valley;no-change-in-run,,0,,749.0,22.61,,,,,,,,,,,0.22,,0,,15.00,0.00,0.00,30.00,,,0,,1,0
main,43.20,s2chg,332772.6,3112376.6,1244.3796,1244.3796,1244.3796,truncated,,,,,,,,,ok,35.00,85.297127,28.126594,1248.7,2.13,32.53,4.35437,side-valley;no-change-in-run,,0,,749.0,22.61,,,,,,,,,,,0.22,,0,,15.00,0.00,0.00,30.00,,,0,,1,0
main,43.20,pelican0827,332772.6,3112376.6,1244.3796,1244.3796,1244.3796,ok,96.8,85.298042,28.125797,1369.5,1.34,5.15,125.161865,uncapped-s2-truncated,ok,47.25,85.297007,28.126699,1313.5,4.46,14.48,69.08496,side-valley;capped-by-s2chg,,0,144.0,749.0,22.61,L,56.1,15.37,53.5,33.44,82.3,strong,10470,476026,1.73,1.00,1,1,24.75,18.75,0.00,0.00,,,0,0,1,1,0
main,43.20,pelican0901,332772.6,3112376.6,1244.3796,1244.3796,1244.3796,truncated,,,,,,,,uncapped-s2-truncated,truncated,,,,,,,,side-valley,,0,,749.0,22.61,,,,,,,,,,,0.46,,,,,,,,,,,,,0
main,43.30,s2,332694.7,3112321.2,1239.8738,1239.8738,1239.8738,ok,85.0,85.296991,28.125283,1299.3,0.98,17.71,59.40222,no-change-in-run,ok,45.00,85.296344,28.126201,1284.9,2.90,44.18,45.06714,no-change-in-run,,0,130.0,1050.0,15.96,L,14.34,47.60,,,,,,,,0.31,0,0,65.0,35.00,10.00,30.00,,,0,0,0,1,0
main,43.30,s2chg,332694.7,3112321.2,1239.8738,1239.8738,1239.8738,ok,85.0,85.296991,28.125283,1299.3,0.98,17.71,59.40222,no-change-in-run,ok,45.00,85.296344,28.126201,1284.9,2.90,44.18,45.06714,no-change-in-run,,0,130.0,1050.0,15.96,L,14.34,47.60,,,,,,,,0.31,0,0,65.0,35.00,10.00,30.00,,,0,0,0,1,0
main,43.30,pelican0827,332694.7,3112321.2,1239.8738,1239.8738,1239.8738,ok,84.8,85.297013,28.125252,1303.1,0.99,10.17,63.198975,no-change-in-run,ok,62.2,85.296228,28.126366,1304.4,1.72,14.83,64.56848,capped-by-s2chg,,0,147.0,1050.0,15.96,L,-1.37,17.98,,,,,,,,1.00,0,1,68.2,33.75,0.00,0.00,,,0,0,0,0,0
main,43.30,pelican0901,332694.7,3112321.2,1239.8738,1239.8738,1239.8738,truncated,,,,,,,,,truncated,,,,,,,,,,0,,1050.0,15.96,,,,,,,,,,,0.86,,,,,,,,,,,,,0
main,43.40,s2,332603.7,3112280.3,1235.7626,1235.7626,1235.7626,ok,125.0,85.296328,28.124620,1312.9,0.80,14.81,77.141846,,ok,45.00,85.295410,28.125812,1266.6,1.23,21.64,30.856934,prebare-at-trim;no-change-in-run,77.1,1,170.0,2494.4,6.67,R,-46.28,26.22,,,,,,,,0.50,1,0,75.0,45.00,30.00,30.00,,,0,1,0,0,0
main,43.40,s2chg,332603.7,3112280.3,1235.7626,1235.7626,1235.7626,ok,125.0,85.296328,28.124620,1312.9,0.80,14.81,77.141846,,ok,45.00,85.295410,28.125812,1266.6,1.23,21.64,30.856934,prebare-at-trim;no-change-in-run,77.1,1,170.0,2494.4,6.67,R,-46.28,26.22,,,,,,,,0.50,1,0,75.0,45.00,30.00,30.00,,,0,1,0,0,0
main,43.40,pelican0827,332603.7,3112280.3,1235.7626,1235.7626,1235.7626,ok,135.8,85.296414,28.124508,1329.6,0.96,4.05,93.85498,capped-by-s2chg,ok,62.2,85.295286,28.125973,1331.8,1.68,6.15,95.98987,,96.0,1,198.0,2494.4,6.67,R,2.13,7.36,,,,,,,,1.00,1,1,72.8,47.25,0.00,0.00,,,0,0,1,1,0
main,43.40,pelican0901,332603.7,3112280.3,1235.7626,1235.7626,1235.7626,truncated,,,,,,,,,truncated,,,,,,,,,,0,,2494.4,6.67,,,,,,,,,,,0.84,,,,,,,,,,,,,0
main,43.50,s2,332519.6,3112227.3,1233.3982,1233.3982,1233.3982,truncated,,,,,,,,,truncated,,,,,,,,,,0,,791.1,21.48,,,,,,,,,,,0.54,,,,,,,,,,,,,0
main,43.50,s2chg,332519.6,3112227.3,1233.3982,1233.3982,1233.3982,truncated,,,,,,,,,truncated,,,,,,,,,,0,,791.1,21.48,,,,,,,,,,,0.54,,,,,,,,,,,,,0
main,43.50,pelican0827,332519.6,3112227.3,1233.3982,1233.3982,1233.3982,ok,155.2,85.295766,28.123931,1350.5,1.52,5.67,117.14172,uncapped-s2-truncated,ok,81.8,85.294280,28.125599,1318.8,1.72,6.26,85.41016,uncapped-s2-truncated,,0,237.0,791.1,21.48,R,-31.73,8.45,,,,,,,,0.76,1,1,83.2,53.2,0.00,0.00,,,0,0,1,1,0
main,43.60,s2,332447.6,3112158.3,1235.7365,1233.3982,1233.3982,ok,105.0,85.294859,28.123826,1308.0,0.66,10.36,74.63147,,ok,65.0,85.293593,28.124735,1271.1,1.70,26.04,37.651855,prebare-at-trim;no-change-in-run,74.6,1,170.0,1328.0,12.63,R,-36.98,28.02,,,,,,,,0.56,1,0,15.00,65.0,20.00,40.00,,,0,1,1,1,0
main,43.60,s2chg,332447.6,3112158.3,1235.7365,1233.3982,1233.3982,ok,75.0,85.294622,28.123997,1299.6,0.59,9.30,66.177,,ok,65.0,85.293593,28.124735,1271.1,1.70,26.04,37.651855,prebare-at-trim;no-change-in-run,66.2,1,140.0,1328.0,12.63,R,-28.53,27.65,,,,,,,,0.56,1,0,15.00,65.0,20.00,40.00,,,0,1,1,1,0
main,43.60,pelican0827,332447.6,3112158.3,1235.7365,1233.3982,1233.3982,ok,69.8,85.294614,28.124002,1299.3,0.59,3.00,65.94995,capped-by-s2chg,ok,80.2,85.293439,28.124845,1334.4,2.30,8.00,101.046265,capped-by-s2chg,,0,150.0,1328.0,12.63,R,35.10,8.55,55.2,35.24,83.9,strong,8793,412625,1.93,1.00,1,1,15.75,65.2,0.00,0.00,,,0,0,1,1,0
main,43.60,pelican0901,332447.6,3112158.3,1235.7365,1233.3982,1233.3982,truncated,,,,,,,,,truncated,,,,,,,,,,0,,1328.0,12.63,,,,,,,,,,,0.88,,,,,,,,,,,,,0
main,43.70,s2,332392.0,3112076.0,1228.2528,1228.2528,1228.2528,ok,105.0,85.294297,28.123068,1306.3,1.59,24.35,78.00928,prebare-at-trim,truncated,,,,,,,,,,0,,2105.3,7.88,,,,,,,,,,,0.55,1,,35.00,,20.00,130.0,,130.0,1,,1,,0
main,43.70,s2chg,332392.0,3112076.0,1228.2528,1228.2528,1228.2528,ok,85.0,85.294141,28.123184,1283.6,0.74,11.52,55.35205,,truncated,,,,,,,,,55.4,1,,2105.3,7.88,,,,,,,,,,,0.55,1,,35.00,,20.00,130.0,,130.0,0,,1,,0
main,43.70,pelican0827,332392.0,3112076.0,1228.2528,1228.2528,1228.2528,ok,101.2,85.294301,28.123065,1307.2,1.62,5.99,78.93921,capped-by-s2chg;prebare-at-trim,ok,102.8,85.292714,28.124232,1344.3,2.81,9.53,116.05945,,116.1,1,204.0,2105.3,7.88,L,-37.12,11.26,,,,,,,,1.00,1,1,36.75,42.75,0.00,0.00,,,1,0,1,1,0
main,43.70,pelican0901,332392.0,3112076.0,1228.2528,1228.2528,1228.2528,truncated,,,,,,,,,truncated,,,,,,,,,,0,,2105.3,7.88,,,,,,,,,,,0.82,,,,,,,,,,,,,0
main,43.80,s2,332337.5,3111993.8,1245.1475,1228.2528,1228.2528,truncated,,,,,,,,,truncated,,,,,,,,,,0,,1182.5,14.04,,,,,,,,,,,0.49,,,,,,,,,,,,,0
main,43.80,s2chg,332337.5,3111993.8,1245.1475,1228.2528,1228.2528,truncated,,,,,,,,,truncated,,,,,,,,,,0,,1182.5,14.04,,,,,,,,,,,0.49,,,,,,,,,,,,,0
main,43.80,pelican0827,332337.5,3111993.8,1245.1475,1228.2528,1228.2528,ok,497.2,85.296231,28.119473,1781.0,0.36,2.37,552.796,uncapped-s2-truncated,ok,108.8,85.292262,28.123641,1323.6,3.00,10.09,95.3053,uncapped-s2-truncated,,0,606.0,1182.5,14.04,L,457.5,10.36,93.6,67.9,129.0,weak,,,1.66,0.84,1,1,3.75,42.75,0.00,0.00,,,0,0,1,1,0
main,43.90,s2,332247.4,3111950.7,1251.2496,1228.2528,1228.2528,truncated,,,,,,,,,truncated,,,,,,,,,,0,,8990.6,1.83,,,,,,,,,,,0.41,,,,,,,,,,,,,0
main,43.90,s2chg,332247.4,3111950.7,1251.2496,1228.2528,1228.2528,truncated,,,,,,,,,truncated,,,,,,,,,,0,,8990.6,1.83,,,,,,,,,,,0.41,,,,,,,,,,,,,0
main,43.90,pelican0827,332247.4,3111950.7,1251.2496,1228.2528,1228.2528,ok,86.2,85.292576,28.121875,1324.9,0.80,3.60,96.66272,uncapped-s2-truncated,ok,209.2,85.290799,28.124010,1464.4,1.19,11.47,236.19519,uncapped-s2-truncated,,0,295.5,8990.6,1.83,,,,,,,,,,,0.86,1,1,12.75,48.75,0.00,0.00,,,0,0,1,0,0
main,44.00,s2,332162.1,3111908.3,1220.9097,1220.9097,1220.9097,truncated,,,,,,,,,truncated,,,,,,,,,,0,,2141.2,7.66,,,,,,,,,,,0.43,,,,,,,,,,,,,0
main,44.00,s2chg,332162.1,3111908.3,1220.9097,1220.9097,1220.9097,truncated,,,,,,,,,truncated,,,,,,,,,,0,,2141.2,7.66,,,,,,,,,,,0.43,,,,,,,,,,,,,0
main,44.00,pelican0827,332162.1,3111908.3,1220.9097,1220.9097,1220.9097,ok,119.2,85.292021,28.121321,1297.7,0.80,8.95,76.76465,uncapped-s2-truncated,ok,110.2,85.290437,28.122825,1325.2,1.12,4.51,104.30115,uncapped-s2-truncated,,0,229.5,2141.2,7.66,R,27.54,10.02,50.2,29.38,79.9,strong,9297,396741,1.68,0.89,1,1,11.25,32.25,0.00,0.00,,,0,0,0,1,0
main,44.10,s2,332115.3,3111820.3,1229.4116,1220.9097,1220.9097,ok,65.0,85.291181,28.120933,1307.5,1.28,22.44,86.61951,,truncated,,,,,,,,,86.6,1,,6326.0,2.60,,,,,,,,,,,0.46,1,,25.00,,30.00,,,,0,,0,,0
main,44.10,s2chg,332115.3,3111820.3,1229.4116,1220.9097,1220.9097,ok,65.0,85.291181,28.120933,1307.5,1.28,22.44,86.61951,,truncated,,,,,,,,,86.6,1,,6326.0,2.60,,,,,,,,,,,0.46,1,,25.00,,30.00,,,,0,,0,,0
main,44.10,pelican0827,332115.3,3111820.3,1229.4116,1220.9097,1220.9097,ok,74.2,85.291281,28.120849,1323.9,1.33,12.33,102.9646,uncapped-s2-truncated,ok,102.8,85.289975,28.121930,1322.4,1.46,5.50,101.498535,uncapped-s2-truncated,,0,177.0,6326.0,2.60,,,,,,,,,,,0.86,1,1,20.25,35.25,0.00,0.00,,,0,0,0,1,0
main,44.20,s2,332043.4,3111752.4,1242.0354,1220.9097,1220.9097,ok,55.0,85.290354,28.120346,1323.8,1.58,24.17,102.909424,,truncated,,,,,,,,,102.9,1,,11622.3,1.41,,,,,,,,,,,0.55,1,,5.00,,0.00,0.00,,0.00,0,,1,,0
main,44.20,s2chg,332043.4,3111752.4,1242.0354,1220.9097,1220.9097,ok,55.0,85.290354,28.120346,1323.8,1.58,24.17,102.909424,,truncated,,,,,,,,,102.9,1,,11622.3,1.41,,,,,,,,,,,0.55,1,,5.00,,0.00,0.00,,0.00,0,,1,,0
main,44.20,pelican0827,332043.4,3111752.4,1242.0354,1220.9097,1220.9097,ok,51.8,85.290361,28.120339,1325.1,1.37,5.23,104.20508,,ok,119.2,85.289203,28.121473,1303.1,0.74,3.40,82.18921,uncapped-s2-truncated,104.2,1,171.0,11622.3,1.41,,,,,,,,,,,0.82,1,1,3.75,36.75,0.00,0.00,,,0,0,1,1,0
main,44.20,pelican0901,332043.4,3111752.4,1242.0354,1220.9097,1220.9097,truncated,,,,,,,,,truncated,,,,,,,,uncapped-s2-truncated,,0,,11622.3,1.41,,,,,,,,,,,0.44,,,,,,,,,,,,,0
main,44.30,s2,331954.4,3111709.5,1212.1913,1212.1913,1212.1913,ok,95.0,85.289741,28.119691,1320.7,0.13,2.68,108.50574,,truncated,,,,,,,,,108.5,1,,4489.2,3.69,,,,,,,,,,,0.49,1,,,,20.00,,,,0,,1,,0
main,44.30,s2chg,331954.4,3111709.5,1212.1913,1212.1913,1212.1913,ok,95.0,85.289741,28.119691,1320.7,0.13,2.68,108.50574,,truncated,,,,,,,,,108.5,1,,4489.2,3.69,,,,,,,,,,,0.49,1,,,,20.00,,,,0,,1,,0
main,44.30,pelican0827,331954.4,3111709.5,1212.1913,1212.1913,1212.1913,ok,92.2,85.289751,28.119681,1320.9,0.18,1.90,108.70703,,ok,141.8,85.288127,28.121207,1309.7,1.19,4.71,97.486206,uncapped-s2-truncated,108.7,1,234.0,4489.2,3.69,,,,,,,,,,,0.73,1,1,,41.25,0.00,0.00,,,0,0,1,1,0
main,44.30,pelican0901,331954.4,3111709.5,1212.1913,1212.1913,1212.1913,truncated,,,,,,,,,truncated,,,,,,,,uncapped-s2-truncated,,0,,4489.2,3.69,,,,,,,,,,,0.41,,,,,,,,,,,,,0
main,44.40,s2,331894.2,3111630.8,1228.0659,1212.1913,1212.1913,ok,65.0,85.288971,28.119209,1310.6,0.54,8.57,98.375244,,truncated,,,,,,,,,98.4,1,,4167.9,3.97,,,,,,,,,,,0.52,1,,,,0.00,0.00,,10.00,0,,1,,0
main,44.40,s2chg,331894.2,3111630.8,1228.0659,1212.1913,1212.1913,ok,65.0,85.288971,28.119209,1310.6,0.54,8.57,98.375244,,truncated,,,,,,,,,98.4,1,,4167.9,3.97,,,,,,,,,,,0.52,1,,,,0.00,0.00,,10.00,0,,1,,0
main,44.40,pelican0827,331894.2,3111630.8,1228.0659,1212.1913,1212.1913,ok,51.8,85.288902,28.119262,1305.4,0.80,3.60,93.22449,,ok,119.2,85.287601,28.120266,1309.9,0.55,2.87,97.70862,uncapped-s2-truncated,93.2,1,171.0,4167.9,3.97,,,,,,,,,,,0.67,1,1,,32.25,0.00,0.00,,,0,0,1,1,0
main,44.40,pelican0901,331894.2,3111630.8,1228.0659,1212.1913,1212.1913,truncated,,,,,,,,,truncated,,,,,,,,uncapped-s2-truncated,,0,,4167.9,3.97,,,,,,,,,,,0.44,,,,,,,,,,,,,0
main,44.50,s2,331841.7,3111546.3,1219.248,1212.1913,1212.1913,ok,75.0,85.288482,28.118340,1306.8,1.12,17.24,94.589355,,truncated,,,,,,,,,94.6,1,,904.8,18.63,,,,,,,,,,,0.60,1,,5.00,,0.00,0.00,,10.00,0,,1,,0
main,44.50,s2chg,331841.7,3111546.3,1219.248,1212.1913,1212.1913,ok,75.0,85.288482,28.118340,1306.8,1.12,17.24,94.589355,,truncated,,,,,,,,,94.6,1,,904.8,18.63,,,,,,,,,,,0.60,1,,5.00,,0.00,0.00,,10.00,0,,1,,0
main,44.50,pelican0827,331841.7,3111546.3,1219.248,1212.1913,1212.1913,ok,84.8,85.288581,28.118248,1341.0,2.97,10.01,128.76599,capped-by-s2chg,ok,83.2,85.287407,28.119332,1301.1,0.82,3.65,88.950195,uncapped-s2-truncated,,0,168.0,904.8,18.63,L,39.82,10.65,45.86,28.80,70.4,strong,9127,355810,1.40,0.64,1,1,8.25,32.25,0.00,0.00,,,0,0,1,1,0
main,44.50,pelican0901,331841.7,3111546.3,1219.248,1212.1913,1212.1913,truncated,,,,,,,,,truncated,,,,,,,,uncapped-s2-truncated,,0,,904.8,18.63,,,,,,,,,,,0.43,,,,,,,,,,,,,0
main,44.60,s2,331757.6,3111495.1,1247.7024,1212.1913,1212.1913,ok,65.0,85.287458,28.117860,1295.6,0.73,11.31,83.41504,,no-bare,,,,,,,,,83.4,1,,839.1,20.24,,,,,,,,,,,0.38,1,,5.00,,10.00,,,,0,,1,,0
main,44.60,s2chg,331757.6,3111495.1,1247.7024,1212.1913,1212.1913,ok,65.0,85.287458,28.117860,1295.6,0.73,11.31,83.41504,,no-bare,,,,,,,,,83.4,1,,839.1,20.24,,,,,,,,,,,0.38,1,,5.00,,10.00,,,,0,,1,,0
main,44.60,pelican0827,331757.6,3111495.1,1247.7024,1212.1913,1212.1913,ok,78.8,85.287554,28.117722,1303.6,0.47,2.65,91.41919,capped-by-s2chg,truncated,,,,,,,,uncapped-s2-no-bare,,0,,839.1,20.24,,,,,,,,,,,0.58,1,,5.25,,0.00,0.00,,100.5,0,,1,,0
main,44.60,pelican0901,331757.6,3111495.1,1247.7024,1212.1913,1212.1913,truncated,,,,,,,,,truncated,,,,,,,,uncapped-s2-no-bare,,0,,839.1,20.24,,,,,,,,,,,0.43,,,,,,,,,,,,,0
main,44.70,s2,331664.0,3111459.7,1249.3717,1219.248,1212.1913,ok,85.0,85.286559,28.117346,1280.9,0.74,11.56,61.677246,,ok,65.0,85.285918,28.118475,1268.4,0.78,12.08,49.17151,,55.4,2,150.0,4644.8,3.60,,,,,,,,,,,0.33,1,1,,25.00,30.00,50.00,,,0,0,1,1,0
main,44.70,s2chg,331664.0,3111459.7,1249.3717,1219.248,1212.1913,ok,85.0,85.286559,28.117346,1280.9,0.74,11.56,61.677246,,ok,65.0,85.285918,28.118475,1268.4,0.78,12.08,49.17151,,55.4,2,150.0,4644.8,3.60,,,,,,,,,,,0.33,1,1,,25.00,30.00,50.00,,,0,0,1,1,0
main,44.70,pelican0827,331664.0,3111459.7,1249.3717,1219.248,1212.1913,ok,86.2,85.286584,28.117302,1284.6,0.78,3.52,65.3905,,no-bare,,,,,,,,,65.4,1,,4644.8,3.60,,,,,,,,,,,0.91,1,,,,30.00,,,,0,,1,,0
main,44.70,pelican0901,331664.0,3111459.7,1249.3717,1219.248,1212.1913,truncated,,,,,,,,,truncated,,,,,,,,,,0,,4644.8,3.60,,,,,,,,,,,0.85,,,,,,,,,,,,,0
main,44.80,s2,331576.6,3111411.4,1240.5303,1219.248,1212.1913,ok,95.0,85.285767,28.116840,1285.3,0.72,13.58,66.021484,,ok,55.0,85.285057,28.117935,1271.2,0.53,8.37,51.957397,,59.0,2,150.0,2704.5,6.28,R,-14.06,15.95,,,,,,,,0.42,1,1,5.00,15.00,20.00,40.00,,,0,0,0,1,0
main,44.80,s2chg,331576.6,3111411.4,1240.5303,1219.248,1212.1913,ok,95.0,85.285767,28.116840,1285.3,0.72,13.58,66.021484,,ok,55.0,85.285057,28.117935,1271.2,0.53,8.37,51.957397,,59.0,2,150.0,2704.5,6.28,R,-14.06,15.95,,,,,,,,0.42,1,1,5.00,15.00,20.00,40.00,,,0,0,0,1,0
main,44.80,pelican0827,331576.6,3111411.4,1240.5303,1219.248,1212.1913,truncated,,,,,,,,capped-by-s2chg,truncated,,,,,,,,,,0,,2704.5,6.28,,,,,,,,,,,0.85,,,,,,,,,,,,,0
main,44.80,pelican0901,331576.6,3111411.4,1240.5303,1219.248,1212.1913,truncated,,,,,,,,,truncated,,,,,,,,,,0,,2704.5,6.28,,,,,,,,,,,0.85,,,,,,,,,,,,,0
main,44.90,s2,331491.9,3111358.5,1234.0093,1234.0093,1212.1913,truncated,,,,,,,,,truncated,,,,,,,,,,0,,837.9,19.81,,,,,,,,,,,0.52,,,,,0.00,0.00,10.00,0.00,,,,,0
main,44.90,s2chg,331491.9,3111358.5,1234.0093,1234.0093,1212.1913,truncated,,,,,,,,,truncated,,,,,,,,,,0,,837.9,19.81,,,,,,,,,,,0.52,,,,,0.00,0.00,10.00,0.00,,,,,0
main,44.90,pelican0827,331491.9,3111358.5,1234.0093,1234.0093,1212.1913,truncated,,,,,,,,uncapped-s2-truncated,truncated,,,,,,,,uncapped-s2-truncated,,0,,837.9,19.81,,,,,,,,,,,0.30,,,,,,,,,,,,,0
main,45.00,s2,331414.9,3111297.9,1201.638,1201.638,1201.638,ok,125.0,85.284456,28.115663,1273.4,0.50,7.84,71.76416,,ok,95.0,85.283099,28.117127,1268.6,0.60,9.45,66.95422,,69.4,2,220.0,679.9,24.42,R,-4.81,12.28,,,,,,,,0.58,1,1,15.00,15.00,0.00,0.00,,,0,0,1,1,0
main,45.00,s2chg,331414.9,3111297.9,1201.638,1201.638,1201.638,ok,125.0,85.284456,28.115663,1273.4,0.50,7.84,71.76416,,ok,95.0,85.283099,28.117127,1268.6,0.60,9.45,66.95422,,69.4,2,220.0,679.9,24.42,R,-4.81,12.28,,,,,,,,0.58,1,1,15.00,15.00,0.00,0.00,,,0,0,1,1,0
main,45.00,pelican0827,331414.9,3111297.9,1201.638,1201.638,1201.638,truncated,,,,,,,,capped-by-s2chg,truncated,,,,,,,,,,0,,679.9,24.42,,,,,,,,,,,0.80,,,,,,,,,,,,,0
main,45.00,pelican0901,331414.9,3111297.9,1201.638,1201.638,1201.638,truncated,,,,,,,,,truncated,,,,,,,,,,0,,679.9,24.42,,,,,,,,,,,0.80,,,,,,,,,,,,,0
main,45.10,s2,331330.1,3111249.7,1199.7952,1199.7952,1199.7952,ok,155.0,85.284078,28.115280,1274.7,0.54,8.44,74.86987,,ok,135.0,85.281739,28.116724,1281.0,0.68,10.56,81.17175,prebare-at-trim,74.9,1,290.0,561.4,30.32,R,6.30,13.52,,,,,,,,0.73,1,1,25.00,25.00,0.00,0.00,,,0,1,1,1,0
main,45.10,s2chg,331330.1,3111249.7,1199.7952,1199.7952,1199.7952,ok,155.0,85.284078,28.115280,1274.7,0.54,8.44,74.86987,,ok,125.0,85.281822,28.116672,1275.8,0.83,12.85,76.01465,,75.4,2,280.0,561.4,30.32,R,1.14,15.37,,,,,,,,0.73,1,1,25.00,25.00,0.00,0.00,,,0,0,1,1,0
main,45.10,pelican0827,331330.1,3111249.7,1199.7952,1199.7952,1199.7952,truncated,,,,,,,,capped-by-s2chg,truncated,,,,,,,,,,0,,561.4,30.32,,,,,,,,,,,0.74,,,,,,,,,,,,,0
main,45.10,pelican0901,331330.1,3111249.7,1199.7952,1199.7952,1199.7952,truncated,,,,,,,,,truncated,,,,,,,,,,0,,561.4,30.32,,,,,,,,,,,0.74,,,,,,,,,,,,,0
main,45.20,s2,331302.4,3111155.2,1195.3314,1195.3314,1195.3314,ok,115.0,85.283550,28.114740,1266.9,0.88,13.66,71.578125,,ok,105.0,85.281653,28.115613,1263.5,0.94,14.46,68.21484,prebare-at-trim;no-change-in-run,71.6,1,220.0,1675.3,9.81,R,-3.36,19.89,,,,,,,,0.74,1,0,35.00,105.0,0.00,0.00,,,0,1,1,1,0
main,45.20,s2chg,331302.4,3111155.2,1195.3314,1195.3314,1195.3314,ok,115.0,85.283550,28.114740,1266.9,0.88,13.66,71.578125,,ok,105.0,85.281653,28.115613,1263.5,0.94,14.46,68.21484,prebare-at-trim;no-change-in-run,71.6,1,220.0,1675.3,9.81,R,-3.36,19.89,,,,,,,,0.74,1,0,35.00,105.0,0.00,0.00,,,0,1,1,1,0
main,45.20,pelican0827,331302.4,3111155.2,1195.3314,1195.3314,1195.3314,truncated,,,,,,,,capped-by-s2chg,truncated,,,,,,,,,,0,,1675.3,9.81,,,,,,,,,,,0.80,,,,,,,,,,,,,0
main,45.20,pelican0901,331302.4,3111155.2,1195.3314,1195.3314,1195.3314,truncated,,,,,,,,,truncated,,,,,,,,,,0,,1675.3,9.81,,,,,,,,,,,0.80,,,,,,,,,,,,,0
main,45.30,s2,331265.1,3111063.4,1193.4536,1193.4536,1193.4536,ok,95.0,85.283000,28.113985,1283.6,1.19,21.01,90.178345,,ok,115.0,85.281201,28.114828,1270.0,0.98,15.17,76.52283,no-change-in-run,90.2,1,210.0,1653.9,9.98,L,13.66,25.92,,,,,,,,0.82,1,0,15.00,35.00,0.00,0.00,,,0,0,0,1,0
main,45.30,s2chg,331265.1,3111063.4,1193.4536,1193.4536,1193.4536,ok,95.0,85.283000,28.113985,1283.6,1.19,21.01,90.178345,,ok,65.0,85.281651,28.114617,1225.6,0.95,14.59,32.155396,no-change-in-run,90.2,1,160.0,1653.9,9.98,L,58.0,25.58,76.7,42.09,125.5,weak,,,3.13,0.82,1,0,15.00,35.00,0.00,0.00,,,0,0,0,1,0
main,45.30,pelican0827,331265.1,3111063.4,1193.4536,1193.4536,1193.4536,truncated,,,,,,,,,truncated,,,,,,,,,,0,,1653.9,9.98,,,,,,,,,,,0.84,,,,,,,,,,,,,0
main,45.30,pelican0901,331265.1,3111063.4,1193.4536,1193.4536,1193.4536,truncated,,,,,,,,,truncated,,,,,,,,,,0,,1653.9,9.98,,,,,,,,,,,0.84,,,,,,,,,,,,,0
main,45.40,s2,331200.0,3110987.9,1193.6017,1193.4536,1193.4536,truncated,,,,,,,,,ok,75.0,85.280979,28.114066,1280.7,0.70,10.85,87.211914,,87.2,1,,878.2,19.31,,,,,,,,,,,0.94,,1,,25.00,0.00,0.00,70.0,,,0,,1,0
main,45.40,s2chg,331200.0,3110987.9,1193.6017,1193.4536,1193.4536,truncated,,,,,,,,,ok,75.0,85.280979,28.114066,1280.7,0.70,10.85,87.211914,,87.2,1,,878.2,19.31,,,,,,,,,,,0.94,,1,,25.00,0.00,0.00,70.0,,,0,,1,0
main,45.40,pelican0827,331200.0,3110987.9,1193.6017,1193.4536,1193.4536,truncated,,,,,,,,uncapped-s2-truncated,truncated,,,,,,,,,,0,,878.2,19.31,,,,,,,,,,,0.42,,,,,,,,,,,,,0
main,45.40,pelican0901,331200.0,3110987.9,1193.6017,1193.4536,1193.4536,truncated,,,,,,,,uncapped-s2-truncated,truncated,,,,,,,,,,0,,878.2,19.31,,,,,,,,,,,0.42,,,,,,,,,,,,,0
main,45.50,s2,331140.8,3110907.9,1219.931,1193.4536,1193.4536,truncated,,,,,,,,,ok,55.0,85.280581,28.113258,1246.8,0.76,14.33,53.35901,,53.4,1,,1285.3,13.24,,,,,,,,,,,0.88,,1,,15.00,0.00,0.00,50.00,,,0,,0,0
main,45.50,s2chg,331140.8,3110907.9,1219.931,1193.4536,1193.4536,truncated,,,,,,,,,ok,55.0,85.280581,28.113258,1246.8,0.76,14.33,53.35901,,53.4,1,,1285.3,13.24,,,,,,,,,,,0.88,,1,,15.00,0.00,0.00,50.00,,,0,,0,0
main,45.50,pelican0827,331140.8,3110907.9,1219.931,1193.4536,1193.4536,truncated,,,,,,,,uncapped-s2-truncated,truncated,,,,,,,,,,0,,1285.3,13.24,,,,,,,,,,,0.44,,,,,,,,,,,,,0
main,45.50,pelican0901,331140.8,3110907.9,1219.931,1193.4536,1193.4536,truncated,,,,,,,,uncapped-s2-truncated,truncated,,,,,,,,,,0,,1285.3,13.24,,,,,,,,,,,0.44,,,,,,,,,,,,,0
main,45.60,s2,331064.0,3110844.2,1214.9556,1193.4536,1193.4536,truncated,,,,,,,,,ok,105.0,85.279465,28.113008,1261.9,1.13,17.34,68.39978,,68.4,1,,1478.6,11.33,,,,,,,,,,,0.80,,1,,35.00,0.00,0.00,80.0,,,0,,1,0
main,45.60,s2chg,331064.0,3110844.2,1214.9556,1193.4536,1193.4536,truncated,,,,,,,,,ok,105.0,85.279465,28.113008,1261.9,1.13,17.34,68.39978,,68.4,1,,1478.6,11.33,,,,,,,,,,,0.80,,1,,35.00,0.00,0.00,80.0,,,0,,1,0
main,45.60,pelican0827,331064.0,3110844.2,1214.9556,1193.4536,1193.4536,truncated,,,,,,,,uncapped-s2-truncated,truncated,,,,,,,,,,0,,1478.6,11.33,,,,,,,,,,,0.40,,,,,,,,,,,,,0
main,45.60,pelican0901,331064.0,3110844.2,1214.9556,1193.4536,1193.4536,truncated,,,,,,,,uncapped-s2-truncated,truncated,,,,,,,,,,0,,1478.6,11.33,,,,,,,,,,,0.40,,,,,,,,,,,,,0
main,45.70,s2,330987.4,3110780.7,1211.0504,1193.6017,1193.4536,truncated,,,,,,,,,truncated,,,,,,,,,,0,,4267.7,3.85,,,,,,,,,,,0.64,,,,,,,,,,,,,0
main,45.70,s2chg,330987.4,3110780.7,1211.0504,1193.6017,1193.4536,truncated,,,,,,,,,truncated,,,,,,,,,,0,,4267.7,3.85,,,,,,,,,,,0.64,,,,,,,,,,,,,0
main,45.80,s2,330925.7,3110703.0,1196.3312,1196.3312,1193.4536,ok,85.0,85.279272,28.110489,1257.2,0.62,9.62,60.899536,,truncated,,,,,,,,,60.9,1,,2604.5,6.30,,,,,,,,,,,0.83,1,,5.00,,0.00,0.00,,310.0,0,,1,,0
main,45.80,s2chg,330925.7,3110703.0,1196.3312,1196.3312,1193.4536,ok,85.0,85.279272,28.110489,1257.2,0.62,9.62,60.899536,,ok,185.0,85.277697,28.112375,1232.4,0.73,11.28,36.105713,,48.50,2,270.0,2604.5,6.30,L,24.79,14.83,48.44,22.53,83.4,weak,,,2.22,0.83,1,1,5.00,45.00,0.00,0.00,,,0,0,1,1,0
main,45.80,pelican0827,330925.7,3110703.0,1196.3312,1196.3312,1193.4536,truncated,,,,,,,,,truncated,,,,,,,,,,0,,2604.5,6.30,,,,,,,,,,,0.75,,,,,,,,,,,,,0
main,45.80,pelican0901,330925.7,3110703.0,1196.3312,1196.3312,1193.4536,truncated,,,,,,,,,truncated,,,,,,,,,,0,,2604.5,6.30,,,,,,,,,,,0.75,,,,,,,,,,,,,0
main,45.90,s2,330832.5,3110675.3,1189.9318,1189.9318,1189.9318,ok,165.0,85.278952,28.109750,1269.3,1.15,17.61,79.36243,,ok,125.0,85.277012,28.111601,1241.1,0.48,7.59,51.205444,prebare-at-trim,79.4,1,290.0,1607.1,10.16,R,-28.16,19.18,,,,,,,,0.83,1,1,35.00,65.0,0.00,0.00,,,0,1,1,1,0
main,45.90,s2chg,330832.5,3110675.3,1189.9318,1189.9318,1189.9318,ok,165.0,85.278952,28.109750,1269.3,1.15,17.61,79.36243,,ok,85.0,85.277290,28.111336,1215.6,0.40,8.84,25.652466,,52.5,2,250.0,1607.1,10.16,R,-53.7,19.71,,,,,,,,0.83,1,1,35.00,65.0,0.00,0.00,,,0,0,1,0,0
main,45.90,pelican0827,330832.5,3110675.3,1189.9318,1189.9318,1189.9318,truncated,,,,,,,,,truncated,,,,,,,,,,0,,1607.1,10.16,,,,,,,,,,,0.77,,,,,,,,,,,,,0
main,45.90,pelican0901,330832.5,3110675.3,1189.9318,1189.9318,1189.9318,truncated,,,,,,,,,truncated,,,,,,,,,,0,,1607.1,10.16,,,,,,,,,,,0.77,,,,,,,,,,,,,0
main,46.00,s2,330777.0,3110601.5,1186.6621,1186.6621,1186.6621,ok,135.0,85.278111,28.109215,1262.6,0.64,9.98,75.98328,,ok,145.0,85.276405,28.111125,1248.6,0.51,10.42,61.94629,prebare-at-trim,76.0,1,280.0,9646.3,1.64,,,,,,,,,,,0.76,1,1,35.00,45.00,0.00,0.00,,,0,1,1,0,0
main,46.00,s2chg,330777.0,3110601.5,1186.6621,1186.6621,1186.6621,ok,135.0,85.278111,28.109215,1262.6,0.64,9.98,75.98328,,ok,75.0,85.276847,28.110629,1223.8,1.85,28.17,37.095093,,56.5,2,210.0,9646.3,1.64,,,,,,,,,,,0.76,1,1,35.00,45.00,0.00,0.00,,,0,0,1,1,0
main,46.00,pelican0827,330777.0,3110601.5,1186.6621,1186.6621,1186.6621,truncated,,,,,,,,,truncated,,,,,,,,,,0,,9646.3,1.64,,,,,,,,,,,0.80,,,,,,,,,,,,,0
main,46.00,pelican0901,330777.0,3110601.5,1186.6621,1186.6621,1186.6621,truncated,,,,,,,,,truncated,,,,,,,,,,0,,9646.3,1.64,,,,,,,,,,,0.80,,,,,,,,,,,,,0
main,46.10,s2,330706.7,3110536.2,1194.3,1186.6621,1186.6621,truncated,,,,,,,,,truncated,,,,,,,,,,0,,2023.5,7.75,,,,,,,,,,,0.59,,,,,,,,,,,,,0
main,46.10,s2chg,330706.7,3110536.2,1194.3,1186.6621,1186.6621,truncated,,,,,,,,,truncated,,,,,,,,,,0,,2023.5,7.75,,,,,,,,,,,0.59,,,,,,,,,,,,,0
main,46.20,s2,330637.2,3110471.0,1181.9147,1181.9147,1181.9147,truncated,,,,,,,,,truncated,,,,,,,,,,0,,3330.8,4.79,,,,,,,,,,,0.69,,,,,,,,,,,,,0
main,46.20,s2chg,330637.2,3110471.0,1181.9147,1181.9147,1181.9147,truncated,,,,,,,,,truncated,,,,,,,,,,0,,3330.8,4.79,,,,,,,,,,,0.69,,,,,,,,,,,,,0
main,46.30,s2,330572.0,3110416.6,1180.5693,1180.5693,1180.5693,truncated,,,,,,,,,truncated,,,,,,,,,,0,,1574.9,10.13,,,,,,,,,,,0.73,,,,,,,,,,,,,0
main,46.30,s2chg,330572.0,3110416.6,1180.5693,1180.5693,1180.5693,truncated,,,,,,,,,truncated,,,,,,,,,,0,,1574.9,10.13,,,,,,,,,,,0.73,,,,,,,,,,,,,0
main,46.40,s2,330514.9,3110344.1,1181.2666,1180.5693,1180.5693,truncated,,,,,,,,,truncated,,,,,,,,,,0,,1113.8,14.40,,,,,,,,,,,0.80,,,,,,,,,,,,,0
main,46.40,s2chg,330514.9,3110344.1,1181.2666,1180.5693,1180.5693,truncated,,,,,,,,,truncated,,,,,,,,,,0,,1113.8,14.40,,,,,,,,,,,0.80,,,,,,,,,,,,,0
main,46.50,s2,330431.8,3110289.4,1204.2103,1180.5693,1180.5693,ok,125.0,85.274451,28.106346,1277.6,0.87,13.43,97.071045,,ok,55.0,85.273560,28.107661,1219.3,0.45,9.44,38.76306,,67.9,2,180.0,23943.2,0.65,,,,,,,,,,,0.98,1,1,25.00,35.00,0.00,0.00,,,0,0,1,0,0
main,46.50,s2chg,330431.8,3110289.4,1204.2103,1180.5693,1180.5693,ok,125.0,85.274451,28.106346,1277.6,0.87,13.43,97.071045,,ok,55.0,85.273560,28.107661,1219.3,0.45,9.44,38.76306,,67.9,2,180.0,23943.2,0.65,,,,,,,,,,,0.98,1,1,25.00,35.00,0.00,0.00,,,0,0,1,0,0
main,46.50,pelican0827,330431.8,3110289.4,1204.2103,1180.5693,1180.5693,truncated,,,,,,,,,truncated,,,,,,,,,,0,,23943.2,0.65,,,,,,,,,,,0.81,,,,,,,,,,,,,0
main,46.50,pelican0901,330431.8,3110289.4,1204.2103,1180.5693,1180.5693,truncated,,,,,,,,,truncated,,,,,,,,,,0,,23943.2,0.65,,,,,,,,,,,0.81,,,,,,,,,,,,,0
main,46.60,s2,330334.4,3110268.5,1172.8981,1172.8981,1172.8981,ok,105.0,85.273438,28.106347,1238.4,0.87,13.49,65.5249,,ok,35.00,85.272652,28.107291,1225.3,0.64,12.45,52.36145,,58.9,2,140.0,720.8,22.85,R,-13.16,18.35,,,,,,,,0.97,1,1,15.00,15.00,20.00,30.00,,,0,0,1,0,0
main,46.60,s2chg,330334.4,3110268.5,1172.8981,1172.8981,1172.8981,ok,105.0,85.273438,28.106347,1238.4,0.87,13.49,65.5249,,ok,35.00,85.272652,28.107291,1225.3,0.64,12.45,52.36145,,58.9,2,140.0,720.8,22.85,R,-13.16,18.35,,,,,,,,0.97,1,1,15.00,15.00,20.00,30.00,,,0,0,1,0,0
main,46.70,s2,330268.2,3110197.9,1204.0303,1172.8981,1172.8981,ok,95.0,85.272857,28.105890,1231.9,0.35,5.74,58.988525,,ok,55.0,85.271789,28.106727,1225.2,0.79,12.30,52.29724,,55.6,2,150.0,536.7,31.34,R,-6.69,13.57,,,,,,,,1.00,1,1,25.00,15.00,0.00,0.00,,,0,0,1,1,0
main,46.70,s2chg,330268.2,3110197.9,1204.0303,1172.8981,1172.8981,ok,95.0,85.272857,28.105890,1231.9,0.35,5.74,58.988525,,ok,55.0,85.271789,28.106727,1225.2,0.79,12.30,52.29724,,55.6,2,150.0,536.7,31.34,R,-6.69,13.57,,,,,,,,1.00,1,1,25.00,15.00,0.00,0.00,,,0,0,1,1,0
main,46.80,s2,330229.3,3110106.2,1171.465,1171.465,1171.465,ok,95.0,85.272596,28.105213,1246.0,0.76,11.83,74.50037,,ok,95.0,85.270979,28.105977,1234.9,0.44,6.97,63.47815,,69.0,2,190.0,3263.7,4.83,,,,,,,,,,,1.00,1,1,15.00,25.00,0.00,0.00,,,0,0,1,1,0
main,46.80,s2chg,330229.3,3110106.2,1171.465,1171.465,1171.465,ok,95.0,85.272596,28.105213,1246.0,0.76,11.83,74.50037,,ok,95.0,85.270979,28.105977,1234.9,0.44,6.97,63.47815,,69.0,2,190.0,3263.7,4.83,,,,,,,,,,,1.00,1,1,15.00,25.00,0.00,0.00,,,0,0,1,1,0
main,46.90,s2,330166.4,3110030.6,1164.4104,1164.4104,1164.4104,ok,75.0,85.271743,28.104543,1239.5,0.67,10.38,75.04077,,ok,65.0,85.270658,28.105214,1215.8,1.68,25.69,51.43628,,63.2,2,140.0,1217.5,13.36,L,23.60,27.70,,,,,,,,1.00,1,1,15.00,35.00,0.00,0.00,,,0,0,1,1,0
main,46.90,s2chg,330166.4,3110030.6,1164.4104,1164.4104,1164.4104,ok,75.0,85.271743,28.104543,1239.5,0.67,10.38,75.04077,,ok,65.0,85.270658,28.105214,1215.8,1.68,25.69,51.43628,,63.2,2,140.0,1217.5,13.36,L,23.60,27.70,,,,,,,,1.00,1,1,15.00,35.00,0.00,0.00,,,0,0,1,1,0
main,47.00,s2,330130.6,3109939.2,1155.3357,1155.3357,1155.3357,ok,85.0,85.271378,28.103560,1227.6,1.03,15.87,72.3114,,ok,85.0,85.270237,28.104590,1213.1,0.44,6.96,57.75049,,65.0,2,170.0,732.9,22.51,L,14.56,17.33,,,,,,,,1.00,1,1,,45.00,0.00,0.00,,,0,0,1,1,0
main,47.00,s2chg,330130.6,3109939.2,1155.3357,1155.3357,1155.3357,ok,85.0,85.271378,28.103560,1227.6,1.03,15.87,72.3114,,ok,85.0,85.270237,28.104590,1213.1,0.44,6.96,57.75049,,65.0,2,170.0,732.9,22.51,L,14.56,17.33,,,,,,,,1.00,1,1,,45.00,0.00,0.00,,,0,0,1,1,0
main,47.10,s2,330040.1,3109903.4,1147.7211,1147.7211,1147.7211,truncated,,,,,,,,,ok,75.0,85.269415,28.104211,1215.5,1.14,17.57,67.74817,,67.7,1,,1224.4,12.78,,,,,,,,,,,0.97,,1,,35.00,0.00,0.00,80.0,,,0,,1,0
main,47.10,s2chg,330040.1,3109903.4,1147.7211,1147.7211,1147.7211,truncated,,,,,,,,,ok,75.0,85.269415,28.104211,1215.5,1.14,17.57,67.74817,,67.7,1,,1224.4,12.78,,,,,,,,,,,0.97,,1,,35.00,0.00,0.00,80.0,,,0,,1,0
main,47.20,s2,329960.0,3109848.5,1142.9398,1142.9398,1142.9398,truncated,,,,,,,,,ok,65.0,85.268694,28.103651,1207.5,1.05,16.15,64.5918,,64.6,1,,1022.8,14.84,,,,,,,,,,,0.89,,1,,15.00,0.00,0.00,60.0,,,0,,1,0
main,47.20,s2chg,329960.0,3109848.5,1142.9398,1142.9398,1142.9398,truncated,,,,,,,,,ok,65.0,85.268694,28.103651,1207.5,1.05,16.15,64.5918,,64.6,1,,1022.8,14.84,,,,,,,,,,,0.89,,1,,15.00,0.00,0.00,60.0,,,0,,1,0
main,47.30,s2,329915.2,3109761.7,1133.6974,1133.6974,1133.6974,truncated,,,,,,,,,ok,115.0,85.268117,28.103324,1212.5,1.12,17.23,78.83777,,78.8,1,,1134.5,13.54,,,,,,,,,,,0.85,,1,,35.00,0.00,0.00,20.00,,,0,,1,0
main,47.30,s2chg,329915.2,3109761.7,1133.6974,1133.6974,1133.6974,truncated,,,,,,,,,ok,115.0,85.268117,28.103324,1212.5,1.12,17.23,78.83777,,78.8,1,,1134.5,13.54,,,,,,,,,,,0.85,,1,,35.00,0.00,0.00,20.00,,,0,,1,0
main,47.40,s2,329818.7,3109753.0,1139.6167,1133.6974,1133.6974,truncated,,,,,,,,,ok,85.0,85.267317,28.103010,1205.0,1.70,25.93,71.26575,,71.3,1,,4407.1,3.44,,,,,,,,,,,0.89,,1,,45.00,0.00,0.00,130.0,,,0,,1,0
main,47.40,s2chg,329818.7,3109753.0,1139.6167,1133.6974,1133.6974,truncated,,,,,,,,,ok,85.0,85.267317,28.103010,1205.0,1.70,25.93,71.26575,,71.3,1,,4407.1,3.44,,,,,,,,,,,0.89,,1,,45.00,0.00,0.00,130.0,,,0,,1,0
main,47.50,s2,329733.7,3109735.2,1129.5405,1129.5405,1129.5405,ok,85.0,85.267164,28.101539,1195.7,1.03,18.57,66.13611,,ok,55.0,85.266570,28.102587,1214.7,2.15,36.40,85.124756,,75.6,2,140.0,688.7,22.58,R,18.99,40.87,,,,,,,,1.00,1,1,15.00,15.00,0.00,0.00,,,0,0,0,0,0
main,47.50,s2chg,329733.7,3109735.2,1129.5405,1129.5405,1129.5405,ok,85.0,85.267164,28.101539,1195.7,1.03,18.57,66.13611,,ok,55.0,85.266570,28.102587,1214.7,2.15,36.40,85.124756,,75.6,2,140.0,688.7,22.58,R,18.99,40.87,,,,,,,,1.00,1,1,15.00,15.00,0.00,0.00,,,0,0,0,0,0
main,47.60,s2,329685.1,3109649.8,1126.911,1126.911,1126.911,ok,75.0,85.266850,28.100989,1232.1,1.03,15.80,105.20325,,ok,65.0,85.265858,28.101765,1171.4,1.32,23.07,44.51184,,74.9,2,140.0,803.2,19.55,R,-60.7,27.97,,,,,,,,1.00,1,1,5.00,35.00,0.00,0.00,,,0,0,1,0,0
main,47.60,s2chg,329685.1,3109649.8,1126.911,1126.911,1126.911,ok,75.0,85.266850,28.100989,1232.1,1.03,15.80,105.20325,,ok,65.0,85.265858,28.101765,1171.4,1.32,23.07,44.51184,,74.9,2,140.0,803.2,19.55,R,-60.7,27.97,,,,,,,,1.00,1,1,5.00,35.00,0.00,0.00,,,0,0,1,0,0
main,47.70,s2,329612.0,3109593.6,1170.6143,1126.911,1126.911,ok,95.0,85.266261,28.100347,1241.7,0.83,12.91,114.804565,,ok,55.0,85.265203,28.101193,1206.6,1.41,21.56,79.65698,,97.2,2,150.0,915.2,17.45,R,-35.15,25.13,,,,,,,,1.00,1,1,5.00,35.00,0.00,0.00,,,0,0,1,1,0
main,47.70,s2chg,329612.0,3109593.6,1170.6143,1126.911,1126.911,ok,95.0,85.266261,28.100347,1241.7,0.83,12.91,114.804565,,ok,55.0,85.265203,28.101193,1206.6,1.41,21.56,79.65698,,97.2,2,150.0,915.2,17.45,R,-35.15,25.13,,,,,,,,1.00,1,1,5.00,35.00,0.00,0.00,,,0,0,1,1,0
main,47.80,s2,329546.6,3109518.6,1163.7236,1126.911,1126.911,ok,65.0,85.265424,28.099894,1226.3,0.80,12.43,99.3678,,ok,75.0,85.264343,28.100570,1196.7,0.96,14.76,69.757324,,84.6,2,140.0,2370.7,7.02,R,-29.61,19.30,,,,,,,,1.00,1,1,,35.00,0.00,0.00,,,0,0,1,1,0
main,47.80,s2chg,329546.6,3109518.6,1163.7236,1126.911,1126.911,ok,65.0,85.265424,28.099894,1226.3,0.80,12.43,99.3678,,ok,75.0,85.264343,28.100570,1196.7,0.96,14.76,69.757324,,84.6,2,140.0,2370.7,7.02,R,-29.61,19.30,,,,,,,,1.00,1,1,,35.00,0.00,0.00,,,0,0,1,1,0
main,47.90,s2,329482.1,3109443.3,1173.959,1126.911,1126.911,ok,65.0,85.264794,28.099224,1213.5,0.66,10.31,86.57373,,ok,75.0,85.263682,28.099860,1189.7,1.45,22.15,62.83716,,74.7,2,140.0,3825.7,4.32,,,,,,,,,,,1.00,1,1,5.00,15.00,0.00,0.00,,,0,0,1,1,0
main,47.90,s2chg,329482.1,3109443.3,1173.959,1126.911,1126.911,ok,65.0,85.264794,28.099224,1213.5,0.66,10.31,86.57373,,ok,75.0,85.263682,28.099860,1189.7,1.45,22.15,62.83716,,74.7,2,140.0,3825.7,4.32,,,,,,,,,,,1.00,1,1,5.00,15.00,0.00,0.00,,,0,0,1,1,0
main,48.00,s2,329443.7,3109352.4,1113.4937,1113.4937,1113.4937,ok,115.0,85.264823,28.098128,1204.8,0.62,9.63,91.28833,,ok,45.00,85.263568,28.098898,1169.5,0.79,14.79,56.044434,,73.7,2,160.0,1168.8,14.45,L,35.24,17.65,50.3,26.06,83.9,weak,,,1.87,0.98,1,1,25.00,15.00,0.00,0.00,,,0,0,1,0,0
main,48.00,s2chg,329443.7,3109352.4,1113.4937,1113.4937,1113.4937,ok,115.0,85.264823,28.098128,1204.8,0.62,9.63,91.28833,,ok,45.00,85.263568,28.098898,1169.5,0.79,14.79,56.044434,,73.7,2,160.0,1168.8,14.45,L,35.24,17.65,50.3,26.06,83.9,weak,,,1.87,0.98,1,1,25.00,15.00,0.00,0.00,,,0,0,1,0,0
main,48.10,s2,329382.8,3109274.2,1105.2836,1105.2836,1105.2836,ok,335.0,85.265636,28.095844,1351.2,0.43,6.84,245.90576,,ok,35.00,85.263082,28.098174,1151.1,4.59,69.7,45.800903,,145.9,2,370.0,1051.6,16.10,L,200.1,70.1,74.7,44.19,118.3,strong,20054,1273244,1.97,1.00,1,1,15.00,25.00,0.00,0.00,,,0,0,1,1,0
main,48.10,s2chg,329382.8,3109274.2,1105.2836,1105.2836,1105.2836,ok,335.0,85.265636,28.095844,1351.2,0.43,6.84,245.90576,,ok,35.00,85.263082,28.098174,1151.1,4.59,69.7,45.800903,,145.9,2,370.0,1051.6,16.10,L,200.1,70.1,74.7,44.19,118.3,strong,20054,1273244,1.97,1.00,1,1,15.00,25.00,0.00,0.00,,,0,0,1,1,0
main,48.20,s2,329296.8,3109223.9,1101.366,1101.366,1101.366,ok,115.0,85.263153,28.096759,1207.6,0.62,9.68,106.27173,,ok,55.0,85.262096,28.097857,1174.4,1.09,19.48,73.027466,,89.6,2,170.0,1483.8,11.21,L,33.24,21.75,53.4,23.02,93.5,weak,,,1.80,1.00,1,1,15.00,25.00,0.00,0.00,,,0,0,1,0,0
main,48.20,s2chg,329296.8,3109223.9,1101.366,1101.366,1101.366,ok,115.0,85.263153,28.096759,1207.6,0.62,9.68,106.27173,,ok,55.0,85.262096,28.097857,1174.4,1.09,19.48,73.027466,,89.6,2,170.0,1483.8,11.21,L,33.24,21.75,53.4,23.02,93.5,weak,,,1.80,1.00,1,1,15.00,25.00,0.00,0.00,,,0,0,1,0,0
main,48.30,s2,329220.7,3109161.1,1120.2219,1101.366,1101.366,ok,95.0,85.262257,28.096321,1155.1,0.52,8.26,53.768066,,ok,65.0,85.261265,28.097349,1187.5,1.08,19.27,86.10242,,69.9,2,160.0,1615.6,10.35,L,-32.33,20.97,,,,,,,,0.83,1,1,,15.00,0.00,0.00,,,0,0,1,0,0
main,48.30,s2chg,329220.7,3109161.1,1120.2219,1101.366,1101.366,ok,95.0,85.262257,28.096321,1155.1,0.52,8.26,53.768066,,ok,65.0,85.261265,28.097349,1187.5,1.08,19.27,86.10242,,69.9,2,160.0,1615.6,10.35,L,-32.33,20.97,,,,,,,,0.83,1,1,,15.00,0.00,0.00,,,0,0,1,0,0
main,48.40,s2,329157.2,3109084.3,1107.8837,1101.366,1101.366,ok,85.0,85.261515,28.095659,1140.9,1.13,17.30,39.581787,,ok,85.0,85.260537,28.096814,1170.7,0.75,14.11,69.31555,,54.4,2,170.0,739.3,23.10,L,-29.73,22.33,,,,,,,,0.81,1,1,55.0,5.00,0.00,0.00,,,0,0,1,0,0
main,48.40,s2chg,329157.2,3109084.3,1107.8837,1101.366,1101.366,ok,85.0,85.261515,28.095659,1140.9,1.13,17.30,39.581787,,ok,85.0,85.260537,28.096814,1170.7,0.75,14.11,69.31555,,54.4,2,170.0,739.3,23.10,L,-29.73,22.33,,,,,,,,0.81,1,1,55.0,5.00,0.00,0.00,,,0,0,1,0,0
main,48.50,s2,329068.0,3109041.3,1086.6805,1086.6805,1086.6805,truncated,,,,,,,,,ok,35.00,85.259999,28.096083,1139.2,0.60,11.85,52.483887,,52.5,1,,626.7,27.35,,,,,,,,,,,0.84,,1,,,0.00,0.00,0.00,,,0,,0,0
main,48.50,s2chg,329068.0,3109041.3,1086.6805,1086.6805,1086.6805,truncated,,,,,,,,,ok,35.00,85.259999,28.096083,1139.2,0.60,11.85,52.483887,,52.5,1,,626.7,27.35,,,,,,,,,,,0.84,,1,,,0.00,0.00,0.00,,,0,,0,0
main,48.60,s2,328971.3,3109015.4,1084.3062,1084.3062,1084.3062,ok,115.0,85.259414,28.094627,1159.9,0.97,17.49,75.59595,,ok,35.00,85.259072,28.095854,1139.9,0.61,9.50,55.59778,,65.6,2,150.0,802.3,21.16,L,20.00,19.91,32.39,3.76,62.4,weak,,,1.28,0.98,1,1,55.0,,0.00,0.00,,,0,0,0,1,0
main,48.60,s2chg,328971.3,3109015.4,1084.3062,1084.3062,1084.3062,ok,115.0,85.259414,28.094627,1159.9,0.97,17.49,75.59595,,ok,35.00,85.259072,28.095854,1139.9,0.61,9.50,55.59778,,65.6,2,150.0,802.3,21.16,L,20.00,19.91,32.39,3.76,62.4,weak,,,1.28,0.98,1,1,55.0,,0.00,0.00,,,0,0,0,1,0
main,48.70,s2,328872.9,3108997.5,1081.5896,1081.5896,1081.5896,ok,135.0,85.258393,28.094264,1152.1,1.04,16.01,70.50964,,ok,55.0,85.258051,28.095860,1135.4,0.59,11.62,53.80945,,62.2,2,190.0,2840.5,6.02,L,16.70,19.78,,,,,,,,1.00,1,1,55.0,,0.00,0.00,,,0,0,1,0,0
main,48.70,s2chg,328872.9,3108997.5,1081.5896,1081.5896,1081.5896,ok,135.0,85.258393,28.094264,1152.1,1.04,16.01,70.50964,,ok,55.0,85.258051,28.095860,1135.4,0.59,11.62,53.80945,,62.2,2,190.0,2840.5,6.02,L,16.70,19.78,,,,,,,,1.00,1,1,55.0,,0.00,0.00,,,0,0,1,0,0
main,48.80,s2,328773.8,3108982.8,1081.4604,1081.4604,1081.4604,ok,155.0,85.257395,28.093937,1190.0,0.63,9.82,108.55774,,ok,55.0,85.257056,28.095716,1120.8,0.87,13.43,39.383057,,74.0,2,210.0,2756.2,6.20,R,-69.2,16.63,,,,,,,,1.00,1,1,55.0,,0.00,0.00,,,0,0,1,1,0
main,48.80,s2chg,328773.8,3108982.8,1081.4604,1081.4604,1081.4604,ok,155.0,85.257395,28.093937,1190.0,0.63,9.82,108.55774,,ok,55.0,85.257056,28.095716,1120.8,0.87,13.43,39.383057,,74.0,2,210.0,2756.2,6.20,R,-69.2,16.63,,,,,,,,1.00,1,1,55.0,,0.00,0.00,,,0,0,1,1,0
main,48.90,s2,328674.8,3108967.8,1079.369,1079.369,1079.369,ok,145.0,85.256494,28.093900,1140.1,1.00,15.39,60.710083,,ok,45.00,85.256032,28.095472,1139.8,1.58,24.12,60.47815,,60.6,2,190.0,982.8,17.46,R,-0.23,28.61,,,,,,,,1.00,1,1,45.00,,0.00,0.00,,,0,0,1,1,0
main,48.90,s2chg,328674.8,3108967.8,1079.369,1079.369,1079.369,ok,145.0,85.256494,28.093900,1140.1,1.00,15.39,60.710083,,ok,45.00,85.256032,28.095472,1139.8,1.58,24.12,60.47815,,60.6,2,190.0,982.8,17.46,R,-0.23,28.61,,,,,,,,1.00,1,1,45.00,,0.00,0.00,,,0,0,1,1,0
main,49.00,s2,328578.9,3108940.6,1077.4231,1077.4231,1077.4231,ok,155.0,85.255749,28.093615,1128.3,1.15,17.68,50.904663,,ok,55.0,85.254968,28.095282,1141.7,0.97,14.95,64.2699,,57.6,2,210.0,787.0,21.92,R,13.37,23.15,,,,,,,,1.00,1,1,45.00,,0.00,0.00,,,0,0,1,1,0
main,49.00,s2chg,328578.9,3108940.6,1077.4231,1077.4231,1077.4231,ok,155.0,85.255749,28.093615,1128.3,1.15,17.68,50.904663,,ok,55.0,85.254968,28.095282,1141.7,0.97,14.95,64.2699,,57.6,2,210.0,787.0,21.92,R,13.37,23.15,,,,,,,,1.00,1,1,45.00,,0.00,0.00,,,0,0,1,1,0
main,49.10,s2,328490.8,3108893.9,1077.4685,1077.4231,1077.4231,ok,145.0,85.255018,28.093355,1134.6,0.95,14.70,57.148438,,ok,35.00,85.254114,28.094663,1138.1,0.73,11.30,60.680664,,58.9,2,180.0,1231.4,13.87,R,3.53,18.54,,,,,,,,1.00,1,1,55.0,,0.00,0.00,,,0,0,1,1,0
main,49.10,s2chg,328490.8,3108893.9,1077.4685,1077.4231,1077.4231,ok,145.0,85.255018,28.093355,1134.6,0.95,14.70,57.148438,,ok,35.00,85.254114,28.094663,1138.1,0.73,11.30,60.680664,,58.9,2,180.0,1231.4,13.87,R,3.53,18.54,,,,,,,,1.00,1,1,55.0,,0.00,0.00,,,0,0,1,1,0
main,49.20,s2,328409.9,3108835.2,1074.6571,1074.6571,1074.6571,ok,125.0,85.254142,28.092994,1121.7,0.75,11.58,47.066895,,ok,35.00,85.253288,28.094117,1131.2,0.73,11.40,56.493042,,51.8,2,160.0,4084.4,4.15,,,,,,,,,,,1.00,1,1,65.0,,0.00,0.00,,,0,0,1,1,0
main,49.20,s2chg,328409.9,3108835.2,1074.6571,1074.6571,1074.6571,ok,125.0,85.254142,28.092994,1121.7,0.75,11.58,47.066895,,ok,35.00,85.253288,28.094117,1131.2,0.73,11.40,56.493042,,51.8,2,160.0,4084.4,4.15,,,,,,,,,,,1.00,1,1,65.0,,0.00,0.00,,,0,0,1,1,0
main,49.30,s2,328327.7,3108778.2,1076.7659,1074.6571,1074.6571,ok,95.0,85.253067,28.092654,1135.3,0.48,7.55,60.64612,,ok,45.00,85.252437,28.093685,1114.3,0.88,13.54,39.664062,,50.2,2,140.0,863.2,19.90,L,20.98,15.51,35.62,13.35,64.0,weak,,,1.61,1.00,1,1,45.00,5.00,0.00,0.00,,,0,0,1,1,0
main,49.30,s2chg,328327.7,3108778.2,1076.7659,1074.6571,1074.6571,ok,95.0,85.253067,28.092654,1135.3,0.48,7.55,60.64612,,ok,45.00,85.252437,28.093685,1114.3,0.88,13.54,39.664062,,50.2,2,140.0,863.2,19.90,L,20.98,15.51,35.62,13.35,64.0,weak,,,1.61,1.00,1,1,45.00,5.00,0.00,0.00,,,0,0,1,1,0
main,49.40,s2,328236.0,3108738.8,1071.8417,1071.8417,1071.8417,ok,95.0,85.251993,28.092229,1115.6,0.56,8.80,43.77588,,ok,35.00,85.251607,28.093257,1099.9,0.80,14.82,28.090088,,35.93,2,130.0,687.7,25.11,L,15.69,17.23,,,,,,,,0.86,1,1,45.00,5.00,0.00,0.00,,,0,0,1,0,0
main,49.40,s2chg,328236.0,3108738.8,1071.8417,1071.8417,1071.8417,ok,95.0,85.251993,28.092229,1115.6,0.56,8.80,43.77588,,ok,35.00,85.251607,28.093257,1099.9,0.80,14.82,28.090088,,35.93,2,130.0,687.7,25.11,L,15.69,17.23,,,,,,,,0.86,1,1,45.00,5.00,0.00,0.00,,,0,0,1,0,0
main,49.50,s2,328137.5,3108722.7,1066.62,1066.62,1066.62,ok,105.0,85.250881,28.091953,1112.5,0.72,13.59,45.871094,,ok,35.00,85.250651,28.093108,1098.8,1.22,21.49,32.162476,,39.02,2,140.0,900.3,19.02,L,13.71,25.43,,,,,,,,1.00,1,1,55.0,5.00,0.00,0.00,,,0,0,0,0,0
main,49.50,s2chg,328137.5,3108722.7,1066.62,1066.62,1066.62,ok,105.0,85.250881,28.091953,1112.5,0.72,13.59,45.871094,,ok,35.00,85.250651,28.093108,1098.8,1.22,21.49,32.162476,,39.02,2,140.0,900.3,19.02,L,13.71,25.43,,,,,,,,1.00,1,1,55.0,5.00,0.00,0.00,,,0,0,0,0,0
main,49.60,s2,328038.0,3108711.4,1062.8212,1062.8212,1062.8212,ok,125.0,85.249802,28.091649,1107.4,0.96,14.78,44.594727,,ok,65.0,85.249639,28.093267,1149.2,1.39,24.21,86.33423,,65.5,2,190.0,1563.8,10.97,L,-41.74,28.37,,,,,,,,1.00,1,1,75.0,,0.00,0.00,,,0,0,1,0,0
main,49.60,s2chg,328038.0,3108711.4,1062.8212,1062.8212,1062.8212,ok,125.0,85.249802,28.091649,1107.4,0.96,14.78,44.594727,,ok,65.0,85.249639,28.093267,1149.2,1.39,24.21,86.33423,,65.5,2,190.0,1563.8,10.97,L,-41.74,28.37,,,,,,,,1.00,1,1,75.0,,0.00,0.00,,,0,0,1,0,0
main,49.70,s2,327937.9,3108706.4,1060.0039,1060.0039,1060.0039,ok,135.0,85.248756,28.091498,1115.7,0.98,17.71,55.700317,,ok,25.00,85.248664,28.092849,1116.8,0.91,16.55,56.830322,,56.3,2,160.0,4211.0,4.08,,,,,,,,,,,1.00,1,1,75.0,,0.00,0.00,,,0,0,0,0,0
main,49.70,s2chg,327937.9,3108706.4,1060.0039,1060.0039,1060.0039,ok,135.0,85.248756,28.091498,1115.7,0.98,17.71,55.700317,,ok,25.00,85.248664,28.092849,1116.8,0.91,16.55,56.830322,,56.3,2,160.0,4211.0,4.08,,,,,,,,,,,1.00,1,1,75.0,,0.00,0.00,,,0,0,0,0,0
main,49.80,s2,327837.8,3108704.8,1057.8002,1057.8002,1057.8002,ok,125.0,85.247717,28.091560,1097.9,1.12,19.88,40.13611,,ok,15.00,85.247652,28.092731,1108.0,0.90,16.46,50.18701,,45.16,2,140.0,17270.6,1.00,,,,,,,,,,,1.00,1,1,75.0,,0.00,0.00,,,0,0,0,0,0
main,49.80,s2chg,327837.8,3108704.8,1057.8002,1057.8002,1057.8002,ok,125.0,85.247717,28.091560,1097.9,1.12,19.88,40.13611,,ok,15.00,85.247652,28.092731,1108.0,0.90,16.46,50.18701,,45.16,2,140.0,17270.6,1.00,,,,,,,,,,,1.00,1,1,75.0,,0.00,0.00,,,0,0,0,0,0
main,49.90,s2,327737.7,3108700.9,1056.408,1056.408,1056.408,ok,155.0,85.246729,28.091242,1146.8,1.76,30.16,90.41492,,ok,35.00,85.246621,28.092863,1112.7,1.20,21.14,56.27954,,73.3,2,190.0,18104.0,0.95,,,,,,,,,,,1.00,1,1,105.0,,0.00,0.00,,,0,0,0,0,0
main,49.90,s2chg,327737.7,3108700.9,1056.408,1056.408,1056.408,ok,155.0,85.246729,28.091242,1146.8,1.76,30.16,90.41492,,ok,35.00,85.246621,28.092863,1112.7,1.20,21.14,56.27954,,73.3,2,190.0,18104.0,0.95,,,,,,,,,,,1.00,1,1,105.0,,0.00,0.00,,,0,0,0,0,0
main,50.00,s2,327637.6,3108695.3,1054.4255,1054.4255,1054.4255,ok,135.0,85.245684,28.091357,1130.4,1.16,20.62,76.01672,,ok,45.00,85.245603,28.092890,1102.4,1.52,26.27,48.009766,,62.0,2,180.0,19971.5,0.86,,,,,,,,,,,1.00,1,1,55.0,,0.00,0.00,,,0,0,0,0,0
main,50.00,s2chg,327637.6,3108695.3,1054.4255,1054.4255,1054.4255,ok,135.0,85.245684,28.091357,1130.4,1.16,20.62,76.01672,,ok,45.00,85.245603,28.092890,1102.4,1.52,26.27,48.009766,,62.0,2,180.0,19971.5,0.86,,,,,,,,,,,1.00,1,1,55.0,,0.00,0.00,,,0,0,0,0,0
main,50.1,s2,327537.6,3108692.1,1053.3206,1053.3206,1053.3206,ok,125.0,85.244643,28.091405,1120.4,0.74,11.53,67.1095,,ok,35.00,85.244595,28.092758,1075.9,1.29,22.56,22.594604,,44.85,2,160.0,1839.3,9.23,R,-44.51,25.34,,,,,,,,1.00,1,1,45.00,15.00,0.00,0.00,,,0,0,1,0,0
main,50.1,s2chg,327537.6,3108692.1,1053.3206,1053.3206,1053.3206,ok,125.0,85.244643,28.091405,1120.4,0.74,11.53,67.1095,,ok,35.00,85.244595,28.092758,1075.9,1.29,22.56,22.594604,,44.85,2,160.0,1839.3,9.23,R,-44.51,25.34,,,,,,,,1.00,1,1,45.00,15.00,0.00,0.00,,,0,0,1,0,0
main,50.2,s2,327437.5,3108695.3,1051.4913,1051.4913,1051.4913,ok,105.0,85.243718,28.091609,1094.5,0.76,11.73,43.014038,,ok,45.00,85.243534,28.092862,1089.0,1.19,21.12,37.484985,,40.25,2,150.0,816.8,20.92,R,-5.53,24.15,,,,,,,,1.00,1,1,35.00,25.00,0.00,0.00,,,0,0,1,0,0
main,50.2,s2chg,327437.5,3108695.3,1051.4913,1051.4913,1051.4913,ok,105.0,85.243718,28.091609,1094.5,0.76,11.73,43.014038,,ok,45.00,85.243534,28.092862,1089.0,1.19,21.12,37.484985,,40.25,2,150.0,816.8,20.92,R,-5.53,24.15,,,,,,,,1.00,1,1,35.00,25.00,0.00,0.00,,,0,0,1,0,0
main,50.3,s2,327340.2,3108679.8,1048.5303,1048.5303,1048.5303,ok,85.0,85.242863,28.091668,1074.0,1.00,18.10,25.463867,,ok,55.0,85.242433,28.092778,1084.7,1.07,19.21,36.16455,,30.81,2,140.0,967.7,17.54,R,10.70,26.40,,,,,,,,1.00,1,1,65.0,45.00,0.00,0.00,,,0,0,0,0,0
main,50.3,s2chg,327340.2,3108679.8,1048.5303,1048.5303,1048.5303,ok,85.0,85.242863,28.091668,1074.0,1.00,18.10,25.463867,,ok,55.0,85.242433,28.092778,1084.7,1.07,19.21,36.16455,,30.81,2,140.0,967.7,17.54,R,10.70,26.40,,,,,,,,1.00,1,1,65.0,45.00,0.00,0.00,,,0,0,0,0,0
main,50.4,s2,327252.1,3108633.2,1047.1349,1047.1349,1047.1349,ok,55.0,85.241912,28.091505,1085.1,0.82,15.16,37.92932,prebare-at-trim;no-change-in-run,ok,95.0,85.241344,28.092664,1107.6,1.18,20.85,60.41687,,60.4,1,150.0,27699.5,0.60,,,,,,,,,,,1.00,0,1,55.0,55.0,0.00,0.00,,,1,0,0,0,0
main,50.4,s2chg,327252.1,3108633.2,1047.1349,1047.1349,1047.1349,ok,55.0,85.241912,28.091505,1085.1,0.82,15.16,37.92932,prebare-at-trim;no-change-in-run,ok,95.0,85.241344,28.092664,1107.6,1.18,20.85,60.41687,,60.4,1,150.0,27699.5,0.60,,,,,,,,,,,1.00,0,1,55.0,55.0,0.00,0.00,,,1,0,0,0,0
main,50.5,s2,327165.9,3108585.7,1044.6147,1044.6147,1044.6147,ok,45.00,85.240959,28.091134,1075.0,1.43,21.88,30.387573,,truncated,,,,,,,,,30.39,1,,879.6,19.41,,,,,,,,,,,0.99,1,,15.00,,0.00,0.00,,20.00,0,,1,,0
main,50.5,s2chg,327165.9,3108585.7,1044.6147,1044.6147,1044.6147,ok,45.00,85.240959,28.091134,1075.0,1.43,21.88,30.387573,,truncated,,,,,,,,,30.39,1,,879.6,19.41,,,,,,,,,,,0.99,1,,15.00,,0.00,0.00,,20.00,0,,1,,0
main,50.6,s2,327066.3,3108577.2,1042.768,1042.768,1042.768,ok,65.0,85.239893,28.090852,1104.7,0.75,11.69,61.88965,,truncated,,,,,,,,,61.9,1,,1064.0,15.98,,,,,,,,,,,0.78,1,,35.00,,0.00,0.00,,20.00,0,,1,,0
main,50.6,s2chg,327066.3,3108577.2,1042.768,1042.768,1042.768,ok,65.0,85.239893,28.090852,1104.7,0.75,11.69,61.88965,,truncated,,,,,,,,,61.9,1,,1064.0,15.98,,,,,,,,,,,0.78,1,,35.00,,0.00,0.00,,20.00,0,,1,,0
main,50.7,s2,326966.1,3108577.3,1039.5239,1039.5239,1039.5239,ok,85.0,85.238859,28.090657,1096.4,0.77,14.35,56.915527,,truncated,,,,,,,,,56.9,1,,212230.3,0.08,,,,,,,,,,,0.93,1,,25.00,,0.00,0.00,,0.00,0,,0,,0
main,50.7,s2chg,326966.1,3108577.3,1039.5239,1039.5239,1039.5239,ok,85.0,85.238859,28.090657,1096.4,0.77,14.35,56.915527,,truncated,,,,,,,,,56.9,1,,212230.3,0.08,,,,,,,,,,,0.93,1,,25.00,,0.00,0.00,,0.00,0,,0,,0
main,50.8,s2,326866.1,3108572.2,1037.1716,1037.1716,1037.1716,truncated,,,,,,,,,truncated,,,,,,,,,,0,,1211.8,14.20,,,,,,,,,,,0.83,,,,,,,,,,,,,0
main,50.8,s2chg,326866.1,3108572.2,1037.1716,1037.1716,1037.1716,truncated,,,,,,,,,truncated,,,,,,,,,,0,,1211.8,14.20,,,,,,,,,,,0.83,,,,,,,,,,,,,0
main,50.9,s2,326768.0,3108553.5,1035.4026,1035.4026,1035.4026,ok,65.0,85.236951,28.090613,1051.1,0.74,11.46,15.677612,,ok,95.0,85.236561,28.091922,1062.6,0.64,10.06,27.216553,,21.45,2,160.0,1117.2,15.42,R,11.54,15.25,,,,,,,,0.85,1,1,35.00,55.0,20.00,50.00,,,0,0,1,1,0
main,50.9,s2chg,326768.0,3108553.5,1035.4026,1035.4026,1035.4026,ok,65.0,85.236951,28.090613,1051.1,0.74,11.46,15.677612,,ok,95.0,85.236561,28.091922,1062.6,0.64,10.06,27.216553,,21.45,2,160.0,1117.2,15.42,R,11.54,15.25,,,,,,,,0.85,1,1,35.00,55.0,20.00,50.00,,,0,0,1,1,0
main,51.0,s2,326673.5,3108520.6,1032.8291,1032.8291,1032.8291,ok,75.0,85.236078,28.090232,1057.5,0.87,13.39,24.66748,,ok,125.0,85.235427,28.091847,1072.5,0.66,10.36,39.687256,prebare-at-trim,24.67,1,200.0,1788.5,9.60,R,15.02,16.93,,,,,,,,0.83,1,1,35.00,75.0,10.00,70.0,,,0,1,1,1,0
main,51.0,s2chg,326673.5,3108520.6,1032.8291,1032.8291,1032.8291,ok,75.0,85.236078,28.090232,1057.5,0.87,13.39,24.66748,,ok,105.0,85.235496,28.091677,1061.8,0.65,10.14,29.01709,,26.84,2,180.0,1788.5,9.60,R,4.35,16.80,,,,,,,,0.83,1,1,35.00,75.0,10.00,70.0,,,0,0,1,1,0
main,51.1,s2,326579.6,3108485.8,1031.3079,1031.3079,1031.3079,ok,25.00,85.234962,28.090333,1032.5,0.27,4.54,1.2122803,prebare-at-trim;no-change-in-run,truncated,,,,,,,,,,0,,4333.8,3.96,,,,,,,,,,,0.60,0,,25.00,,0.00,0.00,,50.00,1,,1,,0
main,51.1,s2chg,326579.6,3108485.8,1031.3079,1031.3079,1031.3079,ok,25.00,85.234962,28.090333,1032.5,0.27,4.54,1.2122803,prebare-at-trim;no-change-in-run,truncated,,,,,,,,,,0,,4333.8,3.96,,,,,,,,,,,0.60,0,,25.00,,0.00,0.00,,50.00,1,,1,,0
main,51.2,s2,326485.7,3108451.0,1025.7998,1025.7998,1025.7998,ok,75.0,85.234200,28.089587,1077.4,0.74,13.94,51.617188,,ok,5.00,85.233938,28.090175,1026.4,0.12,2.56,0.55322266,prebare-at-trim;no-change-in-run,51.6,1,80.0,3517.1,4.88,,,,,,,,,,,0.45,1,0,15.00,45.00,0.00,0.00,,,0,1,0,1,0
main,51.2,s2chg,326485.7,3108451.0,1025.7998,1025.7998,1025.7998,ok,75.0,85.234200,28.089587,1077.4,0.74,13.94,51.617188,,ok,5.00,85.233938,28.090175,1026.4,0.12,2.56,0.55322266,prebare-at-trim;no-change-in-run,51.6,1,80.0,3517.1,4.88,,,,,,,,,,,0.45,1,0,15.00,45.00,0.00,0.00,,,0,1,0,1,0
main,51.3,s2,326392.3,3108415.0,1022.81744,1022.81744,1022.81744,ok,55.0,85.233188,28.089422,1071.7,0.97,15.01,48.83551,,no-bare,,,,,,,,,48.84,1,,1071.2,15.82,,,,,,,,,,,0.47,1,,15.00,,40.00,,,,0,,1,,0
main,51.3,s2chg,326392.3,3108415.0,1022.81744,1022.81744,1022.81744,ok,55.0,85.233188,28.089422,1071.7,0.97,15.01,48.83551,,no-bare,,,,,,,,,48.84,1,,1071.2,15.82,,,,,,,,,,,0.47,1,,15.00,,40.00,,,,0,,1,,0
main,51.4,s2,326298.7,3108379.4,1019.9713,1019.9713,1019.9713,truncated,,,,,,,,,truncated,,,,,,,,,,0,,704.5,24.36,,,,,,,,,,,0.33,,,,,,,,,,,,,0
main,51.4,s2chg,326298.7,3108379.4,1019.9713,1019.9713,1019.9713,truncated,,,,,,,,,truncated,,,,,,,,,,0,,704.5,24.36,,,,,,,,,,,0.33,,,,,,,,,,,,,0
main,51.5,s2,326215.2,3108325.8,1014.4747,1014.4747,1014.4747,truncated,,,,,,,,,truncated,,,,,,,,,,0,,588.2,29.22,,,,,,,,,,,0.41,,,,,0.00,0.00,20.00,90.0,,,,,0
main,51.5,s2chg,326215.2,3108325.8,1014.4747,1014.4747,1014.4747,truncated,,,,,,,,,truncated,,,,,,,,,,0,,588.2,29.22,,,,,,,,,,,0.41,,,,,0.00,0.00,20.00,90.0,,,,,0
main,51.6,s2,326159.4,3108243.4,1015.16736,1014.4747,1014.4747,truncated,,,,,,,,,truncated,,,,,,,,,,0,,905.6,18.52,,,,,,,,,,,0.28,,,,,,,,,,,,,0
main,51.6,s2chg,326159.4,3108243.4,1015.16736,1014.4747,1014.4747,truncated,,,,,,,,,truncated,,,,,,,,,,0,,905.6,18.52,,,,,,,,,,,0.28,,,,,,,,,,,,,0
main,51.7,s2,326091.1,3108170.9,1012.9619,1012.9619,1012.9619,truncated,,,,,,,,,truncated,,,,,,,,,,0,,995.4,16.89,,,,,,,,,,,0.27,,,,,,,,,,,,,0
main,51.7,s2chg,326091.1,3108170.9,1012.9619,1012.9619,1012.9619,truncated,,,,,,,,,truncated,,,,,,,,,,0,,995.4,16.89,,,,,,,,,,,0.27,,,,,,,,,,,,,0
main,51.8,s2,326041.9,3108086.7,1013.30676,1012.9619,1012.9619,truncated,,,,,,,,,truncated,,,,,,,,,,0,,2243.8,7.21,,,,,,,,,,,0.26,,,,,,,,,,,,,0
main,51.8,s2chg,326041.9,3108086.7,1013.30676,1012.9619,1012.9619,truncated,,,,,,,,,truncated,,,,,,,,,,0,,2243.8,7.21,,,,,,,,,,,0.26,,,,,,,,,,,,,0
main,51.9,s2,325990.6,3108003.1,1009.8421,1009.8421,1009.8421,truncated,,,,,,,,,truncated,,,,,,,,,,0,,725.6,22.37,,,,,,,,,,,0.43,,,,,,,,,,,,,0
main,51.9,s2chg,325990.6,3108003.1,1009.8421,1009.8421,1009.8421,truncated,,,,,,,,,truncated,,,,,,,,,,0,,725.6,22.37,,,,,,,,,,,0.43,,,,,,,,,,,,,0
main,52.0,s2,325954.7,3107914.6,1006.7231,1006.7231,1006.7231,truncated,,,,,,,,,truncated,,,,,,,,,,0,,413.4,41.67,,,,,,,,,,,0.41,,,,,,,,,,,,,0
main,52.0,s2chg,325954.7,3107914.6,1006.7231,1006.7231,1006.7231,truncated,,,,,,,,,truncated,,,,,,,,,,0,,413.4,41.67,,,,,,,,,,,0.41,,,,,,,,,,,,,0
main,52.1,s2,325858.1,3107890.7,1001.9218,1001.9218,1001.9218,truncated,,,,,,,,,truncated,,,,,,,,,,0,,717.6,22.81,,,,,,,,,,,0.38,,,,,,,,,,,,,0
main,52.1,s2chg,325858.1,3107890.7,1001.9218,1001.9218,1001.9218,truncated,,,,,,,,,truncated,,,,,,,,,,0,,717.6,22.81,,,,,,,,,,,0.38,,,,,,,,,,,,,0
main,52.2,s2,325763.6,3107858.3,999.1608,999.1608,999.1608,truncated,,,,,,,,,truncated,,,,,,,,,,0,,5192.5,3.13,,,,,,,,,,,0.28,,,,,,,,,,,,,0
main,52.2,s2chg,325763.6,3107858.3,999.1608,999.1608,999.1608,truncated,,,,,,,,,truncated,,,,,,,,,,0,,5192.5,3.13,,,,,,,,,,,0.28,,,,,,,,,,,,,0
main,52.3,s2,325675.5,3107811.2,997.80695,997.80695,997.80695,truncated,,,,,,,,,truncated,,,,,,,,,,0,,1865.8,9.17,,,,,,,,,,,0.32,,,,,,,,,,,,,0
main,52.3,s2chg,325675.5,3107811.2,997.80695,997.80695,997.80695,truncated,,,,,,,,,truncated,,,,,,,,,,0,,1865.8,9.17,,,,,,,,,,,0.32,,,,,,,,,,,,,0
main,52.4,s2,325585.1,3107768.9,995.67737,995.67737,995.67737,truncated,,,,,,,,,truncated,,,,,,,,,,0,,3963.4,4.32,,,,,,,,,,,0.31,,,,,,20.00,,30.00,,,,,0
main,52.4,s2chg,325585.1,3107768.9,995.67737,995.67737,995.67737,truncated,,,,,,,,,truncated,,,,,,,,,,0,,3963.4,4.32,,,,,,,,,,,0.31,,,,,,20.00,,30.00,,,,,0
main,52.5,s2,325503.3,3107711.5,993.6635,993.6635,993.6635,truncated,,,,,,,,,truncated,,,,,,,,,,0,,3500.7,4.82,,,,,,,,,,,0.26,,,,,,,,,,,,,0
main,52.5,s2chg,325503.3,3107711.5,993.6635,993.6635,993.6635,truncated,,,,,,,,,truncated,,,,,,,,,,0,,3500.7,4.82,,,,,,,,,,,0.26,,,,,,,,,,,,,0
main,52.6,s2,325415.4,3107664.1,991.3345,991.3345,991.3345,truncated,,,,,,,,,truncated,,,,,,,,,,0,,2844.4,5.93,,,,,,,,,,,0.13,,,,,,,,,,,,,0
main,52.6,s2chg,325415.4,3107664.1,991.3345,991.3345,991.3345,truncated,,,,,,,,,truncated,,,,,,,,,,0,,2844.4,5.93,,,,,,,,,,,0.13,,,,,,,,,,,,,0
main,52.7,s2,325322.4,3107627.2,988.4805,988.4805,988.4805,truncated,,,,,,,,,truncated,,,,,,,,,,0,,2460.6,6.85,,,,,,,,,,,0.19,,,,,,,,,,,,,0
main,52.7,s2chg,325322.4,3107627.2,988.4805,988.4805,988.4805,truncated,,,,,,,,,truncated,,,,,,,,,,0,,2460.6,6.85,,,,,,,,,,,0.19,,,,,,,,,,,,,0
main,52.8,s2,325263.5,3107548.4,979.8883,979.8883,979.8883,truncated,,,,,,,,,truncated,,,,,,,,,,0,,2516.9,6.69,,,,,,,,,,,0.21,,,,,,,,,,,,,0
main,52.8,s2chg,325263.5,3107548.4,979.8883,979.8883,979.8883,truncated,,,,,,,,,truncated,,,,,,,,,,0,,2516.9,6.69,,,,,,,,,,,0.21,,,,,,,,,,,,,0
main,52.9,s2,325179.0,3107496.0,974.8467,974.8467,974.8467,truncated,,,,,,,,,truncated,,,,,,,,,,0,,16864.3,0.99,,,,,,,,,,,0.16,,,,,,,,,,,,,0
main,52.9,s2chg,325179.0,3107496.0,974.8467,974.8467,974.8467,truncated,,,,,,,,,truncated,,,,,,,,,,0,,16864.3,0.99,,,,,,,,,,,0.16,,,,,,,,,,,,,0
main,53.0,s2,325085.6,3107460.1,970.04376,970.04376,970.04376,truncated,,,,,,,,,truncated,,,,,,,,,,0,,2636.1,6.35,,,,,,,,,,,0.11,,,,,,,,,,,,,0
main,53.0,s2chg,325085.6,3107460.1,970.04376,970.04376,970.04376,truncated,,,,,,,,,truncated,,,,,,,,,,0,,2636.1,6.35,,,,,,,,,,,0.11,,,,,,,,,,,,,0
main,53.1,s2,325000.0,3107410.9,966.84326,966.84326,966.84326,truncated,,,,,,,,,truncated,,,,,,,,,,0,,755.3,22.70,,,,,,,,,,,0.12,,,,,,,,,,,,,0
main,53.1,s2chg,325000.0,3107410.9,966.84326,966.84326,966.84326,truncated,,,,,,,,,truncated,,,,,,,,,,0,,755.3,22.70,,,,,,,,,,,0.12,,,,,,,,,,,,,0
main,53.2,s2,324939.4,3107331.6,963.1912,963.1912,963.1912,truncated,,,,,,,,,truncated,,,,,,,,,,0,,1253.7,13.42,,,,,,,,,,,0.02,,,,,,,,,,,,,0
main,53.2,s2chg,324939.4,3107331.6,963.1912,963.1912,963.1912,truncated,,,,,,,,,truncated,,,,,,,,,,0,,1253.7,13.42,,,,,,,,,,,0.02,,,,,,,,,,,,,0
main,53.7,s2,324577.2,3107003.1,931.1763,931.1763,931.1763,truncated,,,,,,,,,truncated,,,,,,,,,,0,,2432.3,6.99,,,,,,,,,,,0.09,,,,,,,,,,,,,0
main,53.7,s2chg,324577.2,3107003.1,931.1763,931.1763,931.1763,truncated,,,,,,,,,truncated,,,,,,,,,,0,,2432.3,6.99,,,,,,,,,,,0.09,,,,,,,,,,,,,0
main,53.8,s2,324488.0,3106957.9,925.77936,925.77936,925.77936,truncated,,,,,,,,,truncated,,,,,,,,,,0,,8974.9,1.90,,,,,,,,,,,0.21,,,,,,,,,,,,,0
main,53.8,s2chg,324488.0,3106957.9,925.77936,925.77936,925.77936,truncated,,,,,,,,,truncated,,,,,,,,,,0,,8974.9,1.90,,,,,,,,,,,0.21,,,,,,,,,,,,,0
main,53.9,s2,324400.8,3106908.9,922.8411,922.8411,922.8411,truncated,,,,,,,,,truncated,,,,,,,,,,0,,3527.9,4.79,,,,,,,,,,,0.43,,,,,,,,,,,,,0
main,53.9,s2chg,324400.8,3106908.9,922.8411,922.8411,922.8411,truncated,,,,,,,,,truncated,,,,,,,,,,0,,3527.9,4.79,,,,,,,,,,,0.43,,,,,,,,,,,,,0
main,54.0,s2,324319.7,3106850.6,919.0505,919.0505,919.0505,truncated,,,,,,,,,truncated,,,,,,,,,,0,,2029.0,8.33,,,,,,,,,,,0.55,,,,,0.00,0.00,0.00,10.00,,,,,0
main,54.0,s2chg,324319.7,3106850.6,919.0505,919.0505,919.0505,truncated,,,,,,,,,truncated,,,,,,,,,,0,,2029.0,8.33,,,,,,,,,,,0.55,,,,,0.00,0.00,0.00,10.00,,,,,0
main,54.1,s2,324238.1,3106793.7,916.0657,916.0657,916.0657,truncated,,,,,,,,,truncated,,,,,,,,,,0,,3561.9,4.66,,,,,,,,,,,0.45,,,,,0.00,0.00,30.00,150.0,,,,,0
main,54.1,s2chg,324238.1,3106793.7,916.0657,916.0657,916.0657,truncated,,,,,,,,,ok,95.0,85.210956,28.075671,938.6,0.60,9.42,22.543274,,22.54,1,,3561.9,4.66,,,,,,,,,,,0.45,,1,,75.0,0.00,0.00,30.00,,,0,,1,0
main,54.2,s2,324139.2,3106781.2,910.2228,910.2228,910.2228,truncated,,,,,,,,,truncated,,,,,,,,,,0,,732.1,22.61,,,,,,,,,,,0.36,,,,,,,,,,,,,0
main,54.2,s2chg,324139.2,3106781.2,910.2228,910.2228,910.2228,truncated,,,,,,,,,truncated,,,,,,,,,,0,,732.1,22.61,,,,,,,,,,,0.36,,,,,,,,,,,,,0
main,54.3,s2,324051.1,3106740.4,906.14636,906.14636,906.14636,truncated,,,,,,,,,truncated,,,,,,,,,,0,,383.4,44.71,,,,,,,,,,,0.31,,,,,,,,,,,,,0
main,54.3,s2chg,324051.1,3106740.4,906.14636,906.14636,906.14636,truncated,,,,,,,,,truncated,,,,,,,,,,0,,383.4,44.71,,,,,,,,,,,0.31,,,,,,,,,,,,,0
main,54.4,s2,323992.7,3106659.5,902.3152,902.3152,902.3152,truncated,,,,,,,,,truncated,,,,,,,,,,0,,338.1,50.2,,,,,,,,,,,0.26,,,,,,,,,,,,,0
main,54.4,s2chg,323992.7,3106659.5,902.3152,902.3152,902.3152,truncated,,,,,,,,,truncated,,,,,,,,,,0,,338.1,50.2,,,,,,,,,,,0.26,,,,,,,,,,,,,0
main,54.5,s2,323952.2,3106568.8,898.66125,898.66125,898.66125,truncated,,,,,,,,,truncated,,,,,,,,,,0,,530.6,31.56,,,,,,,,,,,0.36,,,,,30.00,,40.00,,,,,,0
main,54.5,s2chg,323952.2,3106568.8,898.66125,898.66125,898.66125,truncated,,,,,,,,,truncated,,,,,,,,,,0,,530.6,31.56,,,,,,,,,,,0.36,,,,,30.00,,40.00,,,,,,0
main,54.6,s2,323936.8,3106470.6,895.27356,895.27356,895.27356,truncated,,,,,,,,,truncated,,,,,,,,,,0,,268198.6,0.06,,,,,,,,,,,0.45,,,,,,,,,,,,,0
main,54.6,s2chg,323936.8,3106470.6,895.27356,895.27356,895.27356,truncated,,,,,,,,,truncated,,,,,,,,,,0,,268198.6,0.06,,,,,,,,,,,0.45,,,,,,,,,,,,,0
main,54.7,s2,323935.9,3106371.0,891.92474,891.92474,891.92474,truncated,,,,,,,,,truncated,,,,,,,,,,0,,485.7,34.41,,,,,,,,,,,0.46,,,,,,,,,,,,,0
main,54.7,s2chg,323935.9,3106371.0,891.92474,891.92474,891.92474,truncated,,,,,,,,,truncated,,,,,,,,,,0,,485.7,34.41,,,,,,,,,,,0.46,,,,,,,,,,,,,0
main,54.8,s2,323902.1,3106278.9,888.7746,888.7746,888.7746,truncated,,,,,,,,,truncated,,,,,,,,,,0,,345.9,50.5,,,,,,,,,,,0.46,,,,,,,,,,,,,0
main,54.8,s2chg,323902.1,3106278.9,888.7746,888.7746,888.7746,truncated,,,,,,,,,truncated,,,,,,,,,,0,,345.9,50.5,,,,,,,,,,,0.46,,,,,,,,,,,,,0
main,54.9,s2,323827.5,3106213.7,885.9726,885.9726,885.9726,truncated,,,,,,,,,truncated,,,,,,,,,,0,,588.4,27.08,,,,,,,,,,,0.46,,,,,,,,,,,,,0
main,54.9,s2chg,323827.5,3106213.7,885.9726,885.9726,885.9726,truncated,,,,,,,,,truncated,,,,,,,,,,0,,588.4,27.08,,,,,,,,,,,0.46,,,,,,,,,,,,,0
main,55.0,s2,323735.8,3106174.5,882.4133,882.4133,882.4133,truncated,,,,,,,,,truncated,,,,,,,,,,0,,818.9,19.07,,,,,,,,,,,0.43,,,,,,,,,,,,,0
main,55.0,s2chg,323735.8,3106174.5,882.4133,882.4133,882.4133,truncated,,,,,,,,,truncated,,,,,,,,,,0,,818.9,19.07,,,,,,,,,,,0.43,,,,,,,,,,,,,0
main,55.1,s2,323645.4,3106132.2,878.3825,878.3825,878.3825,truncated,,,,,,,,sharp-bend,truncated,,,,,,,,sharp-bend,,0,,291.8,60.1,,,,,,,,,,,0.42,,,,,,,,,,,,,0
main,55.1,s2chg,323645.4,3106132.2,878.3825,878.3825,878.3825,truncated,,,,,,,,sharp-bend,truncated,,,,,,,,sharp-bend,,0,,291.8,60.1,,,,,,,,,,,0.42,,,,,,,,,,,,,0
main,55.2,s2,323618.9,3106039.4,872.5526,872.5526,872.5526,truncated,,,,,,,,sharp-bend,truncated,,,,,,,,sharp-bend,,0,,259.8,65.6,,,,,,,,,,,0.43,,,,,,,,,,,,,0
main,55.2,s2chg,323618.9,3106039.4,872.5526,872.5526,872.5526,truncated,,,,,,,,sharp-bend,truncated,,,,,,,,sharp-bend,,0,,259.8,65.6,,,,,,,,,,,0.43,,,,,,,,,,,,,0
main,55.3,s2,323618.9,3105939.9,870.10254,870.10254,870.10254,truncated,,,,,,,,,truncated,,,,,,,,,,0,,315.1,52.5,,,,,,,,,,,0.60,,,,,,,,,,,,,0
main,55.3,s2chg,323618.9,3105939.9,870.10254,870.10254,870.10254,truncated,,,,,,,,,truncated,,,,,,,,,,0,,315.1,52.5,,,,,,,,,,,0.60,,,,,,,,,,,,,0
main,55.4,s2,323644.3,3105843.7,858.2658,858.2658,858.2658,ok,145.0,85.206734,28.066764,897.8,0.35,5.75,39.517456,,no-bare,,,,,,,,,39.52,1,,576.9,29.44,,,,,,,,,,,0.91,1,,65.0,,70.0,,,,0,,1,,0
main,55.4,s2chg,323644.3,3105843.7,858.2658,858.2658,858.2658,ok,85.0,85.206171,28.066555,883.3,0.23,3.94,25.01007,,no-bare,,,,,,,,,25.01,1,,576.9,29.44,,,,,,,,,,,0.91,1,,65.0,,70.0,,,,0,,1,,0
main,55.5,s2,323696.2,3105759.2,864.02,858.2658,858.2658,ok,125.0,85.207029,28.066045,896.3,0.44,6.96,38.064636,,ok,65.0,85.205428,28.065257,883.1,0.14,2.76,24.857544,,31.46,2,190.0,1616.2,10.45,R,-13.21,7.48,,,,,,,,1.00,1,1,45.00,45.00,0.00,0.00,,,0,0,1,1,0
main,55.5,s2chg,323696.2,3105759.2,864.02,858.2658,858.2658,ok,125.0,85.207029,28.066045,896.3,0.44,6.96,38.064636,,ok,65.0,85.205428,28.065257,883.1,0.14,2.76,24.857544,,31.46,2,190.0,1616.2,10.45,R,-13.21,7.48,,,,,,,,1.00,1,1,45.00,45.00,0.00,0.00,,,0,0,1,1,0
main,55.6,s2,323748.5,3105674.7,863.8631,858.2658,858.2658,ok,115.0,85.207482,28.065249,930.5,2.73,41.52,72.256165,,ok,85.0,85.205795,28.064411,874.3,0.59,9.31,16.07605,,44.17,2,200.0,3248.4,5.24,,,,,,,,,,,1.00,1,1,75.0,75.0,0.00,0.00,,,0,0,1,1,0
main,55.6,s2chg,323748.5,3105674.7,863.8631,858.2658,858.2658,ok,115.0,85.207482,28.065249,930.5,2.73,41.52,72.256165,,ok,85.0,85.205795,28.064411,874.3,0.59,9.31,16.07605,,44.17,2,200.0,3248.4,5.24,,,,,,,,,,,1.00,1,1,75.0,75.0,0.00,0.00,,,0,0,1,1,0
main,55.7,s2,323789.7,3105583.9,858.679,858.2658,858.2658,ok,55.0,85.207404,28.064131,896.0,1.28,19.68,37.712463,,ok,95.0,85.206100,28.063624,879.0,0.67,10.47,20.779663,,29.25,2,150.0,1391.8,12.29,L,16.93,22.29,,,,,,,,1.00,1,1,45.00,85.0,0.00,0.00,,,0,0,1,1,0
main,55.7,s2chg,323789.7,3105583.9,858.679,858.2658,858.2658,ok,55.0,85.207404,28.064131,896.0,1.28,19.68,37.712463,,ok,95.0,85.206100,28.063624,879.0,0.67,10.47,20.779663,,29.25,2,150.0,1391.8,12.29,L,16.93,22.29,,,,,,,,1.00,1,1,45.00,85.0,0.00,0.00,,,0,0,1,1,0
main,55.8,s2,323826.3,3105491.1,857.2111,857.2111,857.2111,ok,55.0,85.207803,28.063271,949.1,0.78,14.60,91.92786,,ok,155.0,85.205890,28.062659,882.0,0.57,9.00,24.761047,,58.3,2,210.0,1198.6,14.28,L,67.2,17.15,61.3,38.83,93.6,weak,,,2.56,1.00,1,1,35.00,65.0,0.00,0.00,,,0,0,0,1,0
main,55.8,s2chg,323826.3,3105491.1,857.2111,857.2111,857.2111,ok,55.0,85.207803,28.063271,949.1,0.78,14.60,91.92786,,ok,85.0,85.206559,28.062873,863.5,0.26,4.39,6.307495,no-change-in-run,91.9,1,140.0,1198.6,14.28,L,85.6,15.24,84.8,56.4,125.4,weak,,,3.86,1.00,1,0,35.00,65.0,0.00,0.00,,,0,0,0,1,0
main,55.9,s2,323854.5,3105395.6,854.13916,854.13916,854.13916,ok,45.00,85.208018,28.062353,867.4,1.59,24.32,13.309143,prebare-at-trim;no-change-in-run,ok,125.0,85.206447,28.061977,875.0,0.43,6.84,20.821838,,20.82,1,170.0,1842.2,9.28,L,-7.51,25.27,,,,,,,,1.00,0,1,45.00,45.00,0.00,0.00,,,1,0,1,1,0
main,55.9,s2chg,323854.5,3105395.6,854.13916,854.13916,854.13916,ok,45.00,85.208018,28.062353,867.4,1.59,24.32,13.309143,prebare-at-trim;no-change-in-run,ok,65.0,85.207036,28.062118,862.6,0.21,3.67,8.508789,,8.51,1,110.0,1842.2,9.28,L,4.80,24.60,,,,,,,,1.00,0,1,45.00,45.00,0.00,0.00,,,1,0,1,1,0
main,56.0,s2,323876.6,3105298.4,846.9804,846.9804,846.9804,ok,55.0,85.208363,28.061475,879.0,2.13,32.41,31.999939,,ok,155.0,85.206369,28.061118,874.3,0.56,8.82,27.31958,,29.66,2,210.0,3100.4,5.50,,,,,,,,,,,1.00,1,1,35.00,25.00,0.00,0.00,,,0,0,1,1,0
main,56.0,s2chg,323876.6,3105298.4,846.9804,846.9804,846.9804,ok,55.0,85.208363,28.061475,879.0,2.13,32.41,31.999939,,ok,85.0,85.207067,28.061243,858.6,0.14,2.71,11.644287,,21.82,2,140.0,3100.4,5.50,,,,,,,,,,,1.00,1,1,35.00,25.00,0.00,0.00,,,0,0,1,1,0
main,56.1,s2,323886.3,3105199.3,845.2313,845.2313,845.2313,truncated,,,,,,,,,ok,125.0,85.206788,28.060254,871.6,0.78,14.55,26.32434,prebare-at-trim;no-change-in-run,,0,,23282.3,0.73,,,,,,,,,,,0.99,,0,,45.00,0.00,0.00,80.0,,,1,,0,0
main,56.1,s2chg,323886.3,3105199.3,845.2313,845.2313,845.2313,truncated,,,,,,,,,ok,85.0,85.207185,28.060333,857.2,0.21,3.66,11.958923,no-change-in-run,,0,,23282.3,0.73,,,,,,,,,,,0.99,,0,,45.00,0.00,0.00,80.0,,,0,,1,0
main,56.2,s2,323913.9,3105104.0,843.52686,843.52686,843.52686,truncated,,,,,,,,,ok,105.0,85.207280,28.059442,870.9,0.54,8.44,27.326477,,27.33,1,,4191.8,4.07,,,,,,,,,,,0.84,,1,,55.0,0.00,0.00,20.00,,,0,,1,0
main,56.2,s2chg,323913.9,3105104.0,843.52686,843.52686,843.52686,truncated,,,,,,,,,ok,105.0,85.207280,28.059442,870.9,0.54,8.44,27.326477,,27.33,1,,4191.8,4.07,,,,,,,,,,,0.84,,1,,55.0,0.00,0.00,20.00,,,0,,1,0
main,56.3,s2,323935.4,3105007.2,836.62976,836.62976,836.62976,truncated,,,,,,,,,ok,115.0,85.207411,28.058565,859.9,1.14,17.52,23.268372,,23.27,1,,2207.6,7.73,,,,,,,,,,,0.81,,1,,25.00,,20.00,,,,0,,1,0
main,56.3,s2chg,323935.4,3105007.2,836.62976,836.62976,836.62976,truncated,,,,,,,,,ok,45.00,85.208109,28.058693,846.9,0.47,7.52,10.306946,no-change-in-run,,0,,2207.6,7.73,,,,,,,,,,,0.81,,0,,25.00,,20.00,,,,0,,1,0
main,56.4,s2,323949.9,3104908.6,831.307,831.307,831.307,truncated,,,,,,,,,ok,135.0,85.207352,28.057764,875.1,1.27,22.24,43.75946,,43.76,1,,960.0,17.71,,,,,,,,,,,0.79,,1,,25.00,,30.00,,,,0,,0,0
main,56.4,s2chg,323949.9,3104908.6,831.307,831.307,831.307,truncated,,,,,,,,,ok,135.0,85.207352,28.057764,875.1,1.27,22.24,43.75946,,43.76,1,,960.0,17.71,,,,,,,,,,,0.79,,1,,25.00,,30.00,,,,0,,0,0
main,56.5,s2,323952.5,3104809.1,833.40076,831.307,831.307,truncated,,,,,,,,,truncated,,,,,,,,,,0,,714.1,23.74,,,,,,,,,,,0.60,,,,,,20.00,,90.0,,,,,0
main,56.5,s2chg,323952.5,3104809.1,833.40076,831.307,831.307,truncated,,,,,,,,,truncated,,,,,,,,,,0,,714.1,23.74,,,,,,,,,,,0.60,,,,,,20.00,,90.0,,,,,0
main,56.6,s2,323954.7,3104709.4,830.9831,830.9831,830.9831,truncated,,,,,,,,,ok,145.0,85.207345,28.056302,848.0,1.06,16.37,17.060486,,17.06,1,,568.3,30.36,,,,,,,,,,,0.62,,1,,25.00,,20.00,,,,0,,1,0
main,56.6,s2chg,323954.7,3104709.4,830.9831,830.9831,830.9831,truncated,,,,,,,,,ok,65.0,85.208146,28.056176,842.0,0.06,1.85,11.050476,,11.05,1,,568.3,30.36,,,,,,,,,,,0.62,,1,,25.00,,20.00,,,,0,,1,0
main,56.7,s2,323922.4,3104616.2,828.3564,828.3564,828.3564,no-bare,,,,,,,,,ok,155.0,85.207004,28.055712,844.3,0.80,12.39,15.97467,,15.97,1,,692.6,24.72,,,,,,,,,,,0.65,,1,,25.00,,10.00,,,,0,,1,0
main,56.7,s2chg,323922.4,3104616.2,828.3564,828.3564,828.3564,no-bare,,,,,,,,,ok,155.0,85.207004,28.055712,844.3,0.80,12.39,15.97467,,15.97,1,,692.6,24.72,,,,,,,,,,,0.65,,1,,25.00,,10.00,,,,0,,1,0
main,56.8,s2,323871.1,3104530.6,826.0165,826.0165,826.0165,ok,85.0,85.208638,28.054111,867.1,0.86,13.32,41.08716,,ok,155.0,85.206586,28.055108,851.5,0.86,13.27,25.498413,,33.29,2,240.0,1069.9,15.80,L,15.59,18.81,,,,,,,,0.79,1,1,35.00,85.0,0.00,0.00,,,0,0,1,1,0
main,56.8,s2chg,323871.1,3104530.6,826.0165,826.0165,826.0165,ok,85.0,85.208638,28.054111,867.1,0.86,13.32,41.08716,,ok,155.0,85.206586,28.055108,851.5,0.86,13.27,25.498413,,33.29,2,240.0,1069.9,15.80,L,15.59,18.81,,,,,,,,0.79,1,1,35.00,85.0,0.00,0.00,,,0,0,1,1,0
main,56.9,s2,323821.4,3104444.1,824.03156,824.03156,824.03156,ok,135.0,85.208583,28.053094,928.3,0.80,12.41,104.25983,,ok,135.0,85.206280,28.054247,842.4,0.93,14.41,18.372803,,61.3,2,270.0,914.0,18.32,L,85.9,19.02,53.4,34.58,80.4,strong,11291,512555,2.18,0.80,1,1,45.00,75.0,0.00,0.00,,,0,0,1,1,0
main,56.9,s2chg,323821.4,3104444.1,824.03156,824.03156,824.03156,ok,135.0,85.208583,28.053094,928.3,0.80,12.41,104.25983,,ok,135.0,85.206280,28.054247,842.4,0.93,14.41,18.372803,,61.3,2,270.0,914.0,18.32,L,85.9,19.02,53.4,34.58,80.4,strong,11291,512555,2.18,0.80,1,1,45.00,75.0,0.00,0.00,,,0,0,1,1,0
main,57.0,s2,323772.3,3104357.3,820.567,820.567,820.567,ok,65.0,85.207432,28.052554,853.9,1.31,20.07,33.29236,,truncated,,,,,,,,,33.29,1,,772.1,22.03,,,,,,,,,,,0.83,1,,25.00,,0.00,0.00,,30.00,0,,1,,0
main,57.0,s2chg,323772.3,3104357.3,820.567,820.567,820.567,ok,65.0,85.207432,28.052554,853.9,1.31,20.07,33.29236,,truncated,,,,,,,,,33.29,1,,772.1,22.03,,,,,,,,,,,0.83,1,,25.00,,0.00,0.00,,30.00,0,,1,,0
main,57.1,s2,323712.8,3104278.2,817.1313,817.1313,817.1313,ok,75.0,85.206830,28.051690,854.6,0.83,12.86,37.512146,,ok,185.0,85.205124,28.053363,859.0,1.08,16.57,41.85315,,39.68,2,260.0,721.5,23.74,L,-4.34,20.97,,,,,,,,0.93,1,1,25.00,65.0,30.00,60.0,,,0,0,1,1,0
main,57.1,s2chg,323712.8,3104278.2,817.1313,817.1313,817.1313,ok,75.0,85.206830,28.051690,854.6,0.83,12.86,37.512146,,ok,95.0,85.205738,28.052761,834.6,0.09,2.14,17.517334,,27.51,2,170.0,721.5,23.74,L,19.99,13.04,28.85,12.49,50.5,weak,,,1.76,0.93,1,1,25.00,65.0,30.00,60.0,,,0,0,1,1,0
main,57.2,s2,323619.8,3104242.5,812.6915,812.6915,812.6915,ok,85.0,85.205890,28.051240,839.9,0.63,9.88,27.17871,,ok,115.0,85.204753,28.052627,831.3,0.39,6.32,18.604187,prebare-at-trim;no-change-in-run,27.18,1,200.0,3107.9,5.39,,,,,,,,,,,0.88,1,0,35.00,115.0,0.00,0.00,,,0,1,1,1,0
main,57.2,s2chg,323619.8,3104242.5,812.6915,812.6915,812.6915,ok,85.0,85.205890,28.051240,839.9,0.63,9.88,27.17871,,ok,115.0,85.204753,28.052627,831.3,0.39,6.32,18.604187,prebare-at-trim;no-change-in-run,27.18,1,200.0,3107.9,5.39,,,,,,,,,,,0.88,1,0,35.00,115.0,0.00,0.00,,,0,1,1,1,0
main,57.3,s2,323542.8,3104178.8,809.99603,809.99603,809.99603,ok,115.0,85.205317,28.050450,862.9,0.18,3.31,52.932617,,ok,115.0,85.203958,28.052028,841.4,1.41,21.58,31.430359,,42.18,2,230.0,2473.9,6.79,R,-21.50,21.83,,,,,,,,0.88,1,1,65.0,105.0,0.00,0.00,,,0,0,1,1,0
main,57.3,s2chg,323542.8,3104178.8,809.99603,809.99603,809.99603,ok,115.0,85.205317,28.050450,862.9,0.18,3.31,52.932617,,ok,115.0,85.203958,28.052028,841.4,1.41,21.58,31.430359,,42.18,2,230.0,2473.9,6.79,R,-21.50,21.83,,,,,,,,0.88,1,1,65.0,105.0,0.00,0.00,,,0,0,1,1,0
main,57.4,s2,323468.3,3104112.1,807.3007,807.3007,807.3007,ok,135.0,85.204772,28.049753,837.9,0.82,12.62,30.648926,,ok,105.0,85.203212,28.051300,850.0,1.23,18.93,42.68402,prebare-at-trim,30.65,1,240.0,662.7,25.06,R,12.04,22.76,,,,,,,,0.87,1,1,45.00,45.00,0.00,0.00,,,0,1,1,1,0
main,57.4,s2chg,323468.3,3104112.1,807.3007,807.3007,807.3007,ok,135.0,85.204772,28.049753,837.9,0.82,12.62,30.648926,,ok,75.0,85.203416,28.051099,834.7,0.31,5.04,27.412354,,29.03,2,210.0,662.7,25.06,R,-3.24,13.59,,,,,,,,0.87,1,1,45.00,45.00,0.00,0.00,,,0,0,1,1,0
main,57.5,s2,323389.0,3104051.4,805.9375,805.9375,805.9375,ok,145.0,85.204216,28.049293,846.6,1.11,17.02,40.64911,,ok,45.00,85.202771,28.050291,824.9,2.11,32.17,18.92926,,29.79,2,190.0,558.4,30.57,R,-21.72,36.40,,,,,,,,0.84,1,1,35.00,25.00,0.00,0.00,,,0,0,1,1,0
main,57.5,s2chg,323389.0,3104051.4,805.9375,805.9375,805.9375,ok,145.0,85.204216,28.049293,846.6,1.11,17.02,40.64911,,ok,45.00,85.202771,28.050291,824.9,2.11,32.17,18.92926,,29.79,2,190.0,558.4,30.57,R,-21.72,36.40,,,,,,,,0.84,1,1,35.00,25.00,0.00,0.00,,,0,0,1,1,0
main,57.6,s2,323332.8,3103971.1,803.53503,803.53503,803.53503,ok,135.0,85.203746,28.048871,825.9,1.03,15.84,22.380371,,ok,55.0,85.202066,28.049517,866.1,1.14,17.58,62.54315,prebare-at-trim;no-change-in-run,22.38,1,190.0,607.3,28.08,R,40.16,23.66,35.49,16.69,61.0,weak,,,1.74,0.86,1,0,25.00,55.0,0.00,0.00,,,0,1,1,1,0
main,57.6,s2chg,323332.8,3103971.1,803.53503,803.53503,803.53503,ok,135.0,85.203746,28.048871,825.9,1.03,15.84,22.380371,,ok,55.0,85.202066,28.049517,866.1,1.14,17.58,62.54315,prebare-at-trim;no-change-in-run,22.38,1,190.0,607.3,28.08,R,40.16,23.66,35.49,16.69,61.0,weak,,,1.74,0.86,1,0,25.00,55.0,0.00,0.00,,,0,1,1,1,0
main,57.7,s2,323325.3,3103871.9,799.9613,799.9613,799.9613,ok,105.0,85.203448,28.048187,818.3,0.53,8.35,18.316528,,ok,115.0,85.201399,28.048721,877.2,0.82,12.71,77.23761,prebare-at-trim;no-change-in-run,18.32,1,220.0,2798.1,5.91,R,58.9,15.21,85.7,54.2,131.1,weak,,,3.96,0.81,1,0,25.00,115.0,0.00,0.00,,,0,1,1,1,0
main,57.7,s2chg,323325.3,3103871.9,799.9613,799.9613,799.9613,ok,105.0,85.203448,28.048187,818.3,0.53,8.35,18.316528,,ok,115.0,85.201399,28.048721,877.2,0.82,12.71,77.23761,prebare-at-trim;no-change-in-run,18.32,1,220.0,2798.1,5.91,R,58.9,15.21,85.7,54.2,131.1,weak,,,3.96,0.81,1,0,25.00,115.0,0.00,0.00,,,0,1,1,1,0
main,57.8,s2,323290.9,3103779.4,797.1233,797.1233,797.1233,ok,115.0,85.203189,28.047266,826.9,0.84,12.98,29.819824,,ok,95.0,85.201275,28.047876,824.4,0.84,12.95,27.274597,,28.55,2,210.0,1965.3,8.58,L,2.55,18.34,,,,,,,,0.81,1,1,65.0,35.00,0.00,0.00,,,0,0,1,1,0
main,57.8,s2chg,323290.9,3103779.4,797.1233,797.1233,797.1233,ok,115.0,85.203189,28.047266,826.9,0.84,12.98,29.819824,,ok,55.0,85.201658,28.047754,804.6,0.31,5.05,7.4854736,,18.65,2,170.0,1965.3,8.58,L,22.33,13.93,50.3,22.66,87.4,weak,,,3.72,0.81,1,1,65.0,35.00,0.00,0.00,,,0,0,1,1,0
main,57.9,s2,323245.6,3103690.5,793.9423,793.9423,793.9423,ok,85.0,85.202419,28.046476,825.2,0.73,11.38,31.217834,,ok,95.0,85.200866,28.047151,826.7,0.62,9.76,32.79474,,32.01,2,180.0,853.8,19.79,L,-1.58,14.99,,,,,,,,0.86,1,1,35.00,25.00,0.00,0.00,,,0,0,1,1,0
main,57.9,s2chg,323245.6,3103690.5,793.9423,793.9423,793.9423,ok,85.0,85.202419,28.046476,825.2,0.73,11.38,31.217834,,ok,95.0,85.200866,28.047151,826.7,0.62,9.76,32.79474,,32.01,2,180.0,853.8,19.79,L,-1.58,14.99,,,,,,,,0.86,1,1,35.00,25.00,0.00,0.00,,,0,0,1,1,0
main,58.0,s2,323200.2,3103601.7,790.748,790.748,790.748,no-bare,,,,,,,,,ok,95.0,85.200462,28.046415,813.8,0.42,6.71,23.098145,,23.10,1,,808.5,21.10,,,,,,,,,,,0.87,,1,,35.00,,10.00,,,,0,,1,0
main,58.0,s2chg,323200.2,3103601.7,790.748,790.748,790.748,no-bare,,,,,,,,,ok,95.0,85.200462,28.046415,813.8,0.42,6.71,23.098145,,23.10,1,,808.5,21.10,,,,,,,,,,,0.87,,1,,35.00,,10.00,,,,0,,1,0
main,58.1,s2,323149.0,3103516.7,788.998,788.998,788.998,truncated,,,,,,,,,ok,115.0,85.199883,28.045859,812.8,0.47,9.81,23.796387,,23.80,1,,678.6,25.48,,,,,,,,,,,0.82,,1,,35.00,0.00,0.00,10.00,,,0,,0,0
main,58.1,s2chg,323149.0,3103516.7,788.998,788.998,788.998,truncated,,,,,,,,,ok,115.0,85.199883,28.045859,812.8,0.47,9.81,23.796387,,23.80,1,,678.6,25.48,,,,,,,,,,,0.82,,1,,35.00,0.00,0.00,10.00,,,0,,0,0
main,58.2,s2,323069.1,3103456.6,786.64703,786.64703,786.64703,truncated,,,,,,,,,ok,125.0,85.199139,28.045486,813.0,0.57,8.97,26.399048,,26.40,1,,1014.3,16.80,,,,,,,,,,,0.84,,1,,45.00,0.00,0.00,60.0,,,0,,1,0
main,58.2,s2chg,323069.1,3103456.6,786.64703,786.64703,786.64703,truncated,,,,,,,,,ok,125.0,85.199139,28.045486,813.0,0.57,8.97,26.399048,,26.40,1,,1014.3,16.80,,,,,,,,,,,0.84,,1,,45.00,0.00,0.00,60.0,,,0,,1,0
main,58.3,s2,322988.7,3103397.1,783.0942,783.0942,783.0942,ok,75.0,85.199545,28.043605,829.1,0.95,14.72,46.023376,,ok,115.0,85.198452,28.044909,826.5,0.77,11.88,43.36743,,44.70,2,190.0,2545.6,6.69,L,2.66,18.92,,,,,,,,0.78,1,1,25.00,45.00,0.00,0.00,,,0,0,1,1,0
main,58.3,s2chg,322988.7,3103397.1,783.0942,783.0942,783.0942,ok,75.0,85.199545,28.043605,829.1,0.95,14.72,46.023376,,ok,115.0,85.198452,28.044909,826.5,0.77,11.88,43.36743,,44.70,2,190.0,2545.6,6.69,L,2.66,18.92,,,,,,,,0.78,1,1,25.00,45.00,0.00,0.00,,,0,0,1,1,0
main,58.4,s2,322906.8,3103339.8,780.3496,780.3496,780.3496,ok,65.0,85.198667,28.043156,842.0,0.93,16.85,61.679993,,ok,85.0,85.197799,28.044157,812.6,0.76,11.77,32.23877,,46.96,2,150.0,10209.3,1.68,,,,,,,,,,,0.98,1,1,25.00,55.0,0.00,0.00,,,0,0,0,1,0
main,58.4,s2chg,322906.8,3103339.8,780.3496,780.3496,780.3496,ok,65.0,85.198667,28.043156,842.0,0.93,16.85,61.679993,,ok,85.0,85.197799,28.044157,812.6,0.76,11.77,32.23877,,46.96,2,150.0,10209.3,1.68,,,,,,,,,,,0.98,1,1,25.00,55.0,0.00,0.00,,,0,0,0,1,0
main,58.5,s2,322827.0,3103279.7,776.387,776.387,776.387,truncated,,,,,,,,,truncated,,,,,,,,,,0,,8235.6,2.09,,,,,,,,,,,0.78,,,,,,,,,,,,,0
main,58.5,s2chg,322827.0,3103279.7,776.387,776.387,776.387,truncated,,,,,,,,,truncated,,,,,,,,,,0,,8235.6,2.09,,,,,,,,,,,0.78,,,,,,,,,,,,,0
main,58.6,s2,322750.6,3103215.3,775.52094,775.52094,775.52094,truncated,,,,,,,,,truncated,,,,,,,,,,0,,4001.1,4.28,,,,,,,,,,,0.74,,,,,,,,,,,,,0
main,58.6,s2chg,322750.6,3103215.3,775.52094,775.52094,775.52094,truncated,,,,,,,,,truncated,,,,,,,,,,0,,4001.1,4.28,,,,,,,,,,,0.74,,,,,,,,,,,,,0
main,58.7,s2,322670.0,3103156.1,773.1327,773.1327,773.1327,no-bare,,,,,,,,,ok,105.0,85.195254,28.042581,802.1,0.62,9.72,28.97705,,28.98,1,,1635.9,10.46,,,,,,,,,,,0.85,,1,,45.00,,10.00,,,,0,,1,0
main,58.7,s2chg,322670.0,3103156.1,773.1327,773.1327,773.1327,no-bare,,,,,,,,,ok,105.0,85.195254,28.042581,802.1,0.62,9.72,28.97705,,28.98,1,,1635.9,10.46,,,,,,,,,,,0.85,,1,,45.00,,10.00,,,,0,,1,0
main,58.8,s2,322591.6,3103094.3,770.92566,770.92566,770.92566,truncated,,,,,,,,,ok,95.0,85.194473,28.041895,808.4,1.04,16.07,37.444885,,37.44,1,,798.3,21.45,,,,,,,,,,,0.87,,1,,45.00,0.00,0.00,10.00,,,0,,1,0
main,58.8,s2chg,322591.6,3103094.3,770.92566,770.92566,770.92566,truncated,,,,,,,,,ok,95.0,85.194473,28.041895,808.4,1.04,16.07,37.444885,,37.44,1,,798.3,21.45,,,,,,,,,,,0.87,,1,,45.00,0.00,0.00,10.00,,,0,,1,0
main,58.9,s2,322528.1,3103017.4,769.1218,769.1218,769.1218,truncated,,,,,,,,,truncated,,,,,,,,,,0,,597.1,28.64,,,,,,,,,,,0.76,,,,,0.00,0.00,10.00,30.00,,,,,0
main,58.9,s2chg,322528.1,3103017.4,769.1218,769.1218,769.1218,truncated,,,,,,,,,truncated,,,,,,,,,,0,,597.1,28.64,,,,,,,,,,,0.76,,,,,0.00,0.00,10.00,30.00,,,,,0
main,59.0,s2,322472.5,3102934.5,767.9302,767.9302,767.9302,truncated,,,,,,,,,ok,85.0,85.193198,28.040167,808.0,1.29,19.74,40.026245,,40.03,1,,491.0,34.99,,,,,,,,,,,0.95,,1,,35.00,0.00,0.00,100.0,,,0,,1,0
main,59.0,s2chg,322472.5,3102934.5,767.9302,767.9302,767.9302,ok,55.0,85.194403,28.039684,773.1,0.28,4.64,5.210205,,ok,85.0,85.193198,28.040167,808.0,1.29,19.74,40.026245,,22.62,2,140.0,491.0,34.99,R,34.82,20.27,34.61,16.41,59.3,weak,,,2.32,0.95,1,1,35.00,35.00,0.00,0.00,,,0,0,1,1,0
main,59.1,s2,322443.0,3102840.0,766.3066,766.3066,766.3066,ok,135.0,85.194941,28.038747,792.6,0.61,9.61,26.256287,,ok,75.0,85.192960,28.039157,827.9,0.88,13.58,61.545837,,43.90,2,210.0,460.3,37.05,R,35.29,16.64,27.55,14.70,45.54,strong,6316,147876,1.33,1.00,1,1,75.0,25.00,0.00,0.00,,,0,0,1,1,0
main,59.1,s2chg,322443.0,3102840.0,766.3066,766.3066,766.3066,ok,135.0,85.194941,28.038747,792.6,0.61,9.61,26.256287,,ok,75.0,85.192960,28.039157,827.9,0.88,13.58,61.545837,,43.90,2,210.0,460.3,37.05,R,35.29,16.64,27.55,14.70,45.54,strong,6316,147876,1.33,1.00,1,1,75.0,25.00,0.00,0.00,,,0,0,1,1,0
main,59.2,s2,322429.3,3102741.5,765.84827,765.84827,765.84827,ok,155.0,85.195054,28.038154,792.0,1.23,18.86,26.162842,,ok,115.0,85.192411,28.038100,802.0,0.58,9.02,36.183533,,31.17,2,270.0,413.3,41.34,R,10.02,20.91,,,,,,,,1.00,1,1,105.0,75.0,0.00,0.00,,,0,0,1,1,0
main,59.2,s2chg,322429.3,3102741.5,765.84827,765.84827,765.84827,ok,155.0,85.195054,28.038154,792.0,1.23,18.86,26.162842,,ok,115.0,85.192411,28.038100,802.0,0.58,9.02,36.183533,,31.17,2,270.0,413.3,41.34,R,10.02,20.91,,,,,,,,1.00,1,1,105.0,75.0,0.00,0.00,,,0,0,1,1,0
main,59.3,s2,322438.0,3102643.1,764.9273,764.9273,764.9273,ok,145.0,85.195008,28.037565,791.7,0.90,13.92,26.7948,,ok,105.0,85.192652,28.037000,796.8,0.63,9.85,31.896729,,29.35,2,250.0,573.2,29.54,R,5.10,17.05,,,,,,,,1.00,1,1,115.0,45.00,0.00,0.00,,,0,0,1,1,0
main,59.3,s2chg,322438.0,3102643.1,764.9273,764.9273,764.9273,ok,145.0,85.195008,28.037565,791.7,0.90,13.92,26.7948,,ok,105.0,85.192652,28.037000,796.8,0.63,9.85,31.896729,,29.35,2,250.0,573.2,29.54,R,5.10,17.05,,,,,,,,1.00,1,1,115.0,45.00,0.00,0.00,,,0,0,1,1,0
main,59.4,s2,322477.0,3102551.6,764.21765,764.21765,764.21765,ok,125.0,85.195146,28.036880,800.1,1.17,17.94,35.836548,,ok,135.0,85.192850,28.035912,786.6,0.68,10.59,22.399292,,29.12,2,260.0,2292.4,7.19,R,-13.44,20.83,,,,,,,,1.00,1,1,105.0,105.0,0.00,0.00,,,0,0,1,1,0
main,59.4,s2chg,322477.0,3102551.6,764.21765,764.21765,764.21765,ok,125.0,85.195146,28.036880,800.1,1.17,17.94,35.836548,,ok,135.0,85.192850,28.035912,786.6,0.68,10.59,22.399292,,29.12,2,260.0,2292.4,7.19,R,-13.44,20.83,,,,,,,,1.00,1,1,105.0,105.0,0.00,0.00,,,0,0,1,1,0
main,59.5,s2,322536.4,3102471.4,762.861,762.861,762.861,truncated,,,,,,,,,ok,185.0,85.192938,28.035146,790.6,0.63,9.91,27.719788,,27.72,1,,711.1,23.68,,,,,,,,,,,0.71,,1,,145.0,100.0,20.00,100.0,,,0,,1,0
main,59.5,s2chg,322536.4,3102471.4,762.861,762.861,762.861,truncated,,,,,,,,,ok,185.0,85.192938,28.035146,790.6,0.63,9.91,27.719788,,27.72,1,,711.1,23.68,,,,,,,,,,,0.71,,1,,145.0,100.0,20.00,100.0,,,0,,1,0
main,59.6,s2,322550.8,3102374.8,762.06165,762.06165,762.06165,truncated,,,,,,,,,truncated,,,,,,,,,,0,,419.5,40.27,,,,,,,,,,,0.55,,,,,0.00,0.00,0.00,30.00,,,,,0
main,59.6,s2chg,322550.8,3102374.8,762.06165,762.06165,762.06165,truncated,,,,,,,,,truncated,,,,,,,,,,0,,419.5,40.27,,,,,,,,,,,0.55,,,,,0.00,0.00,0.00,30.00,,,,,0
main,59.7,s2,322545.6,3102275.3,759.62384,759.62384,759.62384,truncated,,,,,,,,,truncated,,,,,,,,,,0,,451.4,37.19,,,,,,,,,,,0.45,,,,,,,,,,,,,0
main,59.7,s2chg,322545.6,3102275.3,759.62384,759.62384,759.62384,truncated,,,,,,,,,truncated,,,,,,,,,,0,,451.4,37.19,,,,,,,,,,,0.45,,,,,,,,,,,,,0
main,59.8,s2,322525.9,3102178.6,760.38306,759.62384,759.62384,truncated,,,,,,,,,ok,165.0,85.193063,28.033537,799.2,2.57,39.19,39.621887,,39.62,1,,684.4,24.77,,,,,,,,,,,0.56,,1,,145.0,0.00,0.00,70.0,,,0,,1,0
main,59.8,s2chg,322525.9,3102178.6,760.38306,759.62384,759.62384,truncated,,,,,,,,,ok,165.0,85.193063,28.033537,799.2,2.57,39.19,39.621887,,39.62,1,,684.4,24.77,,,,,,,,,,,0.56,,1,,145.0,0.00,0.00,70.0,,,0,,1,0
main,59.9,s2,322464.8,3102101.5,760.2387,759.62384,759.62384,ok,155.0,85.195364,28.031769,795.0,0.86,13.35,35.339966,,ok,115.0,85.192978,28.032780,793.9,0.86,13.29,34.295044,,34.82,2,270.0,10169.0,1.64,,,,,,,,,,,0.70,1,1,95.0,75.0,0.00,0.00,,,0,0,1,1,0
main,59.9,s2chg,322464.8,3102101.5,760.2387,759.62384,759.62384,ok,155.0,85.195364,28.031769,795.0,0.86,13.35,35.339966,,ok,115.0,85.192978,28.032780,793.9,0.86,13.29,34.295044,,34.82,2,270.0,10169.0,1.64,,,,,,,,,,,0.70,1,1,95.0,75.0,0.00,0.00,,,0,0,1,1,0
main,60.0,s2,322430.6,3102007.9,759.6461,759.62384,759.62384,ok,205.0,85.195575,28.030910,802.4,1.84,28.14,42.74005,,ok,65.0,85.193078,28.031681,786.2,1.12,17.16,26.535767,,34.64,2,270.0,1031.2,16.21,R,-16.20,32.96,,,,,,,,0.71,1,1,95.0,25.00,0.00,0.00,,,0,0,1,1,0
main,60.0,s2chg,322430.6,3102007.9,759.6461,759.62384,759.62384,ok,205.0,85.195575,28.030910,802.4,1.84,28.14,42.74005,,ok,65.0,85.193078,28.031681,786.2,1.12,17.16,26.535767,,34.64,2,270.0,1031.2,16.21,R,-16.20,32.96,,,,,,,,0.71,1,1,95.0,25.00,0.00,0.00,,,0,0,1,1,0
main,60.1,s2,322393.2,3101916.1,756.9259,756.9259,756.9259,ok,225.0,85.195495,28.030348,792.8,0.23,4.03,35.91931,,ok,55.0,85.192785,28.030743,785.3,0.67,10.38,28.39978,prebare-at-trim;no-change-in-run,35.92,1,280.0,663.3,25.67,R,-7.52,11.13,,,,,,,,0.67,1,0,35.00,55.0,50.00,30.00,,,0,1,1,1,0
main,60.1,s2chg,322393.2,3101916.1,756.9259,756.9259,756.9259,ok,225.0,85.195495,28.030348,792.8,0.23,4.03,35.91931,,ok,55.0,85.192785,28.030743,785.3,0.67,10.38,28.39978,prebare-at-trim;no-change-in-run,35.92,1,280.0,663.3,25.67,R,-7.52,11.13,,,,,,,,0.67,1,0,35.00,55.0,50.00,30.00,,,0,1,1,1,0
main,60.2,s2,322384.1,3101816.8,754.17017,754.17017,754.17017,truncated,,,,,,,,,truncated,,,,,,,,,,0,,3267.6,5.07,,,,,,,,,,,0.60,,,,,,,,,,,,,0
main,60.2,s2chg,322384.1,3101816.8,754.17017,754.17017,754.17017,truncated,,,,,,,,,truncated,,,,,,,,,,0,,3267.6,5.07,,,,,,,,,,,0.60,,,,,,,,,,,,,0
main,60.3,s2,322395.0,3101719.7,747.4961,747.4961,747.4961,ok,155.0,85.194855,28.028790,789.1,1.49,22.81,41.56958,,ok,145.0,85.191915,28.029000,747.7,0.34,5.49,0.21325684,,20.89,2,300.0,694.3,23.67,L,41.36,23.46,30.64,14.79,52.3,weak,,,2.14,0.87,1,1,55.0,85.0,0.00,0.00,,,0,0,1,1,0
main,60.3,s2chg,322395.0,3101719.7,747.4961,747.4961,747.4961,ok,155.0,85.194855,28.028790,789.1,1.49,22.81,41.56958,,ok,145.0,85.191915,28.029000,747.7,0.34,5.49,0.21325684,,20.89,2,300.0,694.3,23.67,L,41.36,23.46,30.64,14.79,52.3,weak,,,2.14,0.87,1,1,55.0,85.0,0.00,0.00,,,0,0,1,1,0
main,60.4,s2,322387.3,3101620.8,742.8275,742.8275,742.8275,ok,85.0,85.194030,28.027743,783.5,0.74,11.52,40.710205,no-change-in-run,ok,185.0,85.191566,28.028594,754.0,0.85,13.08,11.147217,,11.15,1,270.0,328.6,52.4,L,29.56,17.43,18.79,8.83,32.28,weak,,,1.18,0.93,0,1,75.0,85.0,0.00,0.00,,,0,0,1,1,0
main,60.4,s2chg,322387.3,3101620.8,742.8275,742.8275,742.8275,ok,85.0,85.194030,28.027743,783.5,0.74,11.52,40.710205,no-change-in-run,ok,105.0,85.192324,28.028332,744.5,0.07,1.99,1.6832275,no-change-in-run,,0,190.0,328.6,52.4,L,39.03,11.69,25.73,15.80,39.98,weak,,,1.78,0.93,0,0,75.0,85.0,0.00,0.00,,,0,0,1,1,0
main,60.5,s2,322331.4,3101539.2,737.82245,737.82245,737.82245,ok,65.0,85.193179,28.026910,773.2,1.23,18.93,35.41217,,ok,155.0,85.191555,28.028140,738.6,0.17,3.20,0.73864746,,18.08,2,220.0,298.6,57.4,L,34.67,19.20,21.49,10.53,36.50,weak,,,1.61,0.85,1,1,25.00,35.00,0.00,0.00,,,0,0,1,1,0
main,60.5,s2chg,322331.4,3101539.2,737.82245,737.82245,737.82245,ok,65.0,85.193179,28.026910,773.2,1.23,18.93,35.41217,,ok,155.0,85.191555,28.028140,738.6,0.17,3.20,0.73864746,,18.08,2,220.0,298.6,57.4,L,34.67,19.20,21.49,10.53,36.50,weak,,,1.61,0.85,1,1,25.00,35.00,0.00,0.00,,,0,0,1,1,0
main,60.6,s2,322252.3,3101479.6,733.99097,733.99097,733.99097,ok,115.0,85.192453,28.025841,789.8,0.85,13.15,55.76587,,ok,155.0,85.191192,28.027903,737.1,0.27,4.59,3.1517944,,29.46,2,270.0,411.0,40.89,L,52.6,13.93,28.03,17.64,42.96,weak,,,1.65,0.79,1,1,45.00,75.0,30.00,30.00,,,0,0,1,1,0
main,60.6,s2chg,322252.3,3101479.6,733.99097,733.99097,733.99097,ok,115.0,85.192453,28.025841,789.8,0.85,13.15,55.76587,,ok,155.0,85.191192,28.027903,737.1,0.27,4.59,3.1517944,,29.46,2,270.0,411.0,40.89,L,52.6,13.93,28.03,17.64,42.96,weak,,,1.65,0.79,1,1,45.00,75.0,30.00,30.00,,,0,0,1,1,0
main,60.7,s2,322158.4,3101451.5,732.4401,732.4401,732.4401,truncated,,,,,,,,,ok,135.0,85.190511,28.027547,748.9,0.33,5.42,16.496033,,16.50,1,,1074.4,15.53,,,,,,,,,,,0.83,,1,,65.0,0.00,0.00,10.00,,,0,,1,0
main,60.7,s2chg,322158.4,3101451.5,732.4401,732.4401,732.4401,truncated,,,,,,,,,ok,135.0,85.190511,28.027547,748.9,0.33,5.42,16.496033,,16.50,1,,1074.4,15.53,,,,,,,,,,,0.83,,1,,65.0,0.00,0.00,10.00,,,0,,1,0
main,60.8,s2,322061.6,3101430.9,729.3172,729.3172,729.3172,ok,125.0,85.190406,28.025230,758.6,1.10,16.88,29.278564,,ok,145.0,85.189501,28.027435,750.4,0.27,4.56,21.048706,,25.16,2,270.0,1783.2,9.40,R,-8.23,17.49,,,,,,,,1.00,1,1,105.0,75.0,0.00,0.00,,,0,0,1,1,0
main,60.8,s2chg,322061.6,3101430.9,729.3172,729.3172,729.3172,ok,125.0,85.190406,28.025230,758.6,1.10,16.88,29.278564,,ok,145.0,85.189501,28.027435,750.4,0.27,4.56,21.048706,,25.16,2,270.0,1783.2,9.40,R,-8.23,17.49,,,,,,,,1.00,1,1,105.0,75.0,0.00,0.00,,,0,0,1,1,0
main,60.9,s2,321972.3,3101386.6,725.14795,725.14795,725.14795,ok,115.0,85.189588,28.024949,754.3,1.50,22.96,29.169617,,ok,225.0,85.188086,28.027612,794.0,0.73,11.42,68.896545,prebare-at-trim,29.17,1,340.0,944.4,17.92,R,39.73,25.65,32.90,14.37,57.5,weak,,,1.50,1.00,1,1,85.0,75.0,0.00,0.00,,,0,1,1,1,0
main,60.9,s2chg,321972.3,3101386.6,725.14795,725.14795,725.14795,ok,115.0,85.189588,28.024949,754.3,1.50,22.96,29.169617,,ok,125.0,85.188541,28.026805,745.0,0.30,4.94,19.882202,,24.53,2,240.0,944.4,17.92,R,-9.29,23.49,,,,,,,,1.00,1,1,85.0,75.0,0.00,0.00,,,0,0,1,1,0
main,61.0,s2,321882.1,3101345.7,721.1964,721.1964,721.1964,ok,105.0,85.188763,28.024718,771.4,1.24,21.80,50.162964,,ok,155.0,85.187297,28.026561,748.4,0.64,9.92,27.207825,,38.69,2,260.0,586.9,28.97,R,-22.96,23.96,,,,,,,,1.00,1,1,55.0,55.0,0.00,0.00,,,0,0,0,1,0
main,61.0,s2chg,321882.1,3101345.7,721.1964,721.1964,721.1964,ok,105.0,85.188763,28.024718,771.4,1.24,21.80,50.162964,,ok,155.0,85.187297,28.026561,748.4,0.64,9.92,27.207825,,38.69,2,260.0,586.9,28.97,R,-22.96,23.96,,,,,,,,1.00,1,1,55.0,55.0,0.00,0.00,,,0,0,0,1,0
main,61.1,s2,321810.6,3101278.4,718.3119,718.3119,718.3119,ok,65.0,85.187870,28.024438,756.4,1.25,19.21,38.03839,,ok,175.0,85.186295,28.025972,748.0,0.67,10.40,29.716003,,33.88,2,240.0,570.0,29.59,R,-8.32,21.85,,,,,,,,0.96,1,1,15.00,145.0,0.00,0.00,,,0,0,1,1,0
main,61.1,s2chg,321810.6,3101278.4,718.3119,718.3119,718.3119,ok,65.0,85.187870,28.024438,756.4,1.25,19.21,38.03839,,ok,175.0,85.186295,28.025972,748.0,0.67,10.40,29.716003,,33.88,2,240.0,570.0,29.59,R,-8.32,21.85,,,,,,,,0.96,1,1,15.00,145.0,0.00,0.00,,,0,0,1,1,0
main,61.2,s2,321736.0,3101213.1,717.44354,717.44354,717.44354,ok,45.00,85.187053,28.024044,758.1,0.90,13.94,40.610046,,ok,235.0,85.184742,28.025359,752.3,0.48,7.63,34.869324,,37.74,2,280.0,434.8,39.54,R,-5.74,15.89,,,,,,,,1.00,1,1,15.00,125.0,0.00,0.00,,,0,0,1,1,0
main,61.2,s2chg,321736.0,3101213.1,717.44354,717.44354,717.44354,ok,45.00,85.187053,28.024044,758.1,0.90,13.94,40.610046,,ok,235.0,85.184742,28.025359,752.3,0.48,7.63,34.869324,,37.74,2,280.0,434.8,39.54,R,-5.74,15.89,,,,,,,,1.00,1,1,15.00,125.0,0.00,0.00,,,0,0,1,1,0
main,61.3,s2,321694.5,3101122.7,714.5884,714.5884,714.5884,ok,35.00,85.186588,28.023321,732.4,1.63,24.88,17.785828,,truncated,,,,,,,,,17.79,1,,460.8,37.06,,,,,,,,,,,0.99,1,,15.00,,0.00,0.00,,40.00,0,,1,,0
main,61.3,s2chg,321694.5,3101122.7,714.5884,714.5884,714.5884,ok,35.00,85.186588,28.023321,732.4,1.63,24.88,17.785828,,truncated,,,,,,,,,17.79,1,,460.8,37.06,,,,,,,,,,,0.99,1,,15.00,,0.00,0.00,,40.00,0,,1,,0
main,61.4,s2,321670.1,3101026.3,713.41595,713.41595,713.41595,truncated,,,,,,,,,truncated,,,,,,,,,,0,,380.4,44.05,,,,,,,,,,,0.97,,,,,0.00,0.00,30.00,30.00,,,,,0
main,61.4,s2chg,321670.1,3101026.3,713.41595,713.41595,713.41595,truncated,,,,,,,,,truncated,,,,,,,,,,0,,380.4,44.05,,,,,,,,,,,0.97,,,,,0.00,0.00,30.00,30.00,,,,,0
main,61.5,s2,321663.8,3100927.1,711.29645,711.29645,711.29645,ok,55.0,85.186526,28.021695,746.4,0.46,7.24,35.081604,,ok,215.0,85.183896,28.021454,759.4,0.24,4.07,48.1015,prebare-at-trim,35.08,1,270.0,399.8,42.67,R,13.02,8.30,13.75,6.07,23.99,weak,,,0.68,1.00,1,1,15.00,85.0,0.00,0.00,,,0,1,1,1,0
main,61.5,s2chg,321663.8,3100927.1,711.29645,711.29645,711.29645,ok,55.0,85.186526,28.021695,746.4,0.46,7.24,35.081604,,ok,195.0,85.184098,28.021472,754.5,0.26,4.38,43.227966,,39.15,2,250.0,399.8,42.67,R,8.15,8.46,,,,,,,,1.00,1,1,15.00,85.0,0.00,0.00,,,0,0,1,1,0
main,61.6,s2,321679.0,3100828.7,709.30646,709.30646,709.30646,truncated,,,,,,,,,truncated,,,,,,,,,,0,,601.3,27.50,,,,,,,,,,,0.97,,,,,0.00,0.00,0.00,20.00,,,,,0
main,61.6,s2chg,321679.0,3100828.7,709.30646,709.30646,709.30646,truncated,,,,,,,,,truncated,,,,,,,,,,0,,601.3,27.50,,,,,,,,,,,0.97,,,,,0.00,0.00,0.00,20.00,,,,,0
main,61.7,s2,321742.7,3100753.9,705.3,705.3,705.3,ok,95.0,85.187652,28.020485,726.8,1.44,22.07,21.457764,,truncated,,,,,,,,,21.46,1,,2812.2,5.73,,,,,,,,,,,0.94,1,,55.0,,0.00,0.00,,0.00,0,,1,,0
main,61.7,s2chg,321742.7,3100753.9,705.3,705.3,705.3,ok,95.0,85.187652,28.020485,726.8,1.44,22.07,21.457764,,truncated,,,,,,,,,21.46,1,,2812.2,5.73,,,,,,,,,,,0.94,1,,55.0,,0.00,0.00,,0.00,0,,1,,0
main,61.8,s2,321800.7,3100675.0,703.3328,703.3328,703.3328,ok,75.0,85.188125,28.019592,729.4,1.17,18.01,26.107544,,truncated,,,,,,,,,26.11,1,,525.7,32.27,,,,,,,,,,,0.95,1,,35.00,,0.00,0.00,,0.00,0,,1,,0
main,61.8,s2chg,321800.7,3100675.0,703.3328,703.3328,703.3328,ok,75.0,85.188125,28.019592,729.4,1.17,18.01,26.107544,,truncated,,,,,,,,,26.11,1,,525.7,32.27,,,,,,,,,,,0.95,1,,35.00,,0.00,0.00,,0.00,0,,1,,0
main,61.9,s2,321793.9,3100576.4,700.8693,700.8693,700.8693,truncated,,,,,,,,,ok,265.0,85.184753,28.018430,728.8,0.33,5.36,27.933655,,27.93,1,,511.7,32.30,,,,,,,,,,,0.88,,1,,25.00,0.00,0.00,0.00,,,0,,1,0
main,61.9,s2chg,321793.9,3100576.4,700.8693,700.8693,700.8693,truncated,,,,,,,,,ok,265.0,85.184753,28.018430,728.8,0.33,5.36,27.933655,,27.93,1,,511.7,32.30,,,,,,,,,,,0.88,,1,,25.00,0.00,0.00,0.00,,,0,,1,0
main,62.0,s2,321787.5,3100477.2,697.4891,697.4891,697.4891,ok,95.0,85.188259,28.017558,733.0,1.12,17.22,35.53357,,ok,185.0,85.185518,28.017703,718.2,0.19,3.36,20.670471,,28.10,2,280.0,441.9,36.06,L,14.86,17.54,,,,,,,,0.85,1,1,55.0,25.00,0.00,0.00,,,0,0,1,1,0
main,62.0,s2chg,321787.5,3100477.2,697.4891,697.4891,697.4891,ok,95.0,85.188259,28.017558,733.0,1.12,17.22,35.53357,,ok,185.0,85.185518,28.017703,718.2,0.19,3.36,20.670471,,28.10,2,280.0,441.9,36.06,L,14.86,17.54,,,,,,,,0.85,1,1,55.0,25.00,0.00,0.00,,,0,0,1,1,0
main,62.1,s2,321781.1,3100378.1,695.0066,695.0066,695.0066,ok,115.0,85.188376,28.016454,743.1,1.00,15.33,48.100098,,ok,175.0,85.185626,28.017109,719.5,0.10,2.32,24.542297,,36.32,2,290.0,439.5,37.97,L,23.56,15.51,18.71,8.03,32.84,weak,,,0.99,1.00,1,1,45.00,35.00,0.00,0.00,,,0,0,1,1,0
main,62.1,s2chg,321781.1,3100378.1,695.0066,695.0066,695.0066,ok,115.0,85.188376,28.016454,743.1,1.00,15.33,48.100098,,ok,175.0,85.185626,28.017109,719.5,0.10,2.32,24.542297,,36.32,2,290.0,439.5,37.97,L,23.56,15.51,18.71,8.03,32.84,weak,,,0.99,1.00,1,1,45.00,35.00,0.00,0.00,,,0,0,1,1,0
main,62.2,s2,321754.2,3100287.0,690.8698,690.8698,690.8698,ok,45.00,85.187364,28.015672,745.6,1.14,17.57,54.74475,,ok,195.0,85.185479,28.016901,719.0,0.10,2.32,28.13324,,41.44,2,240.0,471.1,35.51,L,26.61,17.73,22.64,9.60,39.82,weak,,,1.12,1.00,1,1,25.00,35.00,0.00,0.00,,,0,0,1,1,0
main,62.2,s2chg,321754.2,3100287.0,690.8698,690.8698,690.8698,ok,45.00,85.187364,28.015672,745.6,1.14,17.57,54.74475,,ok,195.0,85.185479,28.016901,719.0,0.10,2.32,28.13324,,41.44,2,240.0,471.1,35.51,L,26.61,17.73,22.64,9.60,39.82,weak,,,1.12,1.00,1,1,25.00,35.00,0.00,0.00,,,0,0,1,1,0
main,62.3,s2,321666.9,3100239.2,689.4382,689.4382,689.4382,ok,65.0,85.186598,28.015070,713.5,1.59,24.34,24.102722,no-change-in-run,ok,145.0,85.185123,28.016312,717.4,0.10,2.22,27.961426,,27.96,1,210.0,2136.2,7.47,L,-3.86,24.44,,,,,,,,1.00,0,1,55.0,15.00,0.00,0.00,,,0,0,1,1,0
main,62.3,s2chg,321666.9,3100239.2,689.4382,689.4382,689.4382,ok,65.0,85.186598,28.015070,713.5,1.59,24.34,24.102722,no-change-in-run,ok,145.0,85.185123,28.016312,717.4,0.10,2.22,27.961426,,27.96,1,210.0,2136.2,7.47,L,-3.86,24.44,,,,,,,,1.00,0,1,55.0,15.00,0.00,0.00,,,0,0,1,1,0
main,62.4,s2,321598.4,3100173.4,687.3326,687.3326,687.3326,ok,105.0,85.186274,28.014287,718.3,0.79,12.24,30.985352,,ok,115.0,85.184585,28.015447,712.7,0.19,3.41,25.362183,,28.17,2,220.0,1262.8,12.98,R,-5.62,12.71,,,,,,,,1.00,1,1,65.0,45.00,0.00,0.00,,,0,0,1,1,0
main,62.4,s2chg,321598.4,3100173.4,687.3326,687.3326,687.3326,ok,105.0,85.186274,28.014287,718.3,0.79,12.24,30.985352,,ok,115.0,85.184585,28.015447,712.7,0.19,3.41,25.362183,,28.17,2,220.0,1262.8,12.98,R,-5.62,12.71,,,,,,,,1.00,1,1,65.0,45.00,0.00,0.00,,,0,0,1,1,0
main,62.5,s2,321560.4,3100081.5,684.0616,684.0616,684.0616,ok,65.0,85.185630,28.013743,707.1,0.92,14.23,22.995422,,ok,115.0,85.184118,28.014486,706.3,0.48,7.61,22.254517,,22.62,2,180.0,1057.5,15.72,R,-0.74,16.14,,,,,,,,1.00,1,1,25.00,85.0,0.00,0.00,,,0,0,1,1,0
main,62.5,s2chg,321560.4,3100081.5,684.0616,684.0616,684.0616,ok,65.0,85.185630,28.013743,707.1,0.92,14.23,22.995422,,ok,115.0,85.184118,28.014486,706.3,0.48,7.61,22.254517,,22.62,2,180.0,1057.5,15.72,R,-0.74,16.14,,,,,,,,1.00,1,1,25.00,85.0,0.00,0.00,,,0,0,1,1,0
main,62.6,s2,321503.5,3100000.0,682.58295,682.58295,682.58295,ok,85.0,85.185245,28.012918,695.1,0.60,9.34,12.488037,,ok,145.0,85.183279,28.013864,705.9,0.08,2.09,23.349915,,17.92,2,230.0,968.6,17.30,R,10.86,9.58,21.18,5.35,39.60,weak,,,1.60,1.00,1,1,45.00,85.0,0.00,0.00,,,0,0,1,1,0
main,62.6,s2chg,321503.5,3100000.0,682.58295,682.58295,682.58295,ok,85.0,85.185245,28.012918,695.1,0.60,9.34,12.488037,,ok,145.0,85.183279,28.013864,705.9,0.08,2.09,23.349915,,17.92,2,230.0,968.6,17.30,R,10.86,9.58,21.18,5.35,39.60,weak,,,1.60,1.00,1,1,45.00,85.0,0.00,0.00,,,0,0,1,1,0
main,62.7,s2,321455.7,3099913.3,679.9292,679.9292,679.9292,ok,115.0,85.185089,28.012091,692.5,0.47,7.41,12.529602,,ok,225.0,85.181993,28.013238,701.8,0.25,4.21,21.86322,prebare-at-trim;no-change-in-run,12.53,1,340.0,784.3,21.75,R,9.33,8.52,14.53,3.14,27.39,weak,,,1.12,1.00,1,0,45.00,225.0,0.00,0.00,,,0,1,1,1,0
main,62.7,s2chg,321455.7,3099913.3,679.9292,679.9292,679.9292,ok,115.0,85.185089,28.012091,692.5,0.47,7.41,12.529602,,ok,225.0,85.181993,28.013238,701.8,0.25,4.21,21.86322,prebare-at-trim;no-change-in-run,12.53,1,340.0,784.3,21.75,R,9.33,8.52,14.53,3.14,27.39,weak,,,1.12,1.00,1,0,45.00,225.0,0.00,0.00,,,0,1,1,1,0
main,62.8,s2,321423.3,3099819.3,677.1862,677.1862,677.1862,ok,125.0,85.184944,28.011432,688.1,0.33,5.38,10.906677,,ok,175.0,85.182040,28.011888,685.7,0.49,7.73,8.520996,,9.71,2,300.0,710.3,24.14,R,-2.39,9.42,,,,,,,,1.00,1,1,45.00,165.0,0.00,0.00,,,0,0,1,1,0
main,62.8,s2chg,321423.3,3099819.3,677.1862,677.1862,677.1862,ok,125.0,85.184944,28.011432,688.1,0.33,5.38,10.906677,,ok,175.0,85.182040,28.011888,685.7,0.49,7.73,8.520996,,9.71,2,300.0,710.3,24.14,R,-2.39,9.42,,,,,,,,1.00,1,1,45.00,165.0,0.00,0.00,,,0,0,1,1,0
main,62.9,s2,321417.7,3099719.9,675.3742,675.3742,675.3742,ok,115.0,85.184816,28.010658,691.9,0.21,3.70,16.528381,,ok,215.0,85.181570,28.010849,709.2,0.92,14.22,33.813965,,25.17,2,330.0,1243.9,13.64,R,17.29,14.69,25.28,7.19,46.86,weak,,,1.61,1.00,1,1,25.00,165.0,0.00,0.00,,,0,0,1,1,0
main,62.9,s2chg,321417.7,3099719.9,675.3742,675.3742,675.3742,ok,115.0,85.184816,28.010658,691.9,0.21,3.70,16.528381,,ok,215.0,85.181570,28.010849,709.2,0.92,14.22,33.813965,,25.17,2,330.0,1243.9,13.64,R,17.29,14.69,25.28,7.19,46.86,weak,,,1.61,1.00,1,1,25.00,165.0,0.00,0.00,,,0,0,1,1,0
main,63.0,s2,321419.7,3099620.3,672.8098,672.8098,672.8098,ok,135.0,85.185056,28.009776,692.3,0.79,12.27,19.473267,,ok,185.0,85.181907,28.009894,695.0,0.78,12.04,22.233337,,20.85,2,320.0,4351.1,3.91,,,,,,,,,,,1.00,1,1,15.00,35.00,0.00,0.00,,,0,0,1,1,0
main,63.0,s2chg,321419.7,3099620.3,672.8098,672.8098,672.8098,ok,135.0,85.185056,28.009776,692.3,0.79,12.27,19.473267,,ok,55.0,85.183228,28.009844,677.4,0.12,2.47,4.602112,no-change-in-run,19.47,1,190.0,4351.1,3.91,,,,,,,,,,,1.00,1,0,15.00,35.00,0.00,0.00,,,0,0,1,1,0
main,63.1,s2,321405.3,3099521.7,670.25415,670.25415,670.25415,ok,155.0,85.185127,28.008868,690.8,0.61,9.55,20.516113,,ok,135.0,85.182284,28.008990,713.3,0.84,12.97,43.005005,,31.76,2,290.0,2526.5,6.75,R,22.49,16.11,43.84,17.14,78.3,weak,,,2.48,1.00,1,1,25.00,25.00,0.00,0.00,,,0,0,1,1,0
main,63.1,s2chg,321405.3,3099521.7,670.25415,670.25415,670.25415,ok,155.0,85.185127,28.008868,690.8,0.61,9.55,20.516113,,ok,45.00,85.183198,28.008951,676.1,0.19,3.35,5.860962,,13.19,2,200.0,2526.5,6.75,R,-14.66,10.12,,,,,,,,1.00,1,1,25.00,25.00,0.00,0.00,,,0,0,1,1,0
main,63.2,s2,321400.0,3099422.3,667.7133,667.7133,667.7133,ok,175.0,85.185294,28.008051,692.3,1.05,16.19,24.613525,,ok,105.0,85.182549,28.008027,712.4,1.39,21.33,44.640076,,34.63,2,280.0,1248.2,13.69,R,20.03,26.78,,,,,,,,1.00,1,1,35.00,75.0,0.00,0.00,,,0,0,1,1,0
main,63.2,s2chg,321400.0,3099422.3,667.7133,667.7133,667.7133,ok,175.0,85.185294,28.008051,692.3,1.05,16.19,24.613525,,ok,105.0,85.182549,28.008027,712.4,1.39,21.33,44.640076,,34.63,2,280.0,1248.2,13.69,R,20.03,26.78,,,,,,,,1.00,1,1,35.00,75.0,0.00,0.00,,,0,0,1,1,0
main,63.3,s2,321403.5,3099322.7,664.8931,664.8931,664.8931,ok,185.0,85.185428,28.007367,692.2,0.71,11.03,27.273499,,ok,85.0,85.182811,28.007036,703.8,0.84,13.03,38.86847,,33.07,2,270.0,1159.1,14.75,R,11.59,17.07,,,,,,,,1.00,1,1,45.00,65.0,0.00,0.00,,,0,0,1,1,0
main,63.3,s2chg,321403.5,3099322.7,664.8931,664.8931,664.8931,ok,185.0,85.185428,28.007367,692.2,0.71,11.03,27.273499,,ok,85.0,85.182811,28.007036,703.8,0.84,13.03,38.86847,,33.07,2,270.0,1159.1,14.75,R,11.59,17.07,,,,,,,,1.00,1,1,45.00,65.0,0.00,0.00,,,0,0,1,1,0
main,63.4,s2,321422.3,3099225.0,663.1475,663.1475,663.1475,ok,215.0,85.185905,28.006676,691.6,0.28,4.71,28.472656,,ok,85.0,85.183029,28.006100,701.8,1.40,21.48,38.611816,,33.54,2,300.0,8876.0,1.90,,,,,,,,,,,1.00,1,1,35.00,45.00,0.00,0.00,,,0,0,1,1,0
main,63.4,s2chg,321422.3,3099225.0,663.1475,663.1475,663.1475,ok,215.0,85.185905,28.006676,691.6,0.28,4.71,28.472656,,ok,85.0,85.183029,28.006100,701.8,1.40,21.48,38.611816,,33.54,2,300.0,8876.0,1.90,,,,,,,,,,,1.00,1,1,35.00,45.00,0.00,0.00,,,0,0,1,1,0
main,63.5,s2,321453.1,3099130.3,661.49115,661.49115,661.49115,ok,175.0,85.185855,28.005657,695.0,0.17,3.17,33.472656,,ok,115.0,85.183046,28.005248,698.5,0.42,6.68,37.04785,,35.26,2,290.0,1296.5,13.11,L,-3.58,7.40,,,,,,,,1.00,1,1,25.00,25.00,0.00,0.00,,,0,0,1,1,0
main,63.5,s2chg,321453.1,3099130.3,661.49115,661.49115,661.49115,ok,175.0,85.185855,28.005657,695.0,0.17,3.17,33.472656,,ok,115.0,85.183046,28.005248,698.5,0.42,6.68,37.04785,,35.26,2,290.0,1296.5,13.11,L,-3.58,7.40,,,,,,,,1.00,1,1,25.00,25.00,0.00,0.00,,,0,0,1,1,0
main,63.6,s2,321463.5,3099031.7,659.78107,659.78107,659.78107,ok,155.0,85.185793,28.004596,691.7,0.20,3.49,31.912903,,ok,105.0,85.183255,28.004470,688.4,1.85,28.17,28.571533,,30.24,2,260.0,780.8,21.87,L,3.34,28.38,,,,,,,,1.00,1,1,45.00,15.00,0.00,0.00,,,0,0,1,1,0
main,63.6,s2chg,321463.5,3099031.7,659.78107,659.78107,659.78107,ok,155.0,85.185793,28.004596,691.7,0.20,3.49,31.912903,,ok,105.0,85.183255,28.004470,688.4,1.85,28.17,28.571533,,30.24,2,260.0,780.8,21.87,L,3.34,28.38,,,,,,,,1.00,1,1,45.00,15.00,0.00,0.00,,,0,0,1,1,0
main,63.7,s2,321448.8,3098933.3,657.37256,657.37256,657.37256,ok,205.0,85.186151,28.003390,686.9,0.15,2.92,29.506714,,ok,95.0,85.183229,28.003739,691.2,1.86,28.34,33.845886,,31.68,2,300.0,2609.7,6.35,L,-4.34,28.49,,,,,,,,1.00,1,1,55.0,15.00,0.00,0.00,,,0,0,1,1,0
main,63.7,s2chg,321448.8,3098933.3,657.37256,657.37256,657.37256,ok,205.0,85.186151,28.003390,686.9,0.15,2.92,29.506714,,ok,35.00,85.183834,28.003667,662.0,0.18,3.34,4.595825,,17.05,2,240.0,2609.7,6.35,L,24.91,4.43,51.5,34.30,76.2,weak,,,3.99,1.00,1,1,55.0,15.00,0.00,0.00,,,0,0,1,1,0
main,63.8,s2,321438.6,3098835.5,656.2859,656.2859,656.2859,ok,225.0,85.186271,28.002540,675.5,0.12,2.56,19.234253,,ok,85.0,85.183238,28.002822,673.9,1.09,16.75,17.637817,,18.44,2,310.0,1068.0,15.37,R,-1.60,16.94,,,,,,,,1.00,1,1,45.00,75.0,0.00,0.00,,,0,0,1,1,0
main,63.8,s2chg,321438.6,3098835.5,656.2859,656.2859,656.2859,ok,225.0,85.186271,28.002540,675.5,0.12,2.56,19.234253,,ok,85.0,85.183238,28.002822,673.9,1.09,16.75,17.637817,,18.44,2,310.0,1068.0,15.37,R,-1.60,16.94,,,,,,,,1.00,1,1,45.00,75.0,0.00,0.00,,,0,0,1,1,0
main,63.9,s2,321411.1,3098741.0,654.56934,654.56934,654.56934,ok,275.0,85.186513,28.002126,673.1,0.23,3.91,18.49176,,ok,55.0,85.183275,28.001846,693.3,1.39,24.22,38.717285,,28.60,2,330.0,576.2,29.44,R,20.23,24.54,,,,,,,,1.00,1,1,25.00,45.00,0.00,0.00,,,0,0,1,0,0
main,63.9,s2chg,321411.1,3098741.0,654.56934,654.56934,654.56934,ok,275.0,85.186513,28.002126,673.1,0.23,3.91,18.49176,,ok,55.0,85.183275,28.001846,693.3,1.39,24.22,38.717285,,28.60,2,330.0,576.2,29.44,R,20.23,24.54,,,,,,,,1.00,1,1,25.00,45.00,0.00,0.00,,,0,0,1,0,0
main,64.0,s2,321443.0,3098648.2,652.8016,652.8016,652.8016,ok,265.0,85.186626,28.001805,674.3,0.20,3.52,21.458374,,ok,105.0,85.183157,28.000770,706.7,0.48,7.63,53.856262,,37.66,2,370.0,754.3,22.01,R,32.40,8.40,25.45,16.08,38.93,strong,10672,230900,1.32,1.00,1,1,25.00,55.0,0.00,0.00,,,0,0,1,1,0
main,64.0,s2chg,321443.0,3098648.2,652.8016,652.8016,652.8016,ok,265.0,85.186626,28.001805,674.3,0.20,3.52,21.458374,,ok,105.0,85.183157,28.000770,706.7,0.48,7.63,53.856262,,37.66,2,370.0,754.3,22.01,R,32.40,8.40,25.45,16.08,38.93,strong,10672,230900,1.32,1.00,1,1,25.00,55.0,0.00,0.00,,,0,0,1,1,0
main,64.1,s2,321498.7,3098565.9,650.2711,650.2711,650.2711,ok,235.0,85.186877,28.001076,674.2,0.21,3.74,23.935913,,ok,135.0,85.183467,27.999896,712.3,1.15,17.68,61.999573,,42.97,2,370.0,2478.8,6.58,R,38.06,18.07,50.0,26.60,82.8,strong,12575,534595,2.44,1.00,1,1,15.00,115.0,0.00,0.00,,,0,0,1,1,0
main,64.1,s2chg,321498.7,3098565.9,650.2711,650.2711,650.2711,ok,235.0,85.186877,28.001076,674.2,0.21,3.74,23.935913,,ok,135.0,85.183467,27.999896,712.3,1.15,17.68,61.999573,,42.97,2,370.0,2478.8,6.58,R,38.06,18.07,50.0,26.60,82.8,strong,12575,534595,2.44,1.00,1,1,15.00,115.0,0.00,0.00,,,0,0,1,1,0
main,64.2,s2,321506.6,3098466.9,647.62384,647.62384,647.62384,ok,225.0,85.186888,28.000127,676.7,0.26,4.37,29.110596,,ok,85.0,85.184032,27.999177,710.8,1.14,17.53,63.1485,,46.13,2,310.0,2664.7,6.33,R,34.04,18.07,53.6,26.93,90.3,weak,,,2.52,1.00,1,1,55.0,25.00,0.00,0.00,,,0,0,1,1,0
main,64.2,s2chg,321506.6,3098466.9,647.62384,647.62384,647.62384,ok,225.0,85.186888,28.000127,676.7,0.26,4.37,29.110596,,ok,85.0,85.184032,27.999177,710.8,1.14,17.53,63.1485,,46.13,2,310.0,2664.7,6.33,R,34.04,18.07,53.6,26.93,90.3,weak,,,2.52,1.00,1,1,55.0,25.00,0.00,0.00,,,0,0,1,1,0
main,64.3,s2,321546.5,3098376.5,645.9168,645.9168,645.9168,ok,205.0,85.187084,27.999327,677.9,0.20,3.53,31.965942,,ok,125.0,85.184091,27.998196,673.8,0.31,5.04,27.881165,,29.92,2,330.0,1336.3,11.83,L,4.08,6.16,,,,,,,,1.00,1,1,45.00,15.00,0.00,0.00,,,0,0,1,1,0
main,64.3,s2chg,321546.5,3098376.5,645.9168,645.9168,645.9168,ok,205.0,85.187084,27.999327,677.9,0.20,3.53,31.965942,,ok,75.0,85.184559,27.998372,661.0,0.24,4.06,15.055237,,23.51,2,280.0,1336.3,11.83,L,16.91,5.38,28.14,17.05,44.03,strong,3964,94810,1.85,1.00,1,1,45.00,15.00,0.00,0.00,,,0,0,1,1,0
main,64.4,s2,321594.7,3098289.2,644.45233,644.45233,644.45233,ok,125.0,85.186847,27.998245,678.3,0.49,7.70,33.822754,,ok,185.0,85.184020,27.997228,674.1,0.36,5.90,29.601929,prebare-at-trim,33.82,1,310.0,466.1,34.35,L,4.22,9.70,,,,,,,,1.00,1,1,45.00,65.0,0.00,0.00,,,0,1,1,1,0
main,64.4,s2chg,321594.7,3098289.2,644.45233,644.45233,644.45233,ok,125.0,85.186847,27.998245,678.3,0.49,7.70,33.822754,,ok,165.0,85.184209,27.997296,668.8,0.43,6.84,24.363647,,29.09,2,290.0,466.1,34.35,L,9.46,10.30,,,,,,,,1.00,1,1,45.00,65.0,0.00,0.00,,,0,0,1,1,0
main,64.5,s2,321635.0,3098198.1,642.683,642.683,642.683,ok,65.0,85.186749,27.996994,674.0,1.10,16.84,31.358215,sharp-bend,ok,185.0,85.184312,27.997106,664.0,0.20,3.54,21.351013,sharp-bend,,0,250.0,284.5,62.2,,,,,,,,,,,1.00,1,1,35.00,125.0,0.00,0.00,,,0,0,1,1,0
main,64.5,s2chg,321635.0,3098198.1,642.683,642.683,642.683,ok,65.0,85.186749,27.996994,674.0,1.10,16.84,31.358215,sharp-bend,ok,185.0,85.184312,27.997106,664.0,0.20,3.54,21.351013,sharp-bend,,0,250.0,284.5,62.2,,,,,,,,,,,1.00,1,1,35.00,125.0,0.00,0.00,,,0,0,1,1,0
main,64.6,s2,321587.3,3098119.6,639.2782,639.2782,639.2782,ok,105.0,85.186583,27.995917,715.0,1.05,16.17,75.68024,prebare-at-trim;no-change-in-run,ok,185.0,85.184017,27.997010,668.1,0.35,5.64,28.860352,,28.86,1,290.0,321.1,51.5,L,46.82,17.12,22.55,13.18,35.92,weak,,,1.00,1.00,0,1,105.0,105.0,0.00,0.00,,,1,0,1,1,0
main,64.6,s2chg,321587.3,3098119.6,639.2782,639.2782,639.2782,ok,105.0,85.186583,27.995917,715.0,1.05,16.17,75.68024,prebare-at-trim;no-change-in-run,ok,185.0,85.184017,27.997010,668.1,0.35,5.64,28.860352,,28.86,1,290.0,321.1,51.5,L,46.82,17.12,22.55,13.18,35.92,weak,,,1.00,1.00,0,1,105.0,105.0,0.00,0.00,,,1,0,1,1,0
main,64.7,s2,321527.2,3098040.7,637.6678,637.6678,637.6678,ok,55.0,85.185448,27.995288,672.9,1.68,25.70,35.183777,,ok,195.0,85.183620,27.996723,666.1,0.25,4.30,28.4104,,31.80,2,250.0,507.7,31.80,L,6.77,26.06,,,,,,,,1.00,1,1,45.00,55.0,0.00,0.00,,,0,0,1,1,0
main,64.7,s2chg,321527.2,3098040.7,637.6678,637.6678,637.6678,ok,55.0,85.185448,27.995288,672.9,1.68,25.70,35.183777,,ok,195.0,85.183620,27.996723,666.1,0.25,4.30,28.4104,,31.80,2,250.0,507.7,31.80,L,6.77,26.06,,,,,,,,1.00,1,1,45.00,55.0,0.00,0.00,,,0,0,1,1,0
main,64.8,s2,321461.7,3097965.5,635.6223,635.6223,635.6223,ok,85.0,85.185004,27.994404,674.2,0.94,14.54,38.598633,,ok,195.0,85.183009,27.996077,656.8,0.46,7.28,21.22583,,29.91,2,280.0,1460.8,11.56,L,17.37,16.26,29.82,5.54,56.5,weak,,,1.74,1.00,1,1,55.0,35.00,0.00,0.00,,,0,0,1,1,0
main,64.8,s2chg,321461.7,3097965.5,635.6223,635.6223,635.6223,ok,85.0,85.185004,27.994404,674.2,0.94,14.54,38.598633,,ok,55.0,85.184043,27.995209,645.3,0.07,1.92,9.68158,,24.14,2,140.0,1460.8,11.56,L,28.92,14.67,54.4,28.03,91.0,weak,,,3.54,1.00,1,1,55.0,35.00,0.00,0.00,,,0,0,1,1,0
main,64.9,s2,321386.2,3097900.0,633.9703,633.9703,633.9703,ok,125.0,85.184474,27.993496,656.4,0.99,15.28,22.42102,,ok,135.0,85.182769,27.995169,664.5,0.96,14.74,30.50299,no-change-in-run,22.42,1,260.0,1434.9,11.34,R,8.08,21.23,,,,,,,,1.00,1,0,75.0,115.0,0.00,0.00,,,0,0,1,1,0
main,64.9,s2chg,321386.2,3097900.0,633.9703,633.9703,633.9703,ok,125.0,85.184474,27.993496,656.4,0.99,15.28,22.42102,,ok,135.0,85.182769,27.995169,664.5,0.96,14.74,30.50299,no-change-in-run,22.42,1,260.0,1434.9,11.34,R,8.08,21.23,,,,,,,,1.00,1,0,75.0,115.0,0.00,0.00,,,0,0,1,1,0
main,65.0,s2,321308.6,3097837.0,632.29865,632.29865,632.29865,ok,215.0,85.184497,27.992486,656.6,0.65,10.18,24.347961,,ok,75.0,85.182337,27.994131,663.2,0.86,13.29,30.927856,,27.64,2,290.0,409.1,40.25,R,6.58,16.74,,,,,,,,1.00,1,1,25.00,55.0,0.00,0.00,,,0,0,1,1,0
main,65.0,s2chg,321308.6,3097837.0,632.29865,632.29865,632.29865,ok,105.0,85.183649,27.993132,637.8,0.07,1.96,5.4553833,,ok,75.0,85.182337,27.994131,663.2,0.86,13.29,30.927856,,18.19,2,180.0,409.1,40.25,R,25.47,13.43,23.83,12.02,40.14,weak,,,1.78,1.00,1,1,25.00,55.0,0.00,0.00,,,0,0,1,1,0
main,65.1,s2,321239.0,3097766.7,630.2328,630.2328,630.2328,ok,245.0,85.184493,27.992390,655.6,0.59,9.17,25.324097,sharp-bend,ok,45.00,85.181794,27.993191,661.1,0.91,14.10,30.880554,sharp-bend,,0,290.0,291.2,61.2,,,,,,,,,,,1.00,1,1,35.00,35.00,0.00,0.00,,,0,0,1,1,0
main,65.1,s2chg,321239.0,3097766.7,630.2328,630.2328,630.2328,ok,55.0,85.182661,27.992934,636.7,0.06,1.82,6.484619,sharp-bend;no-change-in-run,ok,45.00,85.181794,27.993191,661.1,0.91,14.10,30.880554,sharp-bend,,0,100.0,291.2,61.2,,,,,,,,,,,1.00,0,1,35.00,35.00,0.00,0.00,,,0,0,1,1,0
main,65.2,s2,321246.8,3097669.4,627.8606,627.8606,627.8606,ok,225.0,85.184498,27.992408,656.0,0.60,9.41,28.16156,,ok,85.0,85.181465,27.992124,666.8,0.62,9.76,38.984985,no-change-in-run,28.16,1,310.0,429.5,37.62,R,10.82,13.56,,,,,,,,1.00,1,0,25.00,75.0,0.00,0.00,,,0,0,1,1,0
main,65.2,s2chg,321246.8,3097669.4,627.8606,627.8606,627.8606,ok,45.00,85.182678,27.992237,634.8,0.13,2.63,6.9049683,,ok,85.0,85.181465,27.992124,666.8,0.62,9.76,38.984985,no-change-in-run,6.90,1,130.0,429.5,37.62,R,32.08,10.11,32.25,19.58,50.4,strong,4053,111089,2.15,1.00,1,0,25.00,75.0,0.00,0.00,,,0,0,1,1,0
main,65.3,s2,321277.6,3097574.7,626.0682,626.0682,626.0682,ok,175.0,85.184280,27.991712,649.6,0.75,11.72,23.526123,,ok,155.0,85.181119,27.991029,665.0,0.38,6.12,38.948975,,31.24,2,330.0,1246.3,11.96,L,-15.42,13.22,,,,,,,,1.00,1,1,75.0,35.00,0.00,0.00,,,0,0,1,1,0
main,65.3,s2chg,321277.6,3097574.7,626.0682,626.0682,626.0682,ok,175.0,85.184280,27.991712,649.6,0.75,11.72,23.526123,,ok,85.0,85.181811,27.991178,649.7,0.38,6.09,23.675354,,23.60,2,260.0,1246.3,11.96,L,-0.15,13.20,,,,,,,,1.00,1,1,75.0,35.00,0.00,0.00,,,0,0,1,1,0
main,65.4,s2,321305.2,3097479.5,625.9779,625.9779,625.9779,ok,95.0,85.183809,27.990442,659.7,1.25,19.12,33.756897,sharp-bend,ok,175.0,85.181171,27.990592,658.3,0.38,6.07,32.3667,sharp-bend,,0,270.0,283.0,60.4,,,,,,,,,,,1.00,1,1,65.0,115.0,0.00,0.00,,,0,0,1,1,0
main,65.4,s2chg,321305.2,3097479.5,625.9779,625.9779,625.9779,ok,95.0,85.183809,27.990442,659.7,1.25,19.12,33.756897,sharp-bend,ok,175.0,85.181171,27.990592,658.3,0.38,6.07,32.3667,sharp-bend,,0,270.0,283.0,60.4,,,,,,,,,,,1.00,1,1,65.0,115.0,0.00,0.00,,,0,0,1,1,0
main,65.5,s2,321278.9,3097386.8,623.43115,623.43115,623.43115,ok,115.0,85.183576,27.989108,660.6,0.50,7.94,37.20813,sharp-bend,ok,185.0,85.181115,27.990548,659.5,0.37,5.97,36.048035,sharp-bend,,0,300.0,275.3,63.1,,,,,,,,,,,1.00,1,1,75.0,95.0,0.00,0.00,,,0,0,1,1,0
main,65.5,s2chg,321278.9,3097386.8,623.43115,623.43115,623.43115,ok,115.0,85.183576,27.989108,660.6,0.50,7.94,37.20813,sharp-bend,ok,185.0,85.181115,27.990548,659.5,0.37,5.97,36.048035,sharp-bend,,0,300.0,275.3,63.1,,,,,,,,,,,1.00,1,1,75.0,95.0,0.00,0.00,,,0,0,1,1,0
main,65.6,s2,321195.6,3097332.8,621.591,621.591,621.591,ok,205.0,85.182960,27.987670,646.7,0.25,4.30,25.063232,,ok,135.0,85.181054,27.990121,650.6,0.58,9.06,29.007874,,27.04,2,340.0,726.2,20.65,L,-3.94,10.03,,,,,,,,1.00,1,1,35.00,85.0,0.00,0.00,,,0,0,1,1,0
main,65.6,s2chg,321195.6,3097332.8,621.591,621.591,621.591,ok,205.0,85.182960,27.987670,646.7,0.25,4.30,25.063232,,ok,135.0,85.181054,27.990121,650.6,0.58,9.06,29.007874,,27.04,2,340.0,726.2,20.65,L,-3.94,10.03,,,,,,,,1.00,1,1,35.00,85.0,0.00,0.00,,,0,0,1,1,0
main,65.7,s2,321103.4,3097293.8,620.71844,620.71844,620.71844,ok,305.0,85.182866,27.986742,644.4,0.41,6.56,23.660522,,ok,45.00,85.180607,27.989065,638.4,2.04,31.12,17.688843,,20.67,2,350.0,476.0,33.42,R,-5.97,31.80,,,,,,,,1.00,1,1,55.0,35.00,0.00,0.00,,,0,0,1,1,0
main,65.7,s2chg,321103.4,3097293.8,620.71844,620.71844,620.71844,ok,305.0,85.182866,27.986742,644.4,0.41,6.56,23.660522,,ok,45.00,85.180607,27.989065,638.4,2.04,31.12,17.688843,,20.67,2,350.0,476.0,33.42,R,-5.97,31.80,,,,,,,,1.00,1,1,55.0,35.00,0.00,0.00,,,0,0,1,1,0
main,65.8,s2,321035.7,3097226.3,618.75433,618.75433,618.75433,ok,305.0,85.182936,27.986987,645.9,0.51,8.00,27.141907,,ok,55.0,85.179738,27.988371,659.3,1.29,19.77,40.49695,,33.82,2,360.0,295.4,59.7,R,13.36,21.33,,,,,,,,1.00,1,1,35.00,35.00,0.00,0.00,,,0,0,1,1,0
main,65.8,s2chg,321035.7,3097226.3,618.75433,618.75433,618.75433,ok,55.0,85.180651,27.987975,624.3,0.03,1.62,5.574524,,ok,55.0,85.179738,27.988371,659.3,1.29,19.77,40.49695,,23.04,2,110.0,295.4,59.7,R,34.92,19.84,30.33,14.63,51.8,weak,,,2.02,1.00,1,1,35.00,35.00,0.00,0.00,,,0,0,1,1,0
main,65.9,s2,321027.3,3097127.7,617.6594,617.6594,617.6594,ok,285.0,85.182969,27.987183,645.4,0.20,3.62,27.76825,,ok,35.00,85.179820,27.987293,643.9,0.73,11.37,26.265015,,27.02,2,320.0,361.4,45.95,R,-1.50,11.93,,,,,,,,1.00,1,1,35.00,25.00,0.00,0.00,,,0,0,1,1,0
main,65.9,s2chg,321027.3,3097127.7,617.6594,617.6594,617.6594,ok,285.0,85.182969,27.987183,645.4,0.20,3.62,27.76825,,ok,35.00,85.179820,27.987293,643.9,0.73,11.37,26.265015,,27.02,2,320.0,361.4,45.95,R,-1.50,11.93,,,,,,,,1.00,1,1,35.00,25.00,0.00,0.00,,,0,0,1,1,0
main,66.0,s2,321037.5,3097028.7,616.58307,616.58307,616.58307,ok,265.0,85.182867,27.986677,645.2,0.43,6.94,28.618591,,ok,75.0,85.179537,27.986313,660.2,0.53,10.77,43.643433,,36.13,2,340.0,939.2,17.48,R,15.02,12.81,20.18,5.68,37.43,weak,,,1.07,1.00,1,1,45.00,25.00,0.00,0.00,,,0,0,1,0,0
main,66.0,s2chg,321037.5,3097028.7,616.58307,616.58307,616.58307,ok,265.0,85.182867,27.986677,645.2,0.43,6.94,28.618591,,ok,75.0,85.179537,27.986313,660.2,0.53,10.77,43.643433,,36.13,2,340.0,939.2,17.48,R,15.02,12.81,20.18,5.68,37.43,weak,,,1.07,1.00,1,1,45.00,25.00,0.00,0.00,,,0,0,1,0,0
main,66.1,s2,321051.8,3096930.1,615.06256,615.06256,615.06256,ok,235.0,85.182725,27.985743,644.7,0.18,3.23,29.629456,,ok,125.0,85.179192,27.985377,653.4,0.74,11.51,38.344666,,33.99,2,360.0,3392.3,5.02,,,,,,,,,,,1.00,1,1,35.00,25.00,0.00,0.00,,,0,0,1,1,0
main,66.1,s2chg,321051.8,3096930.1,615.06256,615.06256,615.06256,ok,235.0,85.182725,27.985743,644.7,0.18,3.23,29.629456,,ok,125.0,85.179192,27.985377,653.4,0.74,11.51,38.344666,,33.99,2,360.0,3392.3,5.02,,,,,,,,,,,1.00,1,1,35.00,25.00,0.00,0.00,,,0,0,1,1,0
main,66.2,s2,321061.5,3096830.9,613.56537,613.56537,613.56537,ok,215.0,85.182652,27.984660,646.2,0.15,2.88,32.598694,,ok,165.0,85.178892,27.984570,654.7,0.55,8.64,41.170227,,36.88,2,380.0,1463.1,11.71,L,-8.57,9.10,,,,,,,,1.00,1,1,25.00,35.00,0.00,0.00,,,0,0,1,1,0
main,66.2,s2chg,321061.5,3096830.9,613.56537,613.56537,613.56537,ok,215.0,85.182652,27.984660,646.2,0.15,2.88,32.598694,,ok,165.0,85.178892,27.984570,654.7,0.55,8.64,41.170227,,36.88,2,380.0,1463.1,11.71,L,-8.57,9.10,,,,,,,,1.00,1,1,25.00,35.00,0.00,0.00,,,0,0,1,1,0
main,66.3,s2,321055.8,3096731.7,611.6121,611.6121,611.6121,ok,145.0,85.181895,27.983648,643.0,1.49,22.80,31.421204,,ok,325.0,85.177226,27.983861,631.6,1.09,16.81,19.988098,,25.70,2,470.0,3264.4,5.21,,,,,,,,,,,1.00,1,1,35.00,15.00,0.00,0.00,,,0,0,1,1,0
main,66.3,s2chg,321055.8,3096731.7,611.6121,611.6121,611.6121,ok,145.0,85.181895,27.983648,643.0,1.49,22.80,31.421204,,ok,155.0,85.178951,27.983782,658.3,0.25,4.32,46.652405,,39.04,2,300.0,3264.4,5.21,,,,,,,,,,,1.00,1,1,35.00,15.00,0.00,0.00,,,0,0,1,1,0
main,66.4,s2,321041.9,3096633.1,610.3194,610.3194,610.3194,ok,125.0,85.181565,27.982750,640.4,0.94,14.52,30.079163,,ok,95.0,85.179435,27.982876,639.2,0.30,7.29,28.859436,,29.47,2,220.0,1747.6,9.69,R,-1.22,16.25,,,,,,,,1.00,1,1,25.00,25.00,0.00,0.00,,,0,0,1,0,0
main,66.4,s2chg,321041.9,3096633.1,610.3194,610.3194,610.3194,ok,125.0,85.181565,27.982750,640.4,0.94,14.52,30.079163,,ok,95.0,85.179435,27.982876,639.2,0.30,7.29,28.859436,,29.47,2,220.0,1747.6,9.69,R,-1.22,16.25,,,,,,,,1.00,1,1,25.00,25.00,0.00,0.00,,,0,0,1,0,0
main,66.5,s2,321034.8,3096533.7,609.75916,609.75916,609.75916,ok,115.0,85.181407,27.981989,634.9,1.20,18.36,25.13916,,ok,235.0,85.177958,27.981787,642.6,0.72,13.68,32.84259,,28.99,2,350.0,771.5,22.20,R,7.70,22.90,,,,,,,,1.00,1,1,25.00,75.0,0.00,0.00,,,0,0,1,0,0
main,66.5,s2chg,321034.8,3096533.7,609.75916,609.75916,609.75916,ok,115.0,85.181407,27.981989,634.9,1.20,18.36,25.13916,,ok,235.0,85.177958,27.981787,642.6,0.72,13.68,32.84259,,28.99,2,350.0,771.5,22.20,R,7.70,22.90,,,,,,,,1.00,1,1,25.00,75.0,0.00,0.00,,,0,0,1,0,0
main,66.6,s2,321047.0,3096435.7,608.5221,608.5221,608.5221,ok,135.0,85.181716,27.981311,631.2,0.89,13.77,22.694397,,ok,215.0,85.178353,27.980605,645.7,1.12,17.27,37.157043,,29.93,2,350.0,745.1,23.03,R,14.46,22.09,,,,,,,,1.00,1,1,35.00,15.00,0.00,0.00,,,0,0,1,1,0
main,66.6,s2chg,321047.0,3096435.7,608.5221,608.5221,608.5221,ok,135.0,85.181716,27.981311,631.2,0.89,13.77,22.694397,,ok,215.0,85.178353,27.980605,645.7,1.12,17.27,37.157043,,29.93,2,350.0,745.1,23.03,R,14.46,22.09,,,,,,,,1.00,1,1,35.00,15.00,0.00,0.00,,,0,0,1,1,0
main,66.7,s2,321081.7,3096342.3,606.38605,606.38605,606.38605,ok,125.0,85.181933,27.980596,633.4,0.82,12.75,27.020569,,ok,175.0,85.179186,27.979646,645.5,0.80,14.80,39.079407,,33.05,2,300.0,1586.5,10.69,R,12.06,19.54,,,,,,,,1.00,1,1,45.00,15.00,0.00,0.00,,,0,0,1,0,0
main,66.7,s2chg,321081.7,3096342.3,606.38605,606.38605,606.38605,ok,125.0,85.181933,27.980596,633.4,0.82,12.75,27.020569,,ok,175.0,85.179186,27.979646,645.5,0.80,14.80,39.079407,,33.05,2,300.0,1586.5,10.69,R,12.06,19.54,,,,,,,,1.00,1,1,45.00,15.00,0.00,0.00,,,0,0,1,0,0
main,66.8,s2,321121.7,3096250.9,606.2231,606.2231,606.2231,ok,135.0,85.182448,27.979809,633.8,0.50,7.95,27.62085,,ok,175.0,85.179607,27.978827,656.5,0.97,17.50,50.29895,,38.96,2,310.0,5467.9,3.11,,,,,,,,,,,1.00,1,1,45.00,25.00,0.00,0.00,,,0,0,1,0,0
main,66.8,s2chg,321121.7,3096250.9,606.2231,606.2231,606.2231,ok,135.0,85.182448,27.979809,633.8,0.50,7.95,27.62085,,ok,115.0,85.180175,27.979023,620.8,0.15,2.90,14.61908,,21.12,2,250.0,5467.9,3.11,,,,,,,,,,,1.00,1,1,45.00,25.00,0.00,0.00,,,0,0,1,1,0
main,66.9,s2,321155.8,3096157.3,604.9359,604.9359,604.9359,ok,105.0,85.182549,27.978809,627.0,0.48,7.55,22.064575,,ok,165.0,85.180023,27.978120,652.4,0.99,17.91,47.440247,,34.75,2,270.0,1605.2,10.68,L,-25.38,19.44,,,,,,,,1.00,1,1,35.00,25.00,0.00,0.00,,,0,0,1,0,0
main,66.9,s2chg,321155.8,3096157.3,604.9359,604.9359,604.9359,ok,105.0,85.182549,27.978809,627.0,0.48,7.55,22.064575,,ok,165.0,85.180023,27.978120,652.4,0.99,17.91,47.440247,,34.75,2,270.0,1605.2,10.68,L,-25.38,19.44,,,,,,,,1.00,1,1,35.00,25.00,0.00,0.00,,,0,0,1,0,0
main,67.0,s2,321176.1,3096059.8,603.66785,603.66785,603.66785,ok,105.0,85.182790,27.977867,634.8,1.02,15.63,31.092285,,ok,145.0,85.180411,27.977387,647.4,0.83,15.35,43.705322,,37.40,2,250.0,2412.4,7.09,L,-12.61,21.91,,,,,,,,1.00,1,1,25.00,25.00,0.00,0.00,,,0,0,1,0,0
main,67.0,s2chg,321176.1,3096059.8,603.66785,603.66785,603.66785,ok,105.0,85.182790,27.977867,634.8,1.02,15.63,31.092285,,ok,145.0,85.180411,27.977387,647.4,0.83,15.35,43.705322,,37.40,2,250.0,2412.4,7.09,L,-12.61,21.91,,,,,,,,1.00,1,1,25.00,25.00,0.00,0.00,,,0,0,1,0,0
main,67.1,s2,321193.6,3095961.6,602.9519,602.9519,602.9519,ok,125.0,85.183186,27.977001,645.5,0.65,12.50,42.586426,,ok,125.0,85.180796,27.976566,635.0,0.61,12.00,32.009766,,37.30,2,250.0,8117.9,2.10,,,,,,,,,,,1.00,1,1,25.00,25.00,0.00,0.00,,,0,0,0,0,0
main,67.1,s2chg,321193.6,3095961.6,602.9519,602.9519,602.9519,ok,125.0,85.183186,27.977001,645.5,0.65,12.50,42.586426,,ok,125.0,85.180796,27.976566,635.0,0.61,12.00,32.009766,,37.30,2,250.0,8117.9,2.10,,,,,,,,,,,1.00,1,1,25.00,25.00,0.00,0.00,,,0,0,0,0,0
main,67.2,s2,321211.0,3095863.5,602.4318,602.4318,602.4318,ok,165.0,85.183762,27.976250,630.6,0.53,8.29,28.157043,,ok,105.0,85.181197,27.975683,622.6,0.27,4.49,20.169739,,24.16,2,270.0,1248.9,13.67,R,-7.99,9.43,,,,,,,,1.00,1,1,25.00,35.00,0.00,0.00,,,0,0,1,1,0
main,67.2,s2chg,321211.0,3095863.5,602.4318,602.4318,602.4318,ok,165.0,85.183762,27.976250,630.6,0.53,8.29,28.157043,,ok,105.0,85.181197,27.975683,622.6,0.27,4.49,20.169739,,24.16,2,270.0,1248.9,13.67,R,-7.99,9.43,,,,,,,,1.00,1,1,25.00,35.00,0.00,0.00,,,0,0,1,1,0
main,67.3,s2,321235.2,3095766.8,601.0217,601.0217,601.0217,ok,155.0,85.183867,27.975515,628.3,0.73,11.32,27.244629,,ok,145.0,85.181114,27.974580,623.7,0.33,5.47,22.631958,,24.94,2,300.0,851.2,20.18,R,-4.61,12.57,,,,,,,,1.00,1,1,35.00,15.00,0.00,0.00,,,0,0,1,1,0
main,67.3,s2chg,321235.2,3095766.8,601.0217,601.0217,601.0217,ok,155.0,85.183867,27.975515,628.3,0.73,11.32,27.244629,,ok,145.0,85.181114,27.974580,623.7,0.33,5.47,22.631958,,24.94,2,300.0,851.2,20.18,R,-4.61,12.57,,,,,,,,1.00,1,1,35.00,15.00,0.00,0.00,,,0,0,1,1,0
main,67.4,s2,321275.7,3095676.2,599.17505,599.17505,599.17505,ok,145.0,85.184116,27.974828,630.2,0.43,6.88,31.050232,prebare-at-trim,ok,255.0,85.180643,27.973131,620.2,0.22,3.86,21.027893,,21.03,1,400.0,1222.8,13.89,R,-10.02,7.89,,,,,,,,1.00,1,1,55.0,15.00,0.00,0.00,,,1,0,1,1,0
main,67.4,s2chg,321275.7,3095676.2,599.17505,599.17505,599.17505,ok,125.0,85.183938,27.974741,622.8,0.32,5.21,23.65033,,ok,255.0,85.180643,27.973131,620.2,0.22,3.86,21.027893,,22.34,2,380.0,1222.8,13.89,R,-2.62,6.49,,,,,,,,1.00,1,1,55.0,15.00,0.00,0.00,,,0,0,1,1,0
main,67.5,s2,321332.7,3095594.3,598.4403,598.4403,598.4403,open,,,,,,,,,ok,265.0,85.181249,27.972204,621.5,0.17,5.66,23.089966,,23.09,1,,1453.3,11.23,,,,,,,,,,,1.00,,1,,15.00,0.00,0.00,600.0,,,0,,0,0
main,67.5,s2chg,321332.7,3095594.3,598.4403,598.4403,598.4403,ok,225.0,85.185333,27.974573,614.8,0.15,5.36,16.343262,,ok,265.0,85.181249,27.972204,621.5,0.17,5.66,23.089966,,19.72,2,490.0,1453.3,11.23,L,-6.75,7.80,,,,,,,,1.00,1,1,55.0,15.00,0.00,0.00,,,0,0,0,0,0
main,67.6,s2,321391.0,3095513.3,597.5499,597.5499,597.5499,open,,,,,,,,,ok,325.0,85.181097,27.971584,614.4,0.33,5.43,16.827576,,16.83,1,,357.7,46.03,,,,,,,,,,,1.00,,1,,5.00,0.00,0.00,600.0,,,0,,1,0
main,67.6,s2chg,321391.0,3095513.3,597.5499,597.5499,597.5499,ok,165.0,85.185549,27.973355,613.5,0.24,4.07,15.999512,,ok,325.0,85.181097,27.971584,614.4,0.33,5.43,16.827576,,16.41,2,490.0,357.7,46.03,L,-0.83,6.78,,,,,,,,1.00,1,1,45.00,5.00,0.00,0.00,,,0,0,1,1,0
main,67.7,s2,321422.6,3095421.2,596.1963,596.1963,596.1963,ok,165.0,85.186026,27.971985,622.3,0.69,10.72,26.125793,sharp-bend,ok,305.0,85.181353,27.971849,617.1,0.18,5.80,20.94751,sharp-bend,,0,470.0,234.4,74.4,,,,,,,,,,,1.00,1,1,25.00,35.00,0.00,0.00,,,0,0,1,0,0
main,67.7,s2chg,321422.6,3095421.2,596.1963,596.1963,596.1963,ok,165.0,85.186026,27.971985,622.3,0.69,10.72,26.125793,sharp-bend,ok,305.0,85.181353,27.971849,617.1,0.18,5.80,20.94751,sharp-bend,,0,470.0,234.4,74.4,,,,,,,,,,,1.00,1,1,25.00,35.00,0.00,0.00,,,0,0,1,0,0
main,67.8,s2,321394.6,3095328.2,594.0463,594.0463,594.0463,ok,215.0,85.185994,27.970172,642.4,0.79,14.76,48.387024,sharp-bend,ok,395.0,85.180669,27.972812,619.1,0.23,3.98,25.0495,sharp-bend,,0,610.0,224.1,77.6,,,,,,,,,,,0.88,1,1,25.00,35.00,0.00,0.00,,,0,0,0,1,0
main,67.8,s2chg,321394.6,3095328.2,594.0463,594.0463,594.0463,ok,85.0,85.184840,27.970744,616.2,0.16,3.05,22.16858,sharp-bend,ok,395.0,85.180669,27.972812,619.1,0.23,3.98,25.0495,sharp-bend,,0,480.0,224.1,77.6,,,,,,,,,,,0.88,1,1,25.00,35.00,0.00,0.00,,,0,0,1,1,0
main,67.9,s2,321325.7,3095260.0,592.87274,592.87274,592.87274,ok,195.0,85.184536,27.969059,633.1,0.96,14.73,40.19879,,ok,465.0,85.180786,27.973888,622.1,0.29,4.82,29.228699,,34.71,2,660.0,281.5,59.8,L,10.97,15.50,,,,,,,,0.82,1,1,25.00,45.00,0.00,0.00,,,0,0,1,1,0
main,67.9,s2chg,321325.7,3095260.0,592.87274,592.87274,592.87274,ok,45.00,85.183670,27.970173,604.6,0.22,3.82,11.67804,,ok,465.0,85.180786,27.973888,622.1,0.29,4.82,29.228699,,20.45,2,510.0,281.5,59.8,L,-17.55,6.15,,,,,,,,0.82,1,1,25.00,45.00,0.00,0.00,,,0,0,1,1,0
main,68.0,s2,321231.7,3095226.7,591.9372,591.9372,591.9372,ok,185.0,85.183100,27.968626,637.2,0.83,12.84,45.23419,,ok,475.0,85.180897,27.974156,621.8,0.31,5.05,29.853699,,37.54,2,660.0,540.5,30.73,L,15.38,13.80,11.12,2.62,20.86,weak,,,0.58,1.00,1,1,35.00,45.00,0.00,0.00,,,0,0,1,1,0
main,68.0,s2chg,321231.7,3095226.7,591.9372,591.9372,591.9372,ok,185.0,85.183100,27.968626,637.2,0.83,12.84,45.23419,,ok,475.0,85.180897,27.974156,621.8,0.31,5.05,29.853699,,37.54,2,660.0,540.5,30.73,L,15.38,13.80,11.12,2.62,20.86,weak,,,0.58,1.00,1,1,35.00,45.00,0.00,0.00,,,0,0,1,1,0
main,68.1,s2,321134.1,3095204.2,590.38257,590.38257,590.38257,ok,195.0,85.182006,27.968286,659.7,0.94,14.51,69.3407,,ok,185.0,85.181024,27.971509,614.9,0.40,6.41,24.549866,,46.95,2,380.0,3864.5,4.33,,,,,,,,,,,1.00,1,1,35.00,45.00,0.00,0.00,,,0,0,1,1,0
main,68.1,s2chg,321134.1,3095204.2,590.38257,590.38257,590.38257,ok,195.0,85.182006,27.968286,659.7,0.94,14.51,69.3407,,ok,185.0,85.181024,27.971509,614.9,0.40,6.41,24.549866,,46.95,2,380.0,3864.5,4.33,,,,,,,,,,,1.00,1,1,35.00,45.00,0.00,0.00,,,0,0,1,1,0
main,68.2,s2,321037.2,3095178.8,588.64014,588.64014,588.64014,ok,185.0,85.181060,27.968148,625.7,0.45,7.21,37.04834,,ok,45.00,85.180401,27.970045,592.6,0.46,7.25,3.932373,prebare-at-trim;no-change-in-run,37.05,1,230.0,1019.1,16.62,R,-33.12,10.23,,,,,,,,1.00,1,0,45.00,45.00,0.00,0.00,,,0,1,1,1,0
main,68.2,s2chg,321037.2,3095178.8,588.64014,588.64014,588.64014,ok,185.0,85.181060,27.968148,625.7,0.45,7.21,37.04834,,ok,45.00,85.180401,27.970045,592.6,0.46,7.25,3.932373,prebare-at-trim;no-change-in-run,37.05,1,230.0,1019.1,16.62,R,-33.12,10.23,,,,,,,,1.00,1,0,45.00,45.00,0.00,0.00,,,0,1,1,1,0
main,68.3,s2,320941.4,3095150.0,587.81433,587.81433,587.81433,ok,225.0,85.180559,27.967655,617.8,0.71,11.04,29.983032,,ok,65.0,85.179277,27.969910,616.0,0.26,4.34,28.182129,,29.08,2,290.0,504.3,33.92,R,-1.80,11.86,,,,,,,,1.00,1,1,55.0,25.00,0.00,0.00,,,0,0,1,1,0
main,68.3,s2chg,320941.4,3095150.0,587.81433,587.81433,587.81433,ok,225.0,85.180559,27.967655,617.8,0.71,11.04,29.983032,,ok,65.0,85.179277,27.969910,616.0,0.26,4.34,28.182129,,29.08,2,290.0,504.3,33.92,R,-1.80,11.86,,,,,,,,1.00,1,1,55.0,25.00,0.00,0.00,,,0,0,1,1,0
main,68.4,s2,320858.4,3095097.6,586.61865,586.61865,586.61865,ok,225.0,85.180179,27.967441,607.8,0.56,8.74,21.163452,,ok,155.0,85.177719,27.969966,617.3,0.10,2.31,30.660034,prebare-at-trim,21.16,1,380.0,429.3,40.16,R,9.50,9.04,10.26,1.73,19.53,weak,,,0.64,1.00,1,1,65.0,45.00,0.00,0.00,,,0,1,1,1,0
main,68.4,s2chg,320858.4,3095097.6,586.61865,586.61865,586.61865,ok,225.0,85.180179,27.967441,607.8,0.56,8.74,21.163452,,ok,145.0,85.177785,27.969898,616.7,0.08,2.10,30.03241,,25.60,2,370.0,429.3,40.16,R,8.87,8.99,,,,,,,,1.00,1,1,65.0,45.00,0.00,0.00,,,0,0,1,1,0
main,68.5,s2,320792.5,3095023.9,585.45264,585.45264,585.45264,ok,225.0,85.179943,27.967203,614.0,1.20,18.40,28.511902,,ok,205.0,85.176343,27.969238,612.5,0.16,2.98,27.093933,,27.80,2,430.0,481.1,35.59,R,-1.42,18.64,,,,,,,,1.00,1,1,65.0,25.00,0.00,0.00,,,0,0,1,1,0
main,68.5,s2chg,320792.5,3095023.9,585.45264,585.45264,585.45264,ok,225.0,85.179943,27.967203,614.0,1.20,18.40,28.511902,,ok,205.0,85.176343,27.969238,612.5,0.16,2.98,27.093933,,27.80,2,430.0,481.1,35.59,R,-1.42,18.64,,,,,,,,1.00,1,1,65.0,25.00,0.00,0.00,,,0,0,1,1,0
main,68.6,s2,320751.3,3094933.5,583.12805,583.12805,583.12805,ok,165.0,85.179146,27.966878,597.8,0.59,9.28,14.674011,,ok,215.0,85.175691,27.968195,611.0,0.14,2.76,27.855225,,21.26,2,380.0,1133.6,14.80,R,13.18,9.68,19.64,7.43,35.25,weak,,,1.36,1.00,1,1,75.0,15.00,0.00,0.00,,,0,0,1,1,0
main,68.6,s2chg,320751.3,3094933.5,583.12805,583.12805,583.12805,ok,165.0,85.179146,27.966878,597.8,0.59,9.28,14.674011,,ok,215.0,85.175691,27.968195,611.0,0.14,2.76,27.855225,,21.26,2,380.0,1133.6,14.80,R,13.18,9.68,19.64,7.43,35.25,weak,,,1.36,1.00,1,1,75.0,15.00,0.00,0.00,,,0,0,1,1,0
main,68.7,s2,320717.3,3094839.8,582.75134,582.75134,582.75134,ok,125.0,85.178450,27.966188,605.0,1.71,26.15,22.252686,,ok,335.0,85.174215,27.967722,603.6,0.37,5.92,20.843445,,21.55,2,460.0,1638.2,10.20,L,1.41,26.81,,,,,,,,1.00,1,1,55.0,25.00,0.00,0.00,,,0,0,1,1,0
main,68.7,s2chg,320717.3,3094839.8,582.75134,582.75134,582.75134,ok,125.0,85.178450,27.966188,605.0,1.71,26.15,22.252686,,ok,335.0,85.174215,27.967722,603.6,0.37,5.92,20.843445,,21.55,2,460.0,1638.2,10.20,L,1.41,26.81,,,,,,,,1.00,1,1,55.0,25.00,0.00,0.00,,,0,0,1,1,0
main,68.8,s2,320680.3,3094747.3,581.0345,581.0345,581.0345,ok,85.0,85.177655,27.965385,609.8,1.27,19.41,28.716003,,ok,405.0,85.173478,27.967622,602.6,0.20,3.54,21.536255,,25.13,2,490.0,513.0,33.34,L,7.18,19.73,,,,,,,,0.88,1,1,75.0,45.00,0.00,0.00,,,0,0,1,1,0
main,68.8,s2chg,320680.3,3094747.3,581.0345,581.0345,581.0345,ok,85.0,85.177655,27.965385,609.8,1.27,19.41,28.716003,,ok,215.0,85.175132,27.966736,601.2,0.26,4.38,20.146667,,24.43,2,300.0,513.0,33.34,L,8.57,19.90,,,,,,,,0.88,1,1,75.0,45.00,0.00,0.00,,,0,0,1,1,0
main,68.9,s2,320619.4,3094668.8,579.1218,579.1218,579.1218,ok,65.0,85.176770,27.964648,602.8,0.73,11.35,23.701721,,ok,405.0,85.173562,27.967667,603.1,0.26,4.41,23.994568,,23.85,2,470.0,427.0,40.62,L,-0.29,12.18,,,,,,,,1.00,1,1,35.00,55.0,0.00,0.00,,,0,0,1,1,0
main,68.9,s2chg,320619.4,3094668.8,579.1218,579.1218,579.1218,ok,65.0,85.176770,27.964648,602.8,0.73,11.35,23.701721,,ok,405.0,85.173562,27.967667,603.1,0.26,4.41,23.994568,,23.85,2,470.0,427.0,40.62,L,-0.29,12.18,,,,,,,,1.00,1,1,35.00,55.0,0.00,0.00,,,0,0,1,1,0
main,69.0,s2,320536.1,3094615.3,578.2157,578.2157,578.2157,ok,55.0,85.175763,27.964154,611.1,1.09,16.70,32.86908,,ok,405.0,85.173519,27.967693,604.1,0.25,4.31,25.854187,,29.36,2,460.0,504.6,33.92,L,7.01,17.24,,,,,,,,1.00,1,1,25.00,55.0,0.00,0.00,,,0,0,1,1,0
main,69.0,s2chg,320536.1,3094615.3,578.2157,578.2157,578.2157,ok,55.0,85.175763,27.964154,611.1,1.09,16.70,32.86908,,ok,405.0,85.173519,27.967693,604.1,0.25,4.31,25.854187,,29.36,2,460.0,504.6,33.92,L,7.01,17.24,,,,,,,,1.00,1,1,25.00,55.0,0.00,0.00,,,0,0,1,1,0
main,69.1,s2,320441.4,3094582.6,577.82513,577.82513,577.82513,ok,55.0,85.174732,27.963816,606.6,0.65,10.07,28.73767,,ok,405.0,85.173152,27.967627,604.5,0.17,3.15,26.637817,,27.69,2,460.0,937.6,18.12,L,2.10,10.56,,,,,,,,1.00,1,1,25.00,55.0,0.00,0.00,,,0,0,1,1,0
main,69.1,s2chg,320441.4,3094582.6,577.82513,577.82513,577.82513,ok,55.0,85.174732,27.963816,606.6,0.65,10.07,28.73767,,ok,405.0,85.173152,27.967627,604.5,0.17,3.15,26.637817,,27.69,2,460.0,937.6,18.12,L,2.10,10.56,,,,,,,,1.00,1,1,25.00,55.0,0.00,0.00,,,0,0,1,1,0
main,69.2,s2,320345.7,3094553.2,576.1597,576.1597,576.1597,ok,85.0,85.173832,27.963273,606.7,0.43,9.23,30.528809,,ok,375.0,85.172462,27.967147,604.7,0.31,5.12,28.546387,,29.54,2,460.0,3090.4,5.54,,,,,,,,,,,1.00,1,1,25.00,25.00,0.00,0.00,,,0,0,0,1,0
main,69.2,s2chg,320345.7,3094553.2,576.1597,576.1597,576.1597,ok,85.0,85.173832,27.963273,606.7,0.43,9.23,30.528809,,ok,375.0,85.172462,27.967147,604.7,0.31,5.12,28.546387,,29.54,2,460.0,3090.4,5.54,,,,,,,,,,,1.00,1,1,25.00,25.00,0.00,0.00,,,0,0,0,1,0
main,69.3,s2,320249.2,3094526.6,576.04987,576.04987,576.04987,ok,135.0,85.173009,27.962589,601.0,0.36,5.88,24.972717,,ok,315.0,85.171664,27.966376,602.3,0.06,1.83,26.215149,,25.59,2,450.0,3541.8,4.84,,,,,,,,,,,1.00,1,1,55.0,45.00,0.00,0.00,,,0,0,1,1,0
main,69.3,s2chg,320249.2,3094526.6,576.04987,576.04987,576.04987,ok,75.0,85.172826,27.963106,591.0,0.27,4.49,14.969177,,ok,315.0,85.171664,27.966376,602.3,0.06,1.83,26.215149,,20.59,2,390.0,3541.8,4.84,,,,,,,,,,,1.00,1,1,55.0,45.00,0.00,0.00,,,0,0,1,1,0
main,69.4,s2,320153.5,3094497.4,576.78894,576.04987,576.04987,ok,185.0,85.172268,27.961906,596.6,0.27,4.58,20.58252,,ok,195.0,85.170984,27.965044,601.4,0.13,2.64,25.339294,,22.96,2,380.0,953.3,17.80,R,4.76,5.29,,,,,,,,1.00,1,1,75.0,35.00,0.00,0.00,,,0,0,1,1,0
main,69.4,s2chg,320153.5,3094497.4,576.78894,576.04987,576.04987,ok,185.0,85.172268,27.961906,596.6,0.27,4.58,20.58252,,ok,155.0,85.171123,27.964705,597.2,0.18,3.27,21.15149,,20.87,2,340.0,953.3,17.80,R,0.57,5.63,,,,,,,,1.00,1,1,75.0,35.00,0.00,0.00,,,0,0,1,1,0
main,69.5,s2,320059.2,3094463.7,576.2613,576.04987,576.04987,ok,255.0,85.171920,27.961141,601.0,0.58,9.17,24.971558,,ok,105.0,85.170199,27.963905,585.9,0.61,9.48,9.865662,,17.42,2,360.0,532.4,32.09,R,-15.11,13.18,,,,,,,,1.00,1,1,105.0,85.0,0.00,0.00,,,0,0,1,1,0
main,69.5,s2chg,320059.2,3094463.7,576.2613,576.04987,576.04987,ok,255.0,85.171920,27.961141,601.0,0.58,9.17,24.971558,,ok,105.0,85.170199,27.963905,585.9,0.61,9.48,9.865662,,17.42,2,360.0,532.4,32.09,R,-15.11,13.18,,,,,,,,1.00,1,1,105.0,85.0,0.00,0.00,,,0,0,1,1,0
main,69.6,s2,319972.6,3094414.7,571.8718,571.8718,571.8718,ok,265.0,85.171588,27.960920,597.9,0.17,3.16,26.026367,,ok,185.0,85.168592,27.963867,596.6,0.14,2.74,24.76532,,25.40,2,450.0,419.2,41.51,R,-1.26,4.18,,,,,,,,1.00,1,1,125.0,35.00,0.00,0.00,,,0,0,1,1,0
main,69.6,s2chg,319972.6,3094414.7,571.8718,571.8718,571.8718,ok,215.0,85.171248,27.961255,587.9,0.16,3.07,16.01764,,ok,185.0,85.168592,27.963867,596.6,0.14,2.74,24.76532,,20.39,2,400.0,419.2,41.51,R,8.75,4.11,9.48,5.07,15.67,weak,,,0.67,1.00,1,1,125.0,35.00,0.00,0.00,,,0,0,1,1,0
main,69.7,s2,319914.1,3094334.3,570.45874,570.45874,570.45874,ok,265.0,85.171471,27.960678,601.5,0.59,9.26,31.050781,,ok,105.0,85.168376,27.962409,593.6,0.66,10.31,23.122253,,27.09,2,370.0,484.0,35.35,R,-7.93,13.86,,,,,,,,1.00,1,1,95.0,15.00,0.00,0.00,,,0,0,1,1,0
main,69.7,s2chg,319914.1,3094334.3,570.45874,570.45874,570.45874,ok,265.0,85.171471,27.960678,601.5,0.59,9.26,31.050781,,ok,105.0,85.168376,27.962409,593.6,0.66,10.31,23.122253,,27.09,2,370.0,484.0,35.35,R,-7.93,13.86,,,,,,,,1.00,1,1,95.0,15.00,0.00,0.00,,,0,0,1,1,0
main,69.8,s2,319871.8,3094244.6,568.7598,568.7598,568.7598,ok,245.0,85.171076,27.960292,598.7,0.44,7.05,29.895264,,ok,65.0,85.168255,27.961318,602.8,0.99,17.93,34.07245,,31.98,2,310.0,765.3,22.12,R,4.18,19.27,,,,,,,,1.00,1,1,115.0,25.00,0.00,0.00,,,0,0,1,0,0
main,69.8,s2chg,319871.8,3094244.6,568.7598,568.7598,568.7598,ok,245.0,85.171076,27.960292,598.7,0.44,7.05,29.895264,,ok,65.0,85.168255,27.961318,602.8,0.99,17.93,34.07245,,31.98,2,310.0,765.3,22.12,R,4.18,19.27,,,,,,,,1.00,1,1,115.0,25.00,0.00,0.00,,,0,0,1,0,0
main,69.9,s2,319840.7,3094149.9,568.18665,568.18665,568.18665,ok,225.0,85.170646,27.959644,598.5,0.40,6.49,30.342896,,ok,75.0,85.167841,27.960449,591.1,1.09,16.69,22.935913,,26.64,2,300.0,3195.2,5.33,,,,,,,,,,,1.00,1,1,35.00,35.00,0.00,0.00,,,0,0,1,1,0
main,69.9,s2chg,319840.7,3094149.9,568.18665,568.18665,568.18665,ok,225.0,85.170646,27.959644,598.5,0.40,6.49,30.342896,,ok,75.0,85.167841,27.960449,591.1,1.09,16.69,22.935913,,26.64,2,300.0,3195.2,5.33,,,,,,,,,,,1.00,1,1,35.00,35.00,0.00,0.00,,,0,0,1,1,0
kyirong,0.00,s2,340820.2,3129072.8,1799.25,1791.4135,1799.25,ok,125.0,85.375756,28.278051,1944.9,1.11,16.99,153.47314,side-valley,ok,195.0,85.378916,28.278060,1912.2,1.27,19.52,120.7489,,120.7,1,320.0,,0.00,,,,,,,,,,,1.00,1,1,35.00,65.0,0.00,0.00,,,0,0,1,1,0
kyirong,0.00,s2chg,340820.2,3129072.8,1799.25,1791.4135,1799.25,ok,125.0,85.375756,28.278051,1944.9,1.11,16.99,153.47314,side-valley,ok,195.0,85.378916,28.278060,1912.2,1.27,19.52,120.7489,,120.7,1,320.0,,0.00,,,,,,,,,,,1.00,1,1,35.00,65.0,0.00,0.00,,,0,0,1,1,0
kyirong,0.00,pelican0827,340820.2,3129072.8,1799.25,1791.4135,1799.25,ok,135.8,85.375603,28.278051,1963.4,1.44,5.44,171.99573,side-valley;capped-by-s2chg,ok,215.2,85.379166,28.278061,1935.8,0.87,3.77,144.42188,capped-by-s2chg,,0,351.0,,0.00,,,,,,,,,,,1.00,1,1,30.75,69.8,0.00,0.00,,,0,0,1,1,0
kyirong,0.00,pelican0901,340820.2,3129072.8,1799.25,1791.4135,1799.25,ok,135.8,85.375603,28.278051,1963.4,1.44,5.44,171.99573,side-valley;capped-by-s2chg,ok,215.2,85.379166,28.278061,1935.8,0.87,3.77,144.42188,capped-by-s2chg,,0,351.0,,0.00,,,,,,,,,,,1.00,1,1,30.75,69.8,0.00,0.00,,,0,0,1,1,0
kyirong,0.10,s2,340837.4,3129169.5,1791.4135,1791.4135,1799.25,ok,135.0,85.375827,28.278786,1910.8,1.19,18.24,119.39783,,ok,335.0,85.380480,28.279294,1913.1,1.28,22.50,121.67285,,120.5,2,470.0,,0.00,,,,,,,,,,,0.95,1,1,35.00,35.00,0.00,0.00,,,0,0,1,0,0
kyirong,0.10,s2chg,340837.4,3129169.5,1791.4135,1791.4135,1799.25,ok,135.0,85.375827,28.278786,1910.8,1.19,18.24,119.39783,,ok,55.0,85.377648,28.278985,1816.5,0.45,7.09,25.072021,,72.2,2,190.0,,0.00,,,,,,,,,,,0.95,1,1,35.00,35.00,0.00,0.00,,,0,0,1,1,0
kyirong,0.10,pelican0827,340837.4,3129169.5,1791.4135,1791.4135,1799.25,truncated,,,,,,,,capped-by-s2chg,ok,68.2,85.377825,28.279004,1822.4,0.39,2.44,30.976074,capped-by-s2chg;prebare-at-trim,,0,,,0.00,,,,,,,,,,,0.94,,1,,32.25,46.50,24.00,81.0,,,1,,1,0
kyirong,0.10,pelican0901,340837.4,3129169.5,1791.4135,1791.4135,1799.25,ok,153.8,85.375594,28.278760,1941.0,1.44,5.45,149.58948,capped-by-s2chg,ok,68.2,85.377825,28.279004,1822.4,0.39,2.44,30.976074,capped-by-s2chg;prebare-at-trim,,0,222.0,,0.00,,,,,,,,,,,1.00,1,1,38.25,32.25,0.00,0.00,,,0,1,1,1,0
kyirong,0.20,s2,340804.3,3129263.8,1806.543,1805.7863,1806.543,ok,125.0,85.375596,28.279543,1901.0,1.15,20.37,95.18994,,open,,,,,,,,,95.2,1,,,0.00,,,,,,,,,,,1.00,1,,5.00,,0.00,0.00,,600.0,0,,0,,0
kyirong,0.20,s2chg,340804.3,3129263.8,1806.543,1805.7863,1806.543,ok,125.0,85.375596,28.279543,1901.0,1.15,20.37,95.18994,,open,,,,,,,,,95.2,1,,,0.00,,,,,,,,,,,1.00,1,,5.00,,0.00,0.00,,600.0,0,,0,,0
kyirong,0.20,pelican0827,340804.3,3129263.8,1806.543,1805.7863,1806.543,ok,138.8,85.375417,28.279508,1918.0,0.87,9.43,112.17749,,open,,,,,,,,uncapped-s2-open,112.2,1,,,0.00,,,,,,,,,,,1.00,1,,3.75,,0.00,0.00,,600.0,0,,0,,0
kyirong,0.20,pelican0901,340804.3,3129263.8,1806.543,1805.7863,1806.543,ok,137.2,85.375432,28.279511,1916.7,0.90,9.59,110.9563,,open,,,,,,,,uncapped-s2-open,111.0,1,,,0.00,,,,,,,,,,,1.00,1,,3.75,,0.00,0.00,,600.0,0,,0,,0
kyirong,0.30,s2,340787.0,3129361.9,1805.7863,1805.7863,1806.543,ok,145.0,85.375236,28.280291,1904.5,1.62,24.81,98.724976,,ok,145.0,85.377966,28.281027,1859.8,0.61,9.49,54.053833,,76.4,2,290.0,,0.00,,,,,,,,,,,1.00,1,1,45.00,95.0,0.00,0.00,,,0,0,1,1,0
kyirong,0.30,s2chg,340787.0,3129361.9,1805.7863,1805.7863,1806.543,ok,145.0,85.375236,28.280291,1904.5,1.62,24.81,98.724976,,ok,145.0,85.377966,28.281027,1859.8,0.61,9.49,54.053833,,76.4,2,290.0,,0.00,,,,,,,,,,,1.00,1,1,45.00,95.0,0.00,0.00,,,0,0,1,1,0
kyirong,0.30,pelican0827,340787.0,3129361.9,1805.7863,1805.7863,1806.543,ok,153.8,85.375109,28.280257,1923.6,1.23,4.82,117.82214,,ok,164.2,85.378196,28.281089,1874.4,0.78,3.53,68.65271,capped-by-s2chg,117.8,1,318.0,,0.00,,,,,,,,,,,1.00,1,1,42.75,96.8,0.00,0.00,,,0,0,1,1,0
kyirong,0.30,pelican0901,340787.0,3129361.9,1805.7863,1805.7863,1806.543,ok,149.2,85.375153,28.280269,1917.5,1.42,5.38,111.69348,,ok,159.8,85.378152,28.281077,1870.9,1.18,4.67,65.15173,,88.4,2,309.0,,0.00,,,,,,,,,,,1.00,1,1,42.75,96.8,0.00,0.00,,,0,0,1,1,0
kyirong,0.40,s2,340757.2,3129456.7,1807.6158,1806.74,1807.6158,ok,155.0,85.374874,28.280989,1891.9,0.94,14.42,85.17139,,ok,115.0,85.377320,28.281894,1866.1,1.10,16.98,59.345093,,72.3,2,270.0,,0.00,,,,,,,,,,,1.00,1,1,65.0,55.0,0.00,0.00,,,0,0,1,1,0
kyirong,0.40,s2chg,340757.2,3129456.7,1807.6158,1806.74,1807.6158,ok,155.0,85.374874,28.280989,1891.9,0.94,14.42,85.17139,,ok,115.0,85.377320,28.281894,1866.1,1.10,16.98,59.345093,,72.3,2,270.0,,0.00,,,,,,,,,,,1.00,1,1,65.0,55.0,0.00,0.00,,,0,0,1,1,0
kyirong,0.40,pelican0827,340757.2,3129456.7,1807.6158,1806.74,1807.6158,ok,173.2,85.374663,28.280911,1906.9,0.92,3.93,100.13159,capped-by-s2chg,ok,125.2,85.377456,28.281944,1880.1,0.93,3.97,73.35498,capped-by-s2chg,,0,298.5,,0.00,,,,,,,,,,,1.00,1,1,62.2,56.2,0.00,0.00,,,0,0,1,1,0
kyirong,0.40,pelican0901,340757.2,3129456.7,1807.6158,1806.74,1807.6158,ok,167.2,85.374719,28.280932,1903.9,0.87,3.78,97.2052,,ok,110.2,85.377315,28.281892,1865.6,1.11,4.49,58.84778,,78.0,2,277.5,,0.00,,,,,,,,,,,1.00,1,1,62.2,56.2,0.00,0.00,,,0,0,1,1,0
kyirong,0.50,s2,340719.7,3129549.3,1806.74,1806.74,1807.6158,ok,135.0,85.374814,28.281658,1882.4,0.96,14.82,75.61792,,ok,95.0,85.376635,28.282816,1867.5,1.58,24.20,60.732788,,68.2,2,230.0,,0.00,,,,,,,,,,,1.00,1,1,65.0,35.00,0.00,0.00,,,0,0,1,1,0
kyirong,0.50,s2chg,340719.7,3129549.3,1806.74,1806.74,1807.6158,ok,135.0,85.374814,28.281658,1882.4,0.96,14.82,75.61792,,ok,95.0,85.376635,28.282816,1867.5,1.58,24.20,60.732788,,68.2,2,230.0,,0.00,,,,,,,,,,,1.00,1,1,65.0,35.00,0.00,0.00,,,0,0,1,1,0
kyirong,0.50,pelican0827,340719.7,3129549.3,1806.74,1806.74,1807.6158,ok,152.2,85.374636,28.281545,1904.8,0.97,4.07,98.02588,,ok,113.2,85.376821,28.282934,1886.9,1.11,4.49,80.17297,capped-by-s2chg,98.0,1,265.5,,0.00,,,,,,,,,,,1.00,1,1,60.8,36.75,0.00,0.00,,,0,0,1,1,0
kyirong,0.50,pelican0901,340719.7,3129549.3,1806.74,1806.74,1807.6158,ok,153.8,85.374623,28.281537,1906.0,0.92,3.94,99.28967,capped-by-s2chg,ok,101.2,85.376722,28.282871,1875.5,0.88,3.81,68.7594,,68.8,1,255.0,,0.00,,,,,,,,,,,1.00,1,1,60.8,36.75,0.00,0.00,,,0,0,1,1,0
kyirong,0.60,s2,340648.9,3129620.0,1807.642,1807.642,1807.642,ok,115.0,85.374397,28.282242,1874.9,0.70,10.96,67.24292,,ok,105.0,85.375851,28.283633,1866.7,0.87,16.02,59.07788,,63.2,2,220.0,,0.00,,,,,,,,,,,1.00,1,1,55.0,55.0,0.00,0.00,,,0,0,1,0,0
kyirong,0.60,s2chg,340648.9,3129620.0,1807.642,1807.642,1807.642,ok,115.0,85.374397,28.282242,1874.9,0.70,10.96,67.24292,,ok,105.0,85.375851,28.283633,1866.7,0.87,16.02,59.07788,,63.2,2,220.0,,0.00,,,,,,,,,,,1.00,1,1,55.0,55.0,0.00,0.00,,,0,0,1,0,0
kyirong,0.60,pelican0827,340648.9,3129620.0,1807.642,1807.642,1807.642,truncated,,,,,,,,capped-by-s2chg,truncated,,,,,,,,capped-by-s2chg,,0,,,0.00,,,,,,,,,,,0.94,,,,,0.00,0.00,0.00,0.00,,,,,0
kyirong,0.60,pelican0901,340648.9,3129620.0,1807.642,1807.642,1807.642,ok,119.2,85.374338,28.282186,1880.6,0.76,3.48,73.004395,,ok,102.8,85.375865,28.283647,1868.5,0.90,9.61,60.828125,,66.9,2,222.0,,0.00,,,,,,,,,,,1.00,1,1,56.2,54.8,0.00,0.00,,,0,0,1,0,0
kyirong,0.70,s2,340567.4,3129677.5,1809.8229,1809.8229,1809.8229,ok,95.0,85.373788,28.282818,1871.9,0.64,9.93,62.117065,,ok,105.0,85.374910,28.284216,1860.9,0.80,12.36,51.093872,,56.6,2,200.0,,0.00,,,,,,,,,,,1.00,1,1,45.00,55.0,0.00,0.00,,,0,0,1,1,0
kyirong,0.70,s2chg,340567.4,3129677.5,1809.8229,1809.8229,1809.8229,ok,95.0,85.373788,28.282818,1871.9,0.64,9.93,62.117065,,ok,105.0,85.374910,28.284216,1860.9,0.80,12.36,51.093872,,56.6,2,200.0,,0.00,,,,,,,,,,,1.00,1,1,45.00,55.0,0.00,0.00,,,0,0,1,1,0
kyirong,0.70,pelican0827,340567.4,3129677.5,1809.8229,1809.8229,1809.8229,truncated,,,,,,,,capped-by-s2chg,truncated,,,,,,,,capped-by-s2chg,,0,,,0.00,,,,,,,,,,,0.94,,,,,30.00,42.00,30.00,45.00,,,,,0
kyirong,0.70,pelican0901,340567.4,3129677.5,1809.8229,1809.8229,1809.8229,ok,98.2,85.373744,28.282763,1876.7,0.71,3.33,66.88953,,ok,111.8,85.374975,28.284297,1868.7,0.74,3.43,58.888306,,62.9,2,210.0,,0.00,,,,,,,,,,,1.00,1,1,45.75,53.2,0.00,0.00,,,0,0,1,1,0
kyirong,0.80,s2,340484.4,3129733.3,1811.2035,1811.2035,1811.2035,ok,95.0,85.373031,28.283258,1843.5,0.77,14.47,32.343384,,ok,95.0,85.373900,28.284689,1851.2,1.05,18.88,39.973267,,36.16,2,190.0,,0.00,,,,,,,,,,,1.00,1,1,55.0,55.0,0.00,0.00,,,0,0,0,0,0
kyirong,0.80,s2chg,340484.4,3129733.3,1811.2035,1811.2035,1811.2035,ok,95.0,85.373031,28.283258,1843.5,0.77,14.47,32.343384,,ok,95.0,85.373900,28.284689,1851.2,1.05,18.88,39.973267,,36.16,2,190.0,,0.00,,,,,,,,,,,1.00,1,1,55.0,55.0,0.00,0.00,,,0,0,0,0,0
kyirong,0.80,pelican0827,340484.4,3129733.3,1811.2035,1811.2035,1811.2035,truncated,,,,,,,,capped-by-s2chg,ok,114.8,85.374016,28.284879,1881.5,1.29,12.07,70.28906,capped-by-s2chg,,0,,,0.00,,,,,,,,,,,1.00,,1,,53.2,0.00,0.00,21.00,,,0,,0,0
kyirong,0.80,pelican0901,340484.4,3129733.3,1811.2035,1811.2035,1811.2035,ok,99.8,85.372988,28.283186,1851.3,0.97,10.08,40.07483,,ok,114.8,85.374016,28.284879,1881.5,1.29,12.07,70.28906,capped-by-s2chg,40.07,1,214.5,,0.00,,,,,,,,,,,1.00,1,1,50.2,53.2,0.00,0.00,,,0,0,0,0,0
kyirong,0.90,s2,340398.0,3129782.8,1812.9476,1812.9476,1812.9476,ok,105.0,85.372103,28.283611,1898.7,2.22,37.57,85.75525,side-valley,ok,95.0,85.373006,28.285128,1857.1,0.99,17.92,44.15979,,44.16,1,200.0,,0.00,,,,,,,,,,,1.00,1,1,35.00,45.00,0.00,0.00,,,0,0,0,0,0
kyirong,0.90,s2chg,340398.0,3129782.8,1812.9476,1812.9476,1812.9476,ok,105.0,85.372103,28.283611,1898.7,2.22,37.57,85.75525,side-valley,ok,95.0,85.373006,28.285128,1857.1,0.99,17.92,44.15979,,44.16,1,200.0,,0.00,,,,,,,,,,,1.00,1,1,35.00,45.00,0.00,0.00,,,0,0,0,0,0
kyirong,0.90,pelican0827,340398.0,3129782.8,1812.9476,1812.9476,1812.9476,ok,114.8,85.372037,28.283499,1929.3,2.08,17.14,116.35901,side-valley;capped-by-s2chg,truncated,,,,,,,,capped-by-s2chg,,0,,,0.00,,,,,,,,,,,0.95,1,,38.25,,43.50,15.00,,19.50,0,,0,,0
kyirong,0.90,pelican0901,340398.0,3129782.8,1812.9476,1812.9476,1812.9476,ok,87.8,85.372165,28.283715,1869.5,1.83,15.57,56.557495,side-valley,ok,104.2,85.373070,28.285236,1872.0,1.21,11.57,59.096436,,59.1,1,192.0,,0.00,,,,,,,,,,,1.00,1,1,38.25,45.75,0.00,0.00,,,0,0,0,0,0
kyirong,1.00,s2,340305.4,3129816.8,1814.7954,1814.7954,1814.7954,ok,55.0,85.371409,28.284299,1857.1,1.59,27.42,42.3114,,ok,125.0,85.372160,28.285681,1865.3,0.84,15.44,50.48291,side-valley,42.31,1,180.0,,0.00,,,,,,,,,,,1.00,1,1,15.00,55.0,0.00,0.00,,,0,0,0,0,0
kyirong,1.00,s2chg,340305.4,3129816.8,1814.7954,1814.7954,1814.7954,ok,55.0,85.371409,28.284299,1857.1,1.59,27.42,42.3114,,ok,125.0,85.372160,28.285681,1865.3,0.84,15.44,50.48291,side-valley,42.31,1,180.0,,0.00,,,,,,,,,,,1.00,1,1,15.00,55.0,0.00,0.00,,,0,0,0,0,0
kyirong,1.00,pelican0827,340305.4,3129816.8,1814.7954,1814.7954,1814.7954,truncated,,,,,,,,capped-by-s2chg,truncated,,,,,,,,side-valley;capped-by-s2chg,,0,,,0.00,,,,,,,,,,,0.86,,,,,,,,,,,,,0
kyirong,1.00,pelican0901,340305.4,3129816.8,1814.7954,1814.7954,1814.7954,ok,51.8,85.371405,28.284291,1858.7,1.63,14.27,43.86975,,ok,129.8,85.372200,28.285754,1872.9,0.90,9.59,58.08203,side-valley,43.87,1,181.5,,0.00,,,,,,,,,,,1.00,1,1,12.75,59.2,0.00,0.00,,,0,0,0,0,0
kyirong,1.10,s2,340221.8,3129870.9,1816.5946,1816.5946,1816.5946,ok,55.0,85.370560,28.284773,1844.9,0.84,15.54,28.301392,side-valley,ok,105.0,85.371191,28.286005,1861.5,1.28,22.46,44.866455,,44.87,1,160.0,,0.00,,,,,,,,,,,1.00,1,1,5.00,65.0,0.00,0.00,,,0,0,0,0,0
kyirong,1.10,s2chg,340221.8,3129870.9,1816.5946,1816.5946,1816.5946,ok,55.0,85.370560,28.284773,1844.9,0.84,15.54,28.301392,side-valley,ok,105.0,85.371191,28.286005,1861.5,1.28,22.46,44.866455,,44.87,1,160.0,,0.00,,,,,,,,,,,1.00,1,1,5.00,65.0,0.00,0.00,,,0,0,0,0,0
kyirong,1.10,pelican0827,340221.8,3129870.9,1816.5946,1816.5946,1816.5946,truncated,,,,,,,,side-valley;capped-by-s2chg,truncated,,,,,,,,capped-by-s2chg,,0,,,0.00,,,,,,,,,,,0.90,,,,,48.00,15.00,51.0,22.50,,,,,0
kyirong,1.10,pelican0901,340221.8,3129870.9,1816.5946,1816.5946,1816.5946,ok,56.2,85.370536,28.284727,1848.2,0.90,9.59,31.61731,side-valley,ok,117.8,85.371263,28.286145,1885.0,1.46,13.20,68.416504,,68.4,1,174.0,,0.00,,,,,,,,,,,1.00,1,1,0.75,65.2,0.00,0.00,,,0,0,0,0,0
kyirong,1.20,s2,340129.9,3129909.2,1819.577,1819.1293,1819.577,ok,55.0,85.369674,28.285088,1852.5,0.68,13.07,33.41382,side-valley,ok,105.0,85.370138,28.286378,1855.4,1.14,20.19,36.275757,,36.28,1,160.0,,0.00,,,,,,,,,,,1.00,1,1,25.00,65.0,0.00,0.00,,,0,0,0,0,0
kyirong,1.20,s2chg,340129.9,3129909.2,1819.577,1819.1293,1819.577,ok,55.0,85.369674,28.285088,1852.5,0.68,13.07,33.41382,side-valley,ok,105.0,85.370138,28.286378,1855.4,1.14,20.19,36.275757,,36.28,1,160.0,,0.00,,,,,,,,,,,1.00,1,1,25.00,65.0,0.00,0.00,,,0,0,0,0,0
kyirong,1.20,pelican0827,340129.9,3129909.2,1819.577,1819.1293,1819.577,ok,66.8,85.369624,28.284950,1864.2,0.75,8.65,45.030884,side-valley;capped-by-s2chg,truncated,,,,,,,,capped-by-s2chg,,0,,,0.00,,,,,,,,,,,0.95,1,,20.25,,0.00,0.00,,43.50,0,,0,,0
kyirong,1.20,pelican0901,340129.9,3129909.2,1819.577,1819.1293,1819.577,ok,53.2,85.369666,28.285066,1854.4,0.69,8.30,35.302246,side-valley,ok,114.8,85.370181,28.286498,1874.0,1.24,11.76,54.90686,,54.9,1,168.0,,0.00,,,,,,,,,,,1.00,1,1,20.25,63.8,0.00,0.00,,,0,0,0,0,0
kyirong,1.30,s2,340033.2,3129933.4,1819.1293,1819.1293,1819.577,ok,55.0,85.368726,28.285284,1856.9,0.79,14.78,37.7511,side-valley,ok,105.0,85.369064,28.286605,1871.7,1.32,23.06,52.55786,,52.6,1,160.0,,0.00,,,,,,,,,,,1.00,1,1,15.00,55.0,0.00,0.00,,,0,0,0,0,0
kyirong,1.30,s2chg,340033.2,3129933.4,1819.1293,1819.1293,1819.577,ok,55.0,85.368726,28.285284,1856.9,0.79,14.78,37.7511,side-valley,ok,105.0,85.369064,28.286605,1871.7,1.32,23.06,52.55786,,52.6,1,160.0,,0.00,,,,,,,,,,,1.00,1,1,15.00,55.0,0.00,0.00,,,0,0,0,0,0
kyirong,1.30,pelican0827,340033.2,3129933.4,1819.1293,1819.1293,1819.577,ok,69.8,85.368684,28.285117,1872.8,0.80,8.96,53.710815,side-valley;capped-by-s2chg,truncated,,,,,,,,capped-by-s2chg,,0,,,0.00,,,,,,,,,,,0.94,1,,14.25,,0.00,0.00,,43.50,0,,0,,0
kyirong,1.30,pelican0901,340033.2,3129933.4,1819.1293,1819.1293,1819.577,ok,51.8,85.368724,28.285276,1857.7,0.80,8.97,38.522827,side-valley,ok,117.8,85.369102,28.286754,1892.8,1.36,12.55,73.68909,,73.7,1,169.5,,0.00,,,,,,,,,,,1.00,1,1,14.25,57.8,0.00,0.00,,,0,0,0,0,0
kyirong,1.40,s2,339937.6,3129958.9,1824.2169,1824.2169,1824.2169,ok,65.0,85.367819,28.285403,1854.2,0.42,6.79,30.011108,side-valley,ok,75.0,85.367909,28.286573,1873.8,1.12,19.99,49.611572,,49.61,1,140.0,,0.00,,,,,,,,,,,1.00,1,1,25.00,45.00,0.00,0.00,,,0,0,1,0,0
kyirong,1.40,s2chg,339937.6,3129958.9,1824.2169,1824.2169,1824.2169,ok,65.0,85.367819,28.285403,1854.2,0.42,6.79,30.011108,side-valley,ok,75.0,85.367909,28.286573,1873.8,1.12,19.99,49.611572,,49.61,1,140.0,,0.00,,,,,,,,,,,1.00,1,1,25.00,45.00,0.00,0.00,,,0,0,1,0,0
kyirong,1.40,pelican0827,339937.6,3129958.9,1824.2169,1824.2169,1824.2169,ok,84.8,85.367803,28.285187,1898.3,0.96,4.05,74.075195,side-valley;capped-by-s2chg,ok,75.8,85.367913,28.286618,1881.1,1.14,11.13,56.899292,,56.9,1,160.5,,0.00,,,,,,,,,,,1.00,1,1,29.25,41.25,0.00,0.00,,,0,0,1,0,0
kyirong,1.40,pelican0901,339937.6,3129958.9,1824.2169,1824.2169,1824.2169,ok,72.8,85.367811,28.285295,1864.8,0.87,3.78,40.559814,side-valley,ok,78.8,85.367915,28.286645,1885.5,1.15,11.19,61.280273,,61.3,1,151.5,,0.00,,,,,,,,,,,1.00,1,1,29.25,41.25,0.00,0.00,,,0,0,1,0,0
kyirong,1.50,s2,339839.1,3129954.6,1826.2186,1826.2186,1826.2186,ok,55.0,85.366855,28.285441,1860.1,0.84,15.53,33.84082,,ok,85.0,85.366863,28.286614,1873.8,1.15,20.40,47.575195,,40.71,2,140.0,,0.00,,,,,,,,,,,0.92,1,1,15.00,45.00,0.00,0.00,,,0,0,0,0,0
kyirong,1.50,s2chg,339839.1,3129954.6,1826.2186,1826.2186,1826.2186,ok,55.0,85.366855,28.285441,1860.1,0.84,15.53,33.84082,,ok,85.0,85.366863,28.286614,1873.8,1.15,20.40,47.575195,,40.71,2,140.0,,0.00,,,,,,,,,,,0.92,1,1,15.00,45.00,0.00,0.00,,,0,0,0,0,0
kyirong,1.50,pelican0827,339839.1,3129954.6,1826.2186,1826.2186,1826.2186,ok,69.8,85.366854,28.285269,1872.4,1.18,11.41,46.214478,capped-by-s2chg,ok,99.8,85.366865,28.286785,1896.8,1.32,12.28,70.56555,capped-by-s2chg,,0,169.5,,0.00,,,,,,,,,,,1.00,1,1,14.25,42.75,0.00,0.00,,,0,0,0,0,0
kyirong,1.50,pelican0901,339839.1,3129954.6,1826.2186,1826.2186,1826.2186,ok,50.2,85.366855,28.285445,1859.8,0.83,9.19,33.541016,,ok,84.8,85.366864,28.286650,1878.3,1.19,11.44,52.125977,,42.83,2,135.0,,0.00,,,,,,,,,,,1.00,1,1,14.25,42.75,0.00,0.00,,,0,0,0,0,0
kyirong,1.60,s2,339741.6,3129932.7,1826.734,1826.734,1826.734,ok,35.00,85.365915,28.285415,1869.5,1.79,30.57,42.79004,,ok,75.0,85.365755,28.286307,1842.5,1.09,19.39,15.774292,,29.28,2,110.0,,0.00,,,,,,,,,,,1.00,1,1,,65.0,0.00,0.00,,,0,0,0,0,0
kyirong,1.60,s2chg,339741.6,3129932.7,1826.734,1826.734,1826.734,ok,35.00,85.365915,28.285415,1869.5,1.79,30.57,42.79004,,ok,75.0,85.365755,28.286307,1842.5,1.09,19.39,15.774292,,29.28,2,110.0,,0.00,,,,,,,,,,,1.00,1,1,,65.0,0.00,0.00,,,0,0,0,0,0
kyirong,1.60,pelican0827,339741.6,3129932.7,1826.734,1826.734,1826.734,ok,48.75,85.365943,28.285255,1900.9,2.59,20.41,74.15381,capped-by-s2chg,ok,84.8,85.365732,28.286431,1859.7,1.60,14.07,33.013794,,33.01,1,133.5,,0.00,,,,,,,,,,,1.00,1,1,,68.2,0.00,0.00,,,0,0,0,0,0
kyirong,1.60,pelican0901,339741.6,3129932.7,1826.734,1826.734,1826.734,ok,33.75,85.365919,28.285389,1873.8,1.93,16.18,47.108765,,ok,74.2,85.365749,28.286338,1845.2,1.21,11.60,18.496216,,32.80,2,108.0,,0.00,,,,,,,,,,,1.00,1,1,,68.2,0.00,0.00,,,0,0,0,0,0
kyirong,1.70,s2,339645.0,3129941.0,1838.3678,1830.3293,1838.3678,ok,45.00,85.364933,28.285387,1890.4,1.80,30.84,60.04297,side-valley,ok,55.0,85.364817,28.286193,1844.2,0.55,11.09,13.866455,,13.87,1,100.0,,0.00,,,,,,,,,,,0.89,1,1,5.00,35.00,0.00,0.00,,,0,0,0,0,0
kyirong,1.70,s2chg,339645.0,3129941.0,1838.3678,1830.3293,1838.3678,ok,45.00,85.364933,28.285387,1890.4,1.80,30.84,60.04297,side-valley,ok,55.0,85.364817,28.286193,1844.2,0.55,11.09,13.866455,,13.87,1,100.0,,0.00,,,,,,,,,,,0.89,1,1,5.00,35.00,0.00,0.00,,,0,0,0,0,0
kyirong,1.70,pelican0827,339645.0,3129941.0,1838.3678,1830.3293,1838.3678,ok,39.75,85.364932,28.285396,1889.0,1.77,15.15,58.650757,side-valley,ok,71.2,85.364790,28.286376,1857.7,1.27,11.96,27.364746,,27.36,1,111.0,,0.00,,,,,,,,,,,1.00,1,1,0.75,39.75,0.00,0.00,,,0,0,0,0,0
kyirong,1.70,pelican0901,339645.0,3129941.0,1838.3678,1830.3293,1838.3678,ok,42.75,85.364936,28.285370,1893.2,1.87,15.80,62.826904,side-valley,ok,65.2,85.364798,28.286323,1853.8,1.06,10.62,23.432129,,23.43,1,108.0,,0.00,,,,,,,,,,,1.00,1,1,0.75,39.75,0.00,0.00,,,0,0,0,0,0
kyirong,1.80,s2,339550.9,3129909.4,1837.3428,1830.3293,1838.3678,ok,15.00,85.363947,28.285361,1855.0,1.19,21.01,24.630737,,ok,65.0,85.363804,28.285980,1841.0,0.21,6.10,10.664185,side-valley,24.63,1,80.0,,0.00,,,,,,,,,,,0.71,1,1,,45.00,0.00,0.00,,,0,0,0,0,0
kyirong,1.80,s2chg,339550.9,3129909.4,1837.3428,1830.3293,1838.3678,ok,15.00,85.363947,28.285361,1855.0,1.19,21.01,24.630737,,ok,65.0,85.363804,28.285980,1841.0,0.21,6.10,10.664185,side-valley,24.63,1,80.0,,0.00,,,,,,,,,,,0.71,1,1,,45.00,0.00,0.00,,,0,0,0,0,0
kyirong,1.80,pelican0827,339550.9,3129909.4,1837.3428,1830.3293,1838.3678,ok,21.75,85.363970,28.285264,1866.8,1.56,13.84,36.430664,,ok,60.8,85.363804,28.285980,1841.0,0.21,5.27,10.664185,side-valley,36.43,1,82.5,,0.00,,,,,,,,,,,1.00,1,1,,41.25,0.00,0.00,,,0,0,0,0,0
kyirong,1.80,pelican0901,339550.9,3129909.4,1837.3428,1830.3293,1838.3678,ok,26.25,85.363979,28.285224,1876.0,1.68,14.58,45.695312,,ok,62.2,85.363801,28.285993,1841.1,0.21,5.30,10.76709,side-valley,45.70,1,88.5,,0.00,,,,,,,,,,,1.00,1,1,,41.25,0.00,0.00,,,0,0,0,0,0
kyirong,1.90,s2,339451.5,3129908.3,1830.3293,1830.3293,1838.3678,ok,25.00,85.362910,28.285246,1855.8,0.83,15.29,25.483887,,ok,55.0,85.362922,28.285878,1830.3,0.21,6.16,0.0,side-valley,25.48,1,80.0,,0.00,,,,,,,,,,,0.71,1,1,5.00,45.00,0.00,0.00,,,0,0,0,0,0
kyirong,1.90,s2chg,339451.5,3129908.3,1830.3293,1830.3293,1838.3678,ok,25.00,85.362910,28.285246,1855.8,0.83,15.29,25.483887,,ok,55.0,85.362922,28.285878,1830.3,0.21,6.16,0.0,side-valley,25.48,1,80.0,,0.00,,,,,,,,,,,0.71,1,1,5.00,45.00,0.00,0.00,,,0,0,0,0,0
kyirong,1.90,pelican0827,339451.5,3129908.3,1830.3293,1830.3293,1838.3678,ok,36.75,85.362907,28.285102,1872.5,1.16,11.25,42.197388,,ok,56.2,85.362923,28.285927,1831.0,0.28,5.75,0.70983887,side-valley,42.20,1,93.0,,0.00,,,,,,,,,,,1.00,1,1,8.25,41.25,0.00,0.00,,,0,0,0,0,0
kyirong,1.90,pelican0901,339451.5,3129908.3,1830.3293,1830.3293,1838.3678,ok,35.25,85.362907,28.285115,1871.0,1.13,11.05,40.63159,,ok,60.8,85.362924,28.285968,1831.6,0.34,6.11,1.2828369,side-valley,40.63,1,96.0,,0.00,,,,,,,,,,,1.00,1,1,8.25,41.25,0.00,0.00,,,0,0,0,0,0
kyirong,2.00,s2,339356.0,3129888.7,1841.3381,1838.9396,1841.3381,ok,5.00,85.361942,28.285239,1860.1,0.85,15.71,21.164185,,ok,85.0,85.362010,28.285958,1862.5,1.02,18.40,23.57251,side-valley,21.16,1,90.0,,0.00,,,,,,,,,,,0.73,1,1,,75.0,0.00,0.00,,,0,0,0,0,0
kyirong,2.00,s2chg,339356.0,3129888.7,1841.3381,1838.9396,1841.3381,ok,5.00,85.361942,28.285239,1860.1,0.85,15.71,21.164185,,ok,85.0,85.362010,28.285958,1862.5,1.02,18.40,23.57251,side-valley,21.16,1,90.0,,0.00,,,,,,,,,,,0.73,1,1,,75.0,0.00,0.00,,,0,0,0,0,0
kyirong,2.00,pelican0827,339356.0,3129888.7,1841.3381,1838.9396,1841.3381,ok,12.75,85.361932,28.285131,1871.7,1.06,10.62,32.7323,,ok,84.8,85.362013,28.285994,1866.9,1.11,10.95,27.929443,side-valley,32.73,1,97.5,,0.00,,,,,,,,,,,1.00,1,1,,71.2,0.00,0.00,,,0,0,0,0,0
kyirong,2.00,pelican0901,339356.0,3129888.7,1841.3381,1838.9396,1841.3381,ok,8.25,85.361936,28.285171,1867.3,0.98,10.13,28.407349,,ok,87.8,85.362016,28.286021,1870.1,1.18,11.37,31.191772,side-valley,28.41,1,96.0,,0.00,,,,,,,,,,,1.00,1,1,,71.2,0.00,0.00,,,0,0,0,0,0
kyirong,2.10,s2,339286.8,3129947.9,1838.9396,1838.9396,1841.3381,ok,35.00,85.361189,28.285496,1869.8,0.52,8.22,30.896729,,ok,45.00,85.361282,28.286122,1865.9,1.06,18.96,26.99768,no-change-in-run,30.90,1,80.0,,0.00,,,,,,,,,,,0.71,1,0,5.00,35.00,0.00,0.00,,,0,0,1,0,0
kyirong,2.10,s2chg,339286.8,3129947.9,1838.9396,1838.9396,1841.3381,ok,35.00,85.361189,28.285496,1869.8,0.52,8.22,30.896729,,ok,45.00,85.361282,28.286122,1865.9,1.06,18.96,26.99768,no-change-in-run,30.90,1,80.0,,0.00,,,,,,,,,,,0.71,1,0,5.00,35.00,0.00,0.00,,,0,0,1,0,0
kyirong,2.10,pelican0827,339286.8,3129947.9,1838.9396,1838.9396,1841.3381,ok,38.25,85.361179,28.285429,1873.2,0.44,2.58,34.229126,,ok,47.25,85.361290,28.286181,1875.8,1.18,11.42,36.878662,,35.55,2,85.5,,0.00,,,,,,,,,,,1.00,1,1,8.25,32.25,0.00,0.00,,,0,0,1,0,0
kyirong,2.10,pelican0901,339286.8,3129947.9,1838.9396,1838.9396,1841.3381,ok,36.75,85.361181,28.285442,1872.9,0.68,3.24,33.996582,,ok,47.25,85.361290,28.286181,1875.8,1.18,11.42,36.878662,,35.44,2,84.0,,0.00,,,,,,,,,,,1.00,1,1,8.25,32.25,0.00,0.00,,,0,0,1,0,0
kyirong,2.20,s2,339188.7,3129931.8,1845.7576,1845.7576,1845.7576,ok,15.00,85.360228,28.285516,1864.1,0.64,12.37,18.310547,,ok,45.00,85.360243,28.285967,1858.9,0.67,10.51,13.157837,,15.73,2,60.0,,0.00,,,,,,,,,,,0.79,1,1,5.00,35.00,0.00,0.00,,,0,0,0,1,0
kyirong,2.20,s2chg,339188.7,3129931.8,1845.7576,1845.7576,1845.7576,ok,15.00,85.360228,28.285516,1864.1,0.64,12.37,18.310547,,ok,45.00,85.360243,28.285967,1858.9,0.67,10.51,13.157837,,15.73,2,60.0,,0.00,,,,,,,,,,,0.79,1,1,5.00,35.00,0.00,0.00,,,0,0,0,1,0
kyirong,2.20,pelican0827,339188.7,3129931.8,1845.7576,1845.7576,1845.7576,ok,17.25,85.360226,28.285458,1869.5,0.67,8.14,23.743042,,ok,54.8,85.360247,28.286094,1870.8,0.88,3.80,25.090942,,24.42,2,72.0,,0.00,,,,,,,,,,,1.00,1,1,2.25,38.25,0.00,0.00,,,0,0,0,1,0
kyirong,2.20,pelican0901,339188.7,3129931.8,1845.7576,1845.7576,1845.7576,ok,12.75,85.360227,28.285498,1865.7,0.65,8.02,19.983643,,ok,51.8,85.360246,28.286067,1868.1,0.91,3.91,22.334717,,21.16,2,64.5,,0.00,,,,,,,,,,,1.00,1,1,2.25,38.25,0.00,0.00,,,0,0,0,1,0
kyirong,2.30,s2,339088.8,3129931.6,1847.8108,1847.8108,1847.8108,ok,15.00,85.359196,28.285504,1867.6,0.66,12.69,19.752686,,ok,65.0,85.359311,28.286127,1852.3,0.55,11.02,4.515503,side-valley;prebare-at-trim;no-change-in-run,19.75,1,80.0,,0.00,,,,,,,,,,,0.84,1,0,5.00,65.0,0.00,0.00,,,0,1,0,0,0
kyirong,2.30,s2chg,339088.8,3129931.6,1847.8108,1847.8108,1847.8108,ok,15.00,85.359196,28.285504,1867.6,0.66,12.69,19.752686,,ok,65.0,85.359311,28.286127,1852.3,0.55,11.02,4.515503,side-valley;prebare-at-trim;no-change-in-run,19.75,1,80.0,,0.00,,,,,,,,,,,0.84,1,0,5.00,65.0,0.00,0.00,,,0,1,0,0,0
kyirong,2.30,pelican0827,339088.8,3129931.6,1847.8108,1847.8108,1847.8108,ok,17.25,85.359186,28.285446,1872.9,0.65,8.05,25.102173,,ok,77.2,85.359338,28.286274,1867.3,0.92,9.73,19.452026,side-valley,25.10,1,94.5,,0.00,,,,,,,,,,,1.00,1,1,2.25,69.8,0.00,0.00,,,0,0,0,0,0
kyirong,2.30,pelican0901,339088.8,3129931.6,1847.8108,1847.8108,1847.8108,ok,12.75,85.359193,28.285486,1869.2,0.66,8.08,21.39563,,ok,80.2,85.359343,28.286301,1870.0,0.98,10.15,22.221436,side-valley,21.40,1,93.0,,0.00,,,,,,,,,,,1.00,1,1,2.25,69.8,0.00,0.00,,,0,0,0,0,0
kyirong,2.40,s2,338995.3,3129962.8,1848.5809,1848.5809,1848.5809,ok,25.00,85.358199,28.285689,1877.0,0.81,12.56,28.430664,prebare-at-trim;no-change-in-run,ok,75.0,85.358452,28.286470,1869.6,0.90,16.45,20.98352,side-valley;no-change-in-run,,0,100.0,,0.00,,,,,,,,,,,0.98,0,0,25.00,55.0,0.00,0.00,,,1,0,1,0,0
kyirong,2.40,s2chg,338995.3,3129962.8,1848.5809,1848.5809,1848.5809,ok,25.00,85.358199,28.285689,1877.0,0.81,12.56,28.430664,prebare-at-trim;no-change-in-run,ok,75.0,85.358452,28.286470,1869.6,0.90,16.45,20.98352,side-valley;no-change-in-run,,0,100.0,,0.00,,,,,,,,,,,0.98,0,0,25.00,55.0,0.00,0.00,,,1,0,1,0,0
kyirong,2.40,pelican0827,338995.3,3129962.8,1848.5809,1848.5809,1848.5809,ok,36.75,85.358154,28.285550,1884.3,0.77,3.49,35.7052,,ok,77.2,85.358471,28.286526,1877.1,0.99,10.19,28.54004,side-valley,35.71,1,114.0,,0.00,,,,,,,,,,,1.00,1,1,23.25,59.2,0.00,0.00,,,0,0,1,0,0
kyirong,2.40,pelican0901,338995.3,3129962.8,1848.5809,1848.5809,1848.5809,ok,21.75,85.358196,28.285680,1877.3,0.72,3.35,28.763306,prebare-at-trim;no-change-in-run,ok,71.2,85.358454,28.286474,1870.1,0.91,9.66,21.558716,side-valley,,0,93.0,,0.00,,,,,,,,,,,1.00,0,1,23.25,59.2,0.00,0.00,,,1,0,1,0,0
kyirong,2.50,s2,338904.5,3130003.9,1849.2737,1849.2737,1849.2737,ok,35.00,85.357230,28.285965,1873.9,0.76,11.76,24.59607,side-valley,ok,45.00,85.357449,28.286567,1854.3,0.61,9.60,4.9887695,side-valley;prebare-at-trim;no-change-in-run,,0,80.0,,0.00,,,,,,,,,,,1.00,1,0,15.00,45.00,0.00,0.00,,,0,1,1,1,0
kyirong,2.50,s2chg,338904.5,3130003.9,1849.2737,1849.2737,1849.2737,ok,35.00,85.357230,28.285965,1873.9,0.76,11.76,24.59607,side-valley,ok,45.00,85.357449,28.286567,1854.3,0.61,9.60,4.9887695,side-valley;prebare-at-trim;no-change-in-run,,0,80.0,,0.00,,,,,,,,,,,1.00,1,0,15.00,45.00,0.00,0.00,,,0,1,1,1,0
kyirong,2.50,pelican0827,338904.5,3130003.9,1849.2737,1849.2737,1849.2737,ok,35.25,85.357216,28.285927,1877.4,0.81,3.60,28.14502,side-valley,ok,56.2,85.357497,28.286700,1870.7,1.34,5.17,21.476074,side-valley,,0,91.5,,0.00,,,,,,,,,,,1.00,1,1,14.25,48.75,0.00,0.00,,,0,0,1,1,0
kyirong,2.50,pelican0901,338904.5,3130003.9,1849.2737,1849.2737,1849.2737,ok,33.75,85.357221,28.285940,1876.2,0.79,3.57,26.934692,side-valley,ok,59.2,85.357506,28.286726,1874.7,1.41,5.36,25.434326,side-valley,,0,93.0,,0.00,,,,,,,,,,,1.00,1,1,14.25,48.75,0.00,0.00,,,0,0,1,1,0
kyirong,2.60,s2,338806.9,3130025.5,1854.9454,1852.5408,1854.9454,ok,5.00,85.356327,28.286405,1863.3,0.57,11.34,10.735718,side-valley;prebare-at-trim;no-change-in-run,ok,45.00,85.356413,28.286758,1857.7,0.81,12.48,5.145996,side-valley;prebare-at-trim;no-change-in-run,,0,50.00,,0.00,,,,,,,,,,,1.00,0,0,5.00,45.00,0.00,0.00,,,1,1,0,1,0
kyirong,2.60,s2chg,338806.9,3130025.5,1854.9454,1852.5408,1854.9454,ok,5.00,85.356327,28.286405,1863.3,0.57,11.34,10.735718,side-valley;prebare-at-trim;no-change-in-run,ok,45.00,85.356413,28.286758,1857.7,0.81,12.48,5.145996,side-valley;prebare-at-trim;no-change-in-run,,0,50.00,,0.00,,,,,,,,,,,1.00,0,0,5.00,45.00,0.00,0.00,,,1,1,0,1,0
kyirong,2.60,pelican0827,338806.9,3130025.5,1854.9454,1852.5408,1854.9454,ok,20.25,85.356285,28.286233,1888.0,0.80,3.58,35.4906,side-valley;capped-by-s2chg,truncated,,,,,,,,side-valley;capped-by-s2chg,,0,,,0.00,,,,,,,,,,,1.00,1,,5.25,,0.00,0.00,,33.00,0,,1,,0
kyirong,2.60,pelican0901,338806.9,3130025.5,1854.9454,1852.5408,1854.9454,ok,11.25,85.356304,28.286313,1882.3,0.65,3.15,29.72522,side-valley;no-change-in-run,ok,60.8,85.356456,28.286934,1882.6,1.27,4.94,30.010986,side-valley;capped-by-s2chg,,0,72.0,,0.00,,,,,,,,,,,1.00,0,1,5.25,45.75,0.00,0.00,,,0,0,1,1,0
kyirong,2.70,s2,338709.7,3130049.0,1852.5408,1852.5408,1854.9454,ok,15.00,85.355325,28.286516,1864.7,0.61,11.92,12.118408,side-valley,truncated,,,,,,,,,,0,,,0.00,,,,,,,,,,,0.98,1,,5.00,,0.00,0.00,,30.00,0,,0,,0
kyirong,2.70,s2chg,338709.7,3130049.0,1852.5408,1852.5408,1854.9454,ok,15.00,85.355325,28.286516,1864.7,0.61,11.92,12.118408,side-valley,truncated,,,,,,,,,,0,,,0.00,,,,,,,,,,,0.98,1,,5.00,,0.00,0.00,,30.00,0,,0,,0
kyirong,2.70,pelican0827,338709.7,3130049.0,1852.5408,1852.5408,1854.9454,no-bare,,,,,,,,side-valley;capped-by-s2chg,truncated,,,,,,,,uncapped-s2-truncated,,0,,,0.00,,,,,,,,,,,0.86,,,,,,9.00,,10.50,,,,,0
kyirong,2.70,pelican0901,338709.7,3130049.0,1852.5408,1852.5408,1854.9454,ok,33.75,85.355308,28.286309,1890.5,0.82,3.65,38.006836,side-valley;capped-by-s2chg,truncated,,,,,,,,uncapped-s2-truncated,,0,,,0.00,,,,,,,,,,,0.79,1,,9.75,,0.00,0.00,,351.0,0,,1,,0
kyirong,2.80,s2,338610.5,3130053.1,1855.1372,1855.1372,1855.1372,truncated,,,,,,,,,ok,55.0,85.354311,28.287081,1862.6,0.50,7.89,7.439331,side-valley;no-change-in-run,,0,,,0.00,,,,,,,,,,,0.82,,0,,45.00,0.00,0.00,10.00,,,0,,1,0
kyirong,2.80,s2chg,338610.5,3130053.1,1855.1372,1855.1372,1855.1372,truncated,,,,,,,,,ok,55.0,85.354311,28.287081,1862.6,0.50,7.89,7.439331,side-valley;no-change-in-run,,0,,,0.00,,,,,,,,,,,0.82,,0,,45.00,0.00,0.00,10.00,,,0,,1,0
kyirong,2.80,pelican0827,338610.5,3130053.1,1855.1372,1855.1372,1855.1372,truncated,,,,,,,,uncapped-s2-truncated,truncated,,,,,,,,side-valley;capped-by-s2chg,,0,,,0.00,,,,,,,,,,,0.86,,,,,,,,,,,,,0
kyirong,2.80,pelican0901,338610.5,3130053.1,1855.1372,1855.1372,1855.1372,ok,56.2,85.354330,28.286129,1904.8,0.91,3.89,49.670044,uncapped-s2-truncated,ok,71.2,85.354308,28.287266,1874.8,0.72,3.35,19.706665,side-valley;capped-by-s2chg,,0,127.5,,0.00,,,,,,,,,,,1.00,1,1,23.25,47.25,0.00,0.00,,,0,0,1,1,0
kyirong,2.90,s2,338512.4,3130036.0,1855.4576,1855.4576,1855.4576,truncated,,,,,,,,,truncated,,,,,,,,side-valley,,0,,,0.00,,,,,,,,,,,0.59,,,,,,,,,,,,,0
kyirong,2.90,s2chg,338512.4,3130036.0,1855.4576,1855.4576,1855.4576,truncated,,,,,,,,,truncated,,,,,,,,side-valley,,0,,,0.00,,,,,,,,,,,0.59,,,,,,,,,,,,,0
kyirong,2.90,pelican0827,338512.4,3130036.0,1855.4576,1855.4576,1855.4576,truncated,,,,,,,,uncapped-s2-truncated,truncated,,,,,,,,side-valley;uncapped-s2-truncated,,0,,,0.00,,,,,,,,,,,0.67,,,,,,,,,,,,,0
kyirong,2.90,pelican0901,338512.4,3130036.0,1855.4576,1855.4576,1855.4576,ok,126.8,85.353374,28.285328,1957.3,1.00,10.24,101.83191,uncapped-s2-truncated,truncated,,,,,,,,side-valley;uncapped-s2-truncated,,0,,,0.00,,,,,,,,,,,0.87,1,,26.25,,0.00,0.00,,259.5,0,,0,,0
kyirong,3.00,s2,338412.5,3130037.0,1856.1582,1856.1582,1856.1582,truncated,,,,,,,,,truncated,,,,,,,,,,0,,,0.00,,,,,,,,,,,0.55,,,,,,,,,,,,,0
kyirong,3.00,s2chg,338412.5,3130037.0,1856.1582,1856.1582,1856.1582,truncated,,,,,,,,,truncated,,,,,,,,,,0,,,0.00,,,,,,,,,,,0.55,,,,,,,,,,,,,0
kyirong,3.00,pelican0827,338412.5,3130037.0,1856.1582,1856.1582,1856.1582,truncated,,,,,,,,uncapped-s2-truncated,truncated,,,,,,,,uncapped-s2-truncated,,0,,,0.00,,,,,,,,,,,0.59,,,,,,,,,,,,,0
kyirong,3.00,pelican0901,338412.5,3130037.0,1856.1582,1856.1582,1856.1582,ok,44.25,85.352216,28.286077,1896.1,0.88,9.46,39.917725,uncapped-s2-truncated,truncated,,,,,,,,uncapped-s2-truncated,,0,,,0.00,,,,,,,,,,,0.86,1,,27.75,,0.00,0.00,,339.0,0,,0,,0
kyirong,3.10,s2,338321.0,3130071.6,1859.6561,1859.6561,1859.6561,truncated,,,,,,,,,truncated,,,,,,,,side-valley,,0,,,0.00,,,,,,,,,,,0.51,,,,,,,,,,,,,0
kyirong,3.10,s2chg,338321.0,3130071.6,1859.6561,1859.6561,1859.6561,truncated,,,,,,,,,truncated,,,,,,,,side-valley,,0,,,0.00,,,,,,,,,,,0.51,,,,,,,,,,,,,0
kyirong,3.10,pelican0827,338321.0,3130071.6,1859.6561,1859.6561,1859.6561,ok,72.8,85.351083,28.286163,1913.1,0.52,7.24,53.450317,uncapped-s2-truncated,truncated,,,,,,,,side-valley;uncapped-s2-truncated,,0,,,0.00,,,,,,,,,,,0.57,1,,33.75,,0.00,0.00,,10.50,0,,0,,0
kyirong,3.10,pelican0901,338321.0,3130071.6,1859.6561,1859.6561,1859.6561,ok,264.8,85.350326,28.284565,2045.0,0.96,9.98,185.32983,uncapped-s2-truncated,truncated,,,,,,,,side-valley;uncapped-s2-truncated,,0,,,0.00,,,,,,,,,,,0.86,1,,33.75,,0.00,0.00,,340.5,0,,0,,0
kyirong,3.20,s2,338240.6,3130131.0,1862.903,1862.903,1862.903,truncated,,,,,,,,,truncated,,,,,,,,side-valley,,0,,,0.00,,,,,,,,,,,0.45,,,,,,,,,,,,,0
kyirong,3.20,s2chg,338240.6,3130131.0,1862.903,1862.903,1862.903,truncated,,,,,,,,,truncated,,,,,,,,side-valley,,0,,,0.00,,,,,,,,,,,0.45,,,,,,,,,,,,,0
kyirong,3.20,pelican0827,338240.6,3130131.0,1862.903,1862.903,1862.903,truncated,,,,,,,,uncapped-s2-truncated,truncated,,,,,,,,side-valley;uncapped-s2-truncated,,0,,,0.00,,,,,,,,,,,0.16,,,,,,,,,,,,,0
kyirong,3.20,pelican0901,338240.6,3130131.0,1862.903,1862.903,1862.903,ok,371.2,85.348887,28.284281,2206.9,0.79,3.55,343.97986,uncapped-s2-truncated,truncated,,,,,,,,side-valley;uncapped-s2-truncated,,0,,,0.00,,,,,,,,,,,0.96,1,,0.75,,0.00,0.00,,403.5,0,,1,,0
kyirong,3.30,s2,338148.8,3130152.7,1871.7997,1867.1998,1871.7997,no-bare,,,,,,,,,no-bare,,,,,,,,side-valley,,0,,,0.00,,,,,,,,,,,0.36,,,,,,,,,,,,,0
kyirong,3.30,s2chg,338148.8,3130152.7,1871.7997,1867.1998,1871.7997,no-bare,,,,,,,,,no-bare,,,,,,,,side-valley,,0,,,0.00,,,,,,,,,,,0.36,,,,,,,,,,,,,0
kyirong,3.30,pelican0827,338148.8,3130152.7,1871.7997,1867.1998,1871.7997,truncated,,,,,,,,uncapped-s2-no-bare,truncated,,,,,,,,side-valley;uncapped-s2-no-bare,,0,,,0.00,,,,,,,,,,,0.12,,,,,,,,,,,,,0
kyirong,3.30,pelican0901,338148.8,3130152.7,1871.7997,1867.1998,1871.7997,ok,363.8,85.348260,28.284419,2128.1,1.07,10.71,260.90027,uncapped-s2-no-bare,truncated,,,,,,,,side-valley;uncapped-s2-no-bare,,0,,,0.00,,,,,,,,,,,0.91,1,,2.25,,0.00,0.00,,393.0,0,,0,,0
kyirong,3.40,s2,338056.3,3130181.3,1867.1998,1867.1998,1871.7997,ok,15.00,85.348601,28.287641,1879.7,1.56,23.91,12.526978,prebare-at-trim;no-change-in-run,truncated,,,,,,,,side-valley,,0,,,0.00,,,,,,,,,,,0.64,0,,15.00,,0.00,0.00,,0.00,1,,1,,0
kyirong,3.40,s2chg,338056.3,3130181.3,1867.1998,1867.1998,1871.7997,ok,15.00,85.348601,28.287641,1879.7,1.56,23.91,12.526978,prebare-at-trim;no-change-in-run,truncated,,,,,,,,side-valley,,0,,,0.00,,,,,,,,,,,0.64,0,,15.00,,0.00,0.00,,0.00,1,,1,,0
kyirong,3.40,pelican0827,338056.3,3130181.3,1867.1998,1867.1998,1871.7997,no-bare,,,,,,,,capped-by-s2chg,truncated,,,,,,,,side-valley;uncapped-s2-truncated,,0,,,0.00,,,,,,,,,,,0.59,,,,,,,,,,,,,0
kyirong,3.40,pelican0901,338056.3,3130181.3,1867.1998,1867.1998,1871.7997,ok,27.75,85.348512,28.287510,1900.3,0.64,3.12,33.13794,capped-by-s2chg,truncated,,,,,,,,side-valley;uncapped-s2-truncated,,0,,,0.00,,,,,,,,,,,0.90,1,,12.75,,0.00,0.00,,393.0,0,,1,,0
kyirong,3.50,s2,338006.9,3130253.2,1871.4075,1871.4075,1871.7997,ok,25.00,85.347987,28.288242,1895.5,0.80,12.35,24.059326,side-valley;prebare-at-trim;no-change-in-run,ok,55.0,85.348521,28.288661,1900.1,2.23,33.93,28.650513,,28.65,1,80.0,,0.00,,,,,,,,,,,0.69,0,1,25.00,45.00,10.00,20.00,,,1,0,1,1,0
kyirong,3.50,s2chg,338006.9,3130253.2,1871.4075,1871.4075,1871.7997,ok,25.00,85.347987,28.288242,1895.5,0.80,12.35,24.059326,side-valley;prebare-at-trim;no-change-in-run,ok,55.0,85.348521,28.288661,1900.1,2.23,33.93,28.650513,,28.65,1,80.0,,0.00,,,,,,,,,,,0.69,0,1,25.00,45.00,10.00,20.00,,,1,0,1,1,0
kyirong,3.50,pelican0827,338006.9,3130253.2,1871.4075,1871.4075,1871.7997,truncated,,,,,,,,side-valley,truncated,,,,,,,,capped-by-s2chg,,0,,,0.00,,,,,,,,,,,0.91,,,,,,,,,,,,,0
kyirong,3.50,pelican0901,338006.9,3130253.2,1871.4075,1871.4075,1871.7997,ok,23.25,85.347968,28.288227,1897.2,0.74,3.41,25.75647,side-valley,ok,71.2,85.348678,28.288783,1922.6,0.73,3.37,51.197388,capped-by-s2chg,,0,94.5,,0.00,,,,,,,,,,,1.00,1,1,20.25,41.25,0.00,0.00,,,0,0,1,1,0
kyirong,3.60,s2,337943.2,3130327.1,1875.6711,1875.6711,1875.6711,no-bare,,,,,,,,side-valley,no-bare,,,,,,,,,,0,,,0.00,,,,,,,,,,,0.78,,,,,,,,,,,,,0
kyirong,3.60,s2chg,337943.2,3130327.1,1875.6711,1875.6711,1875.6711,no-bare,,,,,,,,side-valley,no-bare,,,,,,,,,,0,,,0.00,,,,,,,,,,,0.78,,,,,,,,,,,,,0
kyirong,3.60,pelican0827,337943.2,3130327.1,1875.6711,1875.6711,1875.6711,truncated,,,,,,,,side-valley;uncapped-s2-no-bare,truncated,,,,,,,,uncapped-s2-no-bare,,0,,,0.00,,,,,,,,,,,0.18,,,,,,,,,,,,,0
kyirong,3.60,pelican0901,337943.2,3130327.1,1875.6711,1875.6711,1875.6711,ok,288.8,85.344801,28.287959,2181.1,0.91,3.89,305.40283,side-valley;uncapped-s2-no-bare,ok,60.8,85.348039,28.289242,1924.6,0.64,3.13,48.951416,uncapped-s2-no-bare,,0,349.5,,0.00,,,,,,,,,,,0.99,1,1,3.75,39.75,9.00,4.50,,,0,0,1,1,0
kyirong,3.70,s2,337914.1,3130422.2,1898.2164,1897.4271,1898.2164,truncated,,,,,,,,,truncated,,,,,,,,side-valley,,0,,,0.00,,,,,,,,,,,0.52,,,,,0.00,0.00,0.00,0.00,,,,,0
kyirong,3.70,s2chg,337914.1,3130422.2,1898.2164,1897.4271,1898.2164,truncated,,,,,,,,,truncated,,,,,,,,side-valley,,0,,,0.00,,,,,,,,,,,0.52,,,,,0.00,0.00,0.00,0.00,,,,,0
kyirong,3.70,pelican0827,337914.1,3130422.2,1898.2164,1897.4271,1898.2164,truncated,,,,,,,,uncapped-s2-truncated,truncated,,,,,,,,side-valley;uncapped-s2-truncated,,0,,,0.00,,,,,,,,,,,0.11,,,,,,,,,,,,,0
kyirong,3.70,pelican0901,337914.1,3130422.2,1898.2164,1897.4271,1898.2164,ok,387.8,85.343361,28.288967,2262.0,0.73,3.38,364.57117,uncapped-s2-truncated,truncated,,,,,,,,side-valley;uncapped-s2-truncated,,0,,,0.00,,,,,,,,,,,0.95,1,,14.25,,96.0,3.00,,364.5,0,,1,,0
kyirong,3.80,s2,337901.9,3130521.4,1899.9299,1883.1604,1899.9299,ok,65.0,85.346422,28.290812,1927.9,1.10,16.95,44.722656,prebare-at-trim;no-change-in-run,ok,35.00,85.347337,28.290748,1906.2,0.56,11.19,23.035522,no-change-in-run,,0,100.0,,0.00,,,,,,,,,,,0.57,0,0,65.0,25.00,0.00,0.00,,,1,0,1,0,0
kyirong,3.80,s2chg,337901.9,3130521.4,1899.9299,1883.1604,1899.9299,ok,65.0,85.346422,28.290812,1927.9,1.10,16.95,44.722656,prebare-at-trim;no-change-in-run,ok,35.00,85.347337,28.290748,1906.2,0.56,11.19,23.035522,no-change-in-run,,0,100.0,,0.00,,,,,,,,,,,0.57,0,0,65.0,25.00,0.00,0.00,,,1,0,1,0,0
kyirong,3.80,pelican0827,337901.9,3130521.4,1899.9299,1883.1604,1899.9299,truncated,,,,,,,,,truncated,,,,,,,,capped-by-s2chg,,0,,,0.00,,,,,,,,,,,0.89,,,,,,,,,,,,,0
kyirong,3.80,pelican0901,337901.9,3130521.4,1899.9299,1883.1604,1899.9299,ok,77.2,85.346254,28.290824,1942.5,0.76,3.47,59.335083,capped-by-s2chg,ok,53.2,85.347565,28.290732,1923.5,1.01,10.31,40.3042,capped-by-s2chg,,0,130.5,,0.00,,,,,,,,,,,1.00,1,1,62.2,27.75,0.00,0.00,,,0,0,1,0,0
kyirong,3.90,s2,337924.6,3130613.8,1904.406,1883.1604,1904.406,ok,25.00,85.347062,28.291674,1924.9,1.29,22.61,41.754395,,ok,25.00,85.347439,28.291536,1912.2,0.65,12.59,29.041626,prebare-at-trim;no-change-in-run,41.75,1,50.00,,0.00,,,,,,,,,,,0.72,1,0,15.00,25.00,0.00,0.00,,,0,1,0,0,0
kyirong,3.90,s2chg,337924.6,3130613.8,1904.406,1883.1604,1904.406,ok,25.00,85.347062,28.291674,1924.9,1.29,22.61,41.754395,,ok,25.00,85.347439,28.291536,1912.2,0.65,12.59,29.041626,prebare-at-trim;no-change-in-run,41.75,1,50.00,,0.00,,,,,,,,,,,0.72,1,0,15.00,25.00,0.00,0.00,,,0,1,0,0,0
kyirong,3.90,pelican0827,337924.6,3130613.8,1904.406,1883.1604,1904.406,truncated,,,,,,,,capped-by-s2chg,truncated,,,,,,,,capped-by-s2chg,,0,,,0.00,,,,,,,,,,,0.93,,,,,,,,,,,,,0
kyirong,3.90,pelican0901,337924.6,3130613.8,1904.406,1883.1604,1904.406,ok,5.25,85.347208,28.291621,1905.2,0.52,7.23,22.059814,prebare-at-trim;no-change-in-run,ok,42.75,85.347646,28.291460,1932.3,0.96,10.00,49.12793,capped-by-s2chg,,0,48.00,,0.00,,,,,,,,,,,1.00,0,1,15.75,27.75,0.00,0.00,,,1,0,0,0,0
kyirong,4.00,s2,337992.2,3130687.1,1897.4271,1883.1604,1904.406,ok,135.0,85.346729,28.292772,1975.1,1.07,16.41,91.92871,,ok,45.00,85.348299,28.292122,1942.8,1.77,30.28,59.622192,,75.8,2,180.0,,0.00,,,,,,,,,,,0.79,1,1,35.00,15.00,110.0,10.00,,,0,0,1,0,0
kyirong,4.00,s2chg,337992.2,3130687.1,1897.4271,1883.1604,1904.406,ok,135.0,85.346729,28.292772,1975.1,1.07,16.41,91.92871,,ok,45.00,85.348299,28.292122,1942.8,1.77,30.28,59.622192,,75.8,2,180.0,,0.00,,,,,,,,,,,0.79,1,1,35.00,15.00,110.0,10.00,,,0,0,1,0,0
kyirong,4.00,pelican0827,337992.2,3130687.1,1897.4271,1883.1604,1904.406,truncated,,,,,,,,capped-by-s2chg,truncated,,,,,,,,capped-by-s2chg,,0,,,0.00,,,,,,,,,,,0.83,,,,,,,,,,,,,0
kyirong,4.00,pelican0901,337992.2,3130687.1,1897.4271,1883.1604,1904.406,ok,24.75,85.347708,28.292367,1911.3,0.24,5.47,28.107666,prebare-at-trim;no-change-in-run,ok,57.8,85.348456,28.292057,1982.2,2.13,17.46,99.0238,capped-by-s2chg,,0,82.5,,0.00,,,,,,,,,,,1.00,0,1,35.25,20.25,0.00,0.00,,,1,0,0,0,0
kyirong,4.10,s2,338029.1,3130777.4,1883.1604,1883.1604,1904.406,ok,25.00,85.348093,28.293126,1886.6,0.68,10.61,3.4558105,prebare-at-trim;no-change-in-run,ok,25.00,85.348494,28.293063,1933.4,1.35,23.56,50.254395,prebare-at-trim;no-change-in-run,,0,50.00,,0.00,,,,,,,,,,,0.80,0,0,25.00,25.00,0.00,0.00,,,1,1,1,0,0
kyirong,4.10,s2chg,338029.1,3130777.4,1883.1604,1883.1604,1904.406,ok,25.00,85.348093,28.293126,1886.6,0.68,10.61,3.4558105,prebare-at-trim;no-change-in-run,ok,25.00,85.348494,28.293063,1933.4,1.35,23.56,50.254395,prebare-at-trim;no-change-in-run,,0,50.00,,0.00,,,,,,,,,,,0.80,0,0,25.00,25.00,0.00,0.00,,,1,1,1,0,0
kyirong,4.10,pelican0827,338029.1,3130777.4,1883.1604,1883.1604,1904.406,truncated,,,,,,,,capped-by-s2chg,truncated,,,,,,,,capped-by-s2chg,,0,,,0.00,,,,,,,,,,,0.93,,,,,,,,,,,,,0
kyirong,4.10,pelican0901,338029.1,3130777.4,1883.1604,1883.1604,1904.406,ok,23.25,85.348067,28.293130,1887.8,0.86,3.75,4.6154785,prebare-at-trim;no-change-in-run,ok,36.75,85.348655,28.293038,1959.2,1.93,16.18,76.07947,capped-by-s2chg,,0,60.0,,0.00,,,,,,,,,,,1.00,0,1,29.25,21.75,0.00,0.00,,,1,0,1,0,0
kyirong,4.20,s2,338017.1,3130876.4,1887.2739,1887.2739,1904.406,ok,35.00,85.347852,28.293973,1932.3,1.23,21.70,45.055298,no-change-in-run,ok,105.0,85.349176,28.294029,2008.8,1.45,25.12,121.47754,prebare-at-trim;no-change-in-run,,0,140.0,,0.00,,,,,,,,,,,1.00,0,0,25.00,105.0,0.00,0.00,,,0,1,0,0,0
kyirong,4.20,s2chg,338017.1,3130876.4,1887.2739,1887.2739,1904.406,ok,35.00,85.347852,28.293973,1932.3,1.23,21.70,45.055298,no-change-in-run,ok,105.0,85.349176,28.294029,2008.8,1.45,25.12,121.47754,prebare-at-trim;no-change-in-run,,0,140.0,,0.00,,,,,,,,,,,1.00,0,0,25.00,105.0,0.00,0.00,,,0,1,0,0,0
kyirong,4.20,pelican0827,338017.1,3130876.4,1887.2739,1887.2739,1904.406,truncated,,,,,,,,capped-by-s2chg,truncated,,,,,,,,capped-by-s2chg,,0,,,0.00,,,,,,,,,,,0.86,,,,,,,,,,,,,0
kyirong,4.20,pelican0901,338017.1,3130876.4,1887.2739,1887.2739,1904.406,ok,51.8,85.347638,28.293964,1963.2,1.76,15.12,75.97461,capped-by-s2chg,ok,122.2,85.349394,28.294038,2042.4,1.53,13.63,155.15784,capped-by-s2chg,,0,174.0,,0.00,,,,,,,,,,,1.00,1,1,27.75,107.2,0.00,0.00,,,0,0,0,0,0
kyirong,4.30,s2,338008.5,3130975.8,1896.7705,1896.7705,1904.406,ok,15.00,85.347954,28.294875,1965.4,0.90,16.39,68.67273,prebare-at-trim;no-change-in-run,ok,75.0,85.348766,28.294938,1921.0,0.66,10.35,24.229248,prebare-at-trim;no-change-in-run,,0,90.0,,0.00,,,,,,,,,,,1.00,0,0,15.00,75.0,0.00,0.00,,,1,1,0,1,0
kyirong,4.30,s2chg,338008.5,3130975.8,1896.7705,1896.7705,1904.406,ok,15.00,85.347954,28.294875,1965.4,0.90,16.39,68.67273,prebare-at-trim;no-change-in-run,ok,75.0,85.348766,28.294938,1921.0,0.66,10.35,24.229248,prebare-at-trim;no-change-in-run,,0,90.0,,0.00,,,,,,,,,,,1.00,0,0,15.00,75.0,0.00,0.00,,,1,1,0,1,0
kyirong,4.30,pelican0827,338008.5,3130975.8,1896.7705,1896.7705,1904.406,truncated,,,,,,,,capped-by-s2chg,truncated,,,,,,,,capped-by-s2chg,,0,,,0.00,,,,,,,,,,,0.90,,,,,,,,,,,,,0
kyirong,4.30,pelican0901,338008.5,3130975.8,1896.7705,1896.7705,1904.406,ok,33.75,85.347720,28.294856,1990.2,1.17,11.33,93.3999,capped-by-s2chg,ok,86.2,85.348924,28.294950,1955.5,1.10,10.86,58.74292,capped-by-s2chg,,0,120.0,,0.00,,,,,,,,,,,1.00,1,1,18.75,71.2,0.00,0.00,,,0,0,0,0,0
kyirong,4.40,s2,338008.8,3131075.8,1900.851,1899.0084,1904.406,ok,25.00,85.347841,28.295786,1921.0,0.90,13.88,22.008667,prebare-at-trim;no-change-in-run,truncated,,,,,,,,,,0,,,0.00,,,,,,,,,,,0.97,0,,25.00,,0.00,0.00,,30.00,1,,1,,0
kyirong,4.40,s2chg,338008.8,3131075.8,1900.851,1899.0084,1904.406,ok,25.00,85.347841,28.295786,1921.0,0.90,13.88,22.008667,prebare-at-trim;no-change-in-run,truncated,,,,,,,,,,0,,,0.00,,,,,,,,,,,0.97,0,,25.00,,0.00,0.00,,30.00,1,,1,,0
kyirong,4.40,pelican0827,338008.8,3131075.8,1900.851,1899.0084,1904.406,no-bare,,,,,,,,,truncated,,,,,,,,uncapped-s2-truncated,,0,,,0.00,,,,,,,,,,,0.81,,,,,,18.00,,60.0,,,,,0
kyirong,4.40,pelican0901,338008.8,3131075.8,1900.851,1899.0084,1904.406,ok,44.25,85.347601,28.295786,1956.2,1.02,4.22,57.24109,capped-by-s2chg,open,,,,,,,,uncapped-s2-truncated,,0,,,0.00,,,,,,,,,,,1.00,1,,29.25,,0.00,0.00,,600.0,0,,1,,0
kyirong,4.50,s2,338002.5,3131174.3,1899.0084,1899.0084,1904.406,ok,15.00,85.347865,28.296682,1906.0,1.20,18.37,7.006714,prebare-at-trim;no-change-in-run,truncated,,,,,,,,,,0,,,0.00,,,,,,,,,,,0.98,0,,15.00,,0.00,0.00,,50.00,1,,1,,0
kyirong,4.50,s2chg,338002.5,3131174.3,1899.0084,1899.0084,1904.406,ok,15.00,85.347865,28.296682,1906.0,1.20,18.37,7.006714,prebare-at-trim;no-change-in-run,truncated,,,,,,,,,,0,,,0.00,,,,,,,,,,,0.98,0,,15.00,,0.00,0.00,,50.00,1,,1,,0
kyirong,4.50,pelican0827,338002.5,3131174.3,1899.0084,1899.0084,1904.406,truncated,,,,,,,,,truncated,,,,,,,,uncapped-s2-truncated,,0,,,0.00,,,,,,,,,,,0.93,,,,,0.00,0.00,22.50,70.5,,,,,0
kyirong,4.50,pelican0901,338002.5,3131174.3,1899.0084,1899.0084,1904.406,ok,27.75,85.347693,28.296699,1932.6,1.27,4.93,33.543823,capped-by-s2chg,open,,,,,,,,uncapped-s2-truncated,,0,,,0.00,,,,,,,,,,,1.00,1,,12.75,,0.00,0.00,,600.0,0,,1,,0
kyirong,4.60,s2,338047.8,3131259.6,1903.5581,1903.5581,1904.406,truncated,,,,,,,,,ok,35.00,85.348722,28.297463,1915.5,0.38,6.09,11.991089,prebare-at-trim;no-change-in-run,,0,,,0.00,,,,,,,,,,,0.94,,0,,35.00,0.00,0.00,20.00,,,1,,1,0
kyirong,4.60,s2chg,338047.8,3131259.6,1903.5581,1903.5581,1904.406,truncated,,,,,,,,,ok,35.00,85.348722,28.297463,1915.5,0.38,6.09,11.991089,prebare-at-trim;no-change-in-run,,0,,,0.00,,,,,,,,,,,0.94,,0,,35.00,0.00,0.00,20.00,,,1,,1,0
kyirong,4.60,pelican0827,338047.8,3131259.6,1903.5581,1903.5581,1904.406,truncated,,,,,,,,uncapped-s2-truncated,ok,47.25,85.348890,28.297471,1938.6,1.68,6.15,35.021484,capped-by-s2chg,,0,,,0.00,,,,,,,,,,,0.54,,1,,32.25,0.00,0.00,48.00,,,0,,1,0
kyirong,4.60,pelican0901,338047.8,3131259.6,1903.5581,1903.5581,1904.406,ok,201.8,85.346370,28.297346,2039.2,0.94,3.98,135.65076,uncapped-s2-truncated,ok,47.25,85.348890,28.297471,1938.6,1.68,6.15,35.021484,capped-by-s2chg,,0,249.0,,0.00,,,,,,,,,,,1.00,1,1,47.25,32.25,0.00,0.00,,,0,0,1,1,0
kyirong,4.70,s2,338010.5,3131344.2,1907.6293,1907.6293,1907.6293,truncated,,,,,,,,,ok,45.00,85.348432,28.298215,1918.4,0.39,6.32,10.807739,prebare-at-trim;no-change-in-run,,0,,,0.00,,,,,,,,,,,0.97,,0,,45.00,20.00,10.00,30.00,,,1,,1,0
kyirong,4.70,s2chg,338010.5,3131344.2,1907.6293,1907.6293,1907.6293,truncated,,,,,,,,,ok,45.00,85.348432,28.298215,1918.4,0.39,6.32,10.807739,prebare-at-trim;no-change-in-run,,0,,,0.00,,,,,,,,,,,0.97,,0,,45.00,20.00,10.00,30.00,,,1,,1,0
kyirong,4.70,pelican0827,338010.5,3131344.2,1907.6293,1907.6293,1907.6293,truncated,,,,,,,,uncapped-s2-truncated,ok,65.2,85.348682,28.298221,1945.4,1.30,5.05,37.813477,capped-by-s2chg,,0,,,0.00,,,,,,,,,,,0.54,,1,,50.2,0.00,0.00,42.00,,,0,,1,0
kyirong,4.70,pelican0901,338010.5,3131344.2,1907.6293,1907.6293,1907.6293,ok,114.8,85.346862,28.298180,1991.9,0.93,3.95,84.277466,uncapped-s2-truncated,ok,65.2,85.348682,28.298221,1945.4,1.30,5.05,37.813477,capped-by-s2chg,,0,180.0,,0.00,,,,,,,,,,,1.00,1,1,50.2,50.2,0.00,0.00,,,0,0,1,1,0
kyirong,4.80,s2,338004.9,3131433.3,1910.6499,1910.6499,1910.6499,ok,55.0,85.347447,28.298968,1928.3,0.73,11.28,17.676392,prebare-at-trim;no-change-in-run,ok,45.00,85.348361,28.299043,1930.0,1.21,18.59,19.312744,prebare-at-trim;no-change-in-run,,0,100.0,,0.00,,,,,,,,,,,1.00,0,0,55.0,45.00,0.00,0.00,,,1,1,1,1,0
kyirong,4.80,s2chg,338004.9,3131433.3,1910.6499,1910.6499,1910.6499,ok,55.0,85.347447,28.298968,1928.3,0.73,11.28,17.676392,prebare-at-trim;no-change-in-run,ok,45.00,85.348361,28.299043,1930.0,1.21,18.59,19.312744,prebare-at-trim;no-change-in-run,,0,100.0,,0.00,,,,,,,,,,,1.00,0,0,55.0,45.00,0.00,0.00,,,1,1,1,1,0
kyirong,4.80,pelican0827,338004.9,3131433.3,1910.6499,1910.6499,1910.6499,truncated,,,,,,,,,ok,60.8,85.348564,28.299060,1954.1,0.93,3.96,43.472656,capped-by-s2chg,,0,,,0.00,,,,,,,,,,,0.98,,1,,45.75,0.00,0.00,39.00,,,0,,1,0
kyirong,4.80,pelican0901,338004.9,3131433.3,1910.6499,1910.6499,1910.6499,ok,69.8,85.347254,28.298952,1944.9,0.95,4.00,34.22754,capped-by-s2chg,ok,60.8,85.348564,28.299060,1954.1,0.93,3.96,43.472656,capped-by-s2chg,,0,130.5,,0.00,,,,,,,,,,,1.00,1,1,54.8,45.75,0.00,0.00,,,0,0,1,1,0
kyirong,4.90,s2,338018.5,3131532.2,1916.1698,1911.4832,1916.1698,ok,65.0,85.347469,28.299928,1928.8,0.37,5.99,17.365234,prebare-at-trim;no-change-in-run,ok,45.00,85.348487,28.299888,1932.5,0.80,12.37,20.991333,no-change-in-run,,0,110.0,,0.00,,,,,,,,,,,1.00,0,0,75.0,35.00,0.00,0.00,,,1,0,1,1,0
kyirong,4.90,s2chg,338018.5,3131532.2,1916.1698,1911.4832,1916.1698,ok,65.0,85.347469,28.299928,1928.8,0.37,5.99,17.365234,prebare-at-trim;no-change-in-run,ok,45.00,85.348487,28.299888,1932.5,0.80,12.37,20.991333,no-change-in-run,,0,110.0,,0.00,,,,,,,,,,,1.00,0,0,75.0,35.00,0.00,0.00,,,1,0,1,1,0
kyirong,4.90,pelican0827,338018.5,3131532.2,1916.1698,1911.4832,1916.1698,ok,83.2,85.347240,28.299937,1940.7,1.50,5.63,29.250488,capped-by-s2chg,ok,56.2,85.348645,28.299881,1951.7,1.29,5.01,40.17041,capped-by-s2chg,,0,139.5,,0.00,,,,,,,,,,,1.00,1,1,78.8,38.25,0.00,0.00,,,0,0,1,1,0
kyirong,4.90,pelican0901,338018.5,3131532.2,1916.1698,1911.4832,1916.1698,ok,83.2,85.347240,28.299937,1940.7,1.50,5.63,29.250488,capped-by-s2chg,ok,56.2,85.348645,28.299881,1951.7,1.29,5.01,40.17041,capped-by-s2chg,,0,139.5,,0.00,,,,,,,,,,,1.00,1,1,78.8,38.25,0.00,0.00,,,0,0,1,1,0
kyirong,5.00,s2,338018.4,3131631.7,1921.8894,1911.4832,1921.8894,ok,35.00,85.347759,28.300792,1932.8,0.07,1.95,21.315796,side-valley;prebare-at-trim;no-change-in-run,ok,35.00,85.348371,28.300812,1929.7,0.59,9.28,18.193115,prebare-at-trim;no-change-in-run,,0,70.0,,0.00,,,,,,,,,,,1.00,0,0,35.00,35.00,0.00,0.00,,,1,1,1,1,0
kyirong,5.00,s2chg,338018.4,3131631.7,1921.8894,1911.4832,1921.8894,ok,35.00,85.347759,28.300792,1932.8,0.07,1.95,21.315796,side-valley;prebare-at-trim;no-change-in-run,ok,35.00,85.348371,28.300812,1929.7,0.59,9.28,18.193115,prebare-at-trim;no-change-in-run,,0,70.0,,0.00,,,,,,,,,,,1.00,0,0,35.00,35.00,0.00,0.00,,,1,1,1,1,0
kyirong,5.00,pelican0827,338018.4,3131631.7,1921.8894,1911.4832,1921.8894,ok,53.2,85.347530,28.300784,1935.7,0.39,2.44,24.187378,side-valley;capped-by-s2chg,ok,29.25,85.348356,28.300811,1929.0,0.57,2.94,17.51184,prebare-at-trim;no-change-in-run,,0,82.5,,0.00,,,,,,,,,,,1.00,1,0,38.25,32.25,0.00,0.00,,,0,1,1,1,0
kyirong,5.00,pelican0901,338018.4,3131631.7,1921.8894,1911.4832,1921.8894,ok,53.2,85.347530,28.300784,1935.7,0.39,2.44,24.187378,side-valley,ok,47.25,85.348539,28.300817,1943.0,1.14,4.55,31.496948,capped-by-s2chg,,0,100.5,,0.00,,,,,,,,,,,1.00,1,1,38.25,32.25,0.00,0.00,,,0,0,1,1,0
kyirong,5.10,s2,338021.3,3131727.2,1929.7307,1911.4832,1929.7307,ok,95.0,85.347181,28.301503,1945.4,0.49,7.69,33.871216,side-valley;prebare-at-trim;no-change-in-run,ok,15.00,85.348181,28.301681,1929.7,0.76,11.72,18.247559,prebare-at-trim;no-change-in-run,,0,110.0,,0.00,,,,,,,,,,,1.00,0,0,95.0,35.00,0.00,0.00,,,1,1,1,1,0
kyirong,5.10,s2chg,338021.3,3131727.2,1929.7307,1911.4832,1929.7307,ok,95.0,85.347181,28.301503,1945.4,0.49,7.69,33.871216,side-valley;prebare-at-trim;no-change-in-run,ok,15.00,85.348181,28.301681,1929.7,0.76,11.72,18.247559,prebare-at-trim;no-change-in-run,,0,110.0,,0.00,,,,,,,,,,,1.00,0,0,95.0,35.00,0.00,0.00,,,1,1,1,1,0
kyirong,5.10,pelican0827,338021.3,3131727.2,1929.7307,1911.4832,1929.7307,ok,98.2,85.347106,28.301490,1948.2,0.38,2.42,36.66809,side-valley,ok,33.75,85.348411,28.301722,1947.9,0.78,3.54,36.387573,capped-by-s2chg;prebare-at-trim,,0,132.0,,0.00,,,,,,,,,,,1.00,1,1,92.2,18.75,0.00,0.00,,,0,1,1,1,0
kyirong,5.10,pelican0901,338021.3,3131727.2,1929.7307,1911.4832,1929.7307,ok,93.8,85.347151,28.301498,1946.5,0.45,2.60,35.0354,side-valley;no-change-in-run,ok,32.25,85.348396,28.301719,1946.9,0.78,3.53,35.393066,prebare-at-trim,,0,126.0,,0.00,,,,,,,,,,,1.00,0,1,92.2,18.75,0.00,0.00,,,0,1,1,1,0
kyirong,5.20,s2,337983.8,3131815.0,1911.4832,1911.4832,1929.7307,ok,15.00,85.347588,28.302427,1926.1,0.57,9.01,14.643555,prebare-at-trim;no-change-in-run,ok,25.00,85.347883,28.302498,1932.0,0.60,9.41,20.477783,side-valley;prebare-at-trim;no-change-in-run,,0,40.00,,0.00,,,,,,,,,,,1.00,0,0,15.00,25.00,0.00,0.00,,,1,1,1,1,0
kyirong,5.20,s2chg,337983.8,3131815.0,1911.4832,1911.4832,1929.7307,ok,15.00,85.347588,28.302427,1926.1,0.57,9.01,14.643555,prebare-at-trim;no-change-in-run,ok,25.00,85.347883,28.302498,1932.0,0.60,9.41,20.477783,side-valley;prebare-at-trim;no-change-in-run,,0,40.00,,0.00,,,,,,,,,,,1.00,0,0,15.00,25.00,0.00,0.00,,,1,1,1,1,0
kyirong,5.20,pelican0827,337983.8,3131815.0,1911.4832,1911.4832,1929.7307,ok,29.25,85.347406,28.302384,1940.2,0.88,3.82,28.733154,capped-by-s2chg,ok,26.25,85.347938,28.302511,1935.2,0.85,3.72,23.709717,side-valley;prebare-at-trim;no-change-in-run,,0,55.5,,0.00,,,,,,,,,,,1.00,1,0,14.25,27.75,0.00,0.00,,,0,1,1,1,0
kyirong,5.20,pelican0901,337983.8,3131815.0,1911.4832,1911.4832,1929.7307,ok,27.75,85.347421,28.302387,1939.2,0.79,3.57,27.723022,,ok,29.25,85.347967,28.302519,1936.2,0.89,3.83,24.745117,side-valley,27.72,1,57.0,,0.00,,,,,,,,,,,1.00,1,1,14.25,27.75,0.00,0.00,,,0,0,1,1,0
kyirong,5.30,s2,337957.9,3131911.0,1926.9869,1926.9869,1929.7307,ok,5.00,85.347409,28.303314,1930.1,0.57,8.95,3.1557617,side-valley;prebare-at-trim;no-change-in-run,ok,15.00,85.347504,28.303347,1933.1,0.58,9.14,6.0736084,prebare-at-trim;no-change-in-run,,0,20.00,,0.00,,,,,,,,,,,1.00,0,0,5.00,15.00,0.00,0.00,,,1,1,1,1,0
kyirong,5.30,s2chg,337957.9,3131911.0,1926.9869,1926.9869,1929.7307,ok,5.00,85.347409,28.303314,1930.1,0.57,8.95,3.1557617,side-valley;prebare-at-trim;no-change-in-run,ok,15.00,85.347504,28.303347,1933.1,0.58,9.14,6.0736084,prebare-at-trim;no-change-in-run,,0,20.00,,0.00,,,,,,,,,,,1.00,0,0,5.00,15.00,0.00,0.00,,,1,1,1,1,0
kyirong,5.30,pelican0827,337957.9,3131911.0,1926.9869,1926.9869,1929.7307,ok,14.25,85.347281,28.303270,1934.4,0.80,3.60,7.4401855,side-valley,ok,15.75,85.347552,28.303364,1935.6,0.95,4.02,8.629028,,8.63,1,30.00,,0.00,,,,,,,,,,,1.00,1,1,8.25,12.75,0.00,0.00,,,0,0,1,1,0
kyirong,5.30,pelican0901,337957.9,3131911.0,1926.9869,1926.9869,1929.7307,ok,14.25,85.347281,28.303270,1934.4,0.80,3.60,7.4401855,side-valley,ok,17.25,85.347566,28.303369,1936.5,0.97,4.08,9.468018,,9.47,1,31.50,,0.00,,,,,,,,,,,1.00,1,1,8.25,12.75,0.00,0.00,,,0,0,1,1,0
kyirong,5.40,s2,337914.8,3132000.9,1930.6448,1930.6448,1930.6448,ok,5.00,85.346957,28.304120,1930.6,0.14,2.82,0.0,prebare-at-trim;no-change-in-run,ok,15.00,85.347052,28.304152,1934.3,0.62,9.68,3.6347656,prebare-at-trim;no-change-in-run,,0,20.00,,0.00,,,,,,,,,,,0.97,0,0,5.00,15.00,0.00,0.00,,,1,1,1,1,0
kyirong,5.40,s2chg,337914.8,3132000.9,1930.6448,1930.6448,1930.6448,ok,5.00,85.346957,28.304120,1930.6,0.14,2.82,0.0,prebare-at-trim;no-change-in-run,ok,15.00,85.347052,28.304152,1934.3,0.62,9.68,3.6347656,prebare-at-trim;no-change-in-run,,0,20.00,,0.00,,,,,,,,,,,0.97,0,0,5.00,15.00,0.00,0.00,,,1,1,1,1,0
kyirong,5.40,pelican0827,337914.8,3132000.9,1930.6448,1930.6448,1930.6448,ok,12.75,85.346843,28.304081,1934.2,0.71,3.34,3.5930176,,ok,12.75,85.347071,28.304159,1935.9,0.70,3.30,5.2512207,prebare-at-trim;no-change-in-run,3.59,1,25.50,,0.00,,,,,,,,,,,1.00,1,0,5.25,15.75,0.00,0.00,,,0,1,1,1,0
kyirong,5.40,pelican0901,337914.8,3132000.9,1930.6448,1930.6448,1930.6448,ok,8.25,85.346886,28.304095,1932.2,0.44,2.57,1.5076904,,ok,18.75,85.347128,28.304178,1941.0,0.87,3.79,10.404419,,5.96,2,27.00,,0.00,,,,,,,,,,,1.00,1,1,5.25,15.75,0.00,0.00,,,0,0,1,1,0
kyirong,5.50,s2,337884.3,3132095.9,1935.5146,1935.5146,1935.5146,ok,5.00,85.346633,28.304973,1935.5,0.29,4.79,0.0,prebare-at-trim;no-change-in-run,ok,5.00,85.346633,28.304973,1935.5,0.29,4.79,0.0,prebare-at-trim;no-change-in-run,,0,10.00,,0.00,,,,,,,,,,,1.00,0,0,5.00,5.00,0.00,0.00,,,1,1,1,1,0
kyirong,5.50,s2chg,337884.3,3132095.9,1935.5146,1935.5146,1935.5146,ok,5.00,85.346633,28.304973,1935.5,0.29,4.79,0.0,prebare-at-trim;no-change-in-run,ok,5.00,85.346633,28.304973,1935.5,0.29,4.79,0.0,prebare-at-trim;no-change-in-run,,0,10.00,,0.00,,,,,,,,,,,1.00,0,0,5.00,5.00,0.00,0.00,,,1,1,1,1,0
kyirong,5.50,pelican0827,337884.3,3132095.9,1935.5146,1935.5146,1935.5146,ok,12.75,85.346523,28.304926,1936.6,0.40,2.46,1.0383301,,ok,9.75,85.346715,28.305009,1939.8,0.52,2.78,4.2512207,,2.64,2,22.50,,0.00,,,,,,,,,,,1.00,1,1,5.25,6.75,0.00,0.00,,,0,0,1,1,0
kyirong,5.50,pelican0901,337884.3,3132095.9,1935.5146,1935.5146,1935.5146,ok,5.25,85.346591,28.304956,1935.1,0.24,2.06,-0.37878418,prebare-at-trim;no-change-in-run,ok,20.25,85.346812,28.305050,1944.2,0.28,2.15,8.705933,,8.71,1,25.50,,0.00,,,,,,,,,,,1.00,0,1,5.25,6.75,0.00,0.00,,,1,0,1,1,0
kyirong,5.60,s2,337835.7,3132182.1,1937.802,1937.802,1937.802,ok,15.00,85.346029,28.305719,1937.8,0.12,2.45,0.0,prebare-at-trim;no-change-in-run,ok,15.00,85.346223,28.305772,1938.3,0.10,2.23,0.5432129,prebare-at-trim;no-change-in-run,,0,30.00,,0.00,,,,,,,,,,,0.85,0,0,15.00,15.00,10.00,10.00,,,1,1,1,1,0
kyirong,5.60,s2chg,337835.7,3132182.1,1937.802,1937.802,1937.802,ok,15.00,85.346029,28.305719,1937.8,0.12,2.45,0.0,prebare-at-trim;no-change-in-run,ok,15.00,85.346223,28.305772,1938.3,0.10,2.23,0.5432129,prebare-at-trim;no-change-in-run,,0,30.00,,0.00,,,,,,,,,,,0.85,0,0,15.00,15.00,10.00,10.00,,,1,1,1,1,0
kyirong,5.60,pelican0827,337835.7,3132182.1,1937.802,1937.802,1937.802,ok,27.75,85.345863,28.305674,1959.0,3.96,12.95,21.233154,,ok,11.25,85.346228,28.305773,1938.4,0.10,1.71,0.60131836,prebare-at-trim;no-change-in-run,21.23,1,39.00,,0.00,,,,,,,,,,,1.00,1,0,15.75,14.25,0.00,0.00,,,0,1,1,1,0
kyirong,5.60,pelican0901,337835.7,3132182.1,1937.802,1937.802,1937.802,ok,14.25,85.345994,28.305710,1937.9,0.30,2.21,0.087890625,prebare-at-trim;no-change-in-run,ok,18.75,85.346301,28.305793,1939.2,0.13,1.78,1.4039307,,1.40,1,33.00,,0.00,,,,,,,,,,,1.00,0,1,15.75,14.25,0.00,0.00,,,1,0,1,1,0
kyirong,5.70,s2,337818.7,3132274.2,1940.2283,1940.2283,1940.2283,ok,5.00,85.345939,28.306574,1940.2,0.12,2.52,0.0,prebare-at-trim;no-change-in-run,ok,35.00,85.346234,28.306647,1945.5,0.49,7.69,5.3125,prebare-at-trim;no-change-in-run,,0,40.00,,0.00,,,,,,,,,,,0.82,0,0,5.00,35.00,0.00,0.00,,,1,1,1,1,0
kyirong,5.70,s2chg,337818.7,3132274.2,1940.2283,1940.2283,1940.2283,ok,5.00,85.345939,28.306574,1940.2,0.12,2.52,0.0,prebare-at-trim;no-change-in-run,ok,35.00,85.346234,28.306647,1945.5,0.49,7.69,5.3125,prebare-at-trim;no-change-in-run,,0,40.00,,0.00,,,,,,,,,,,0.82,0,0,5.00,35.00,0.00,0.00,,,1,1,1,1,0
kyirong,5.70,pelican0827,337818.7,3132274.2,1940.2283,1940.2283,1940.2283,ok,15.75,85.345792,28.306538,1943.4,0.47,2.67,3.1378174,,ok,36.75,85.346293,28.306661,1948.6,0.48,2.69,8.353027,,5.75,2,52.5,,0.00,,,,,,,,,,,1.00,1,1,8.25,32.25,0.00,0.00,,,0,0,1,1,0
kyirong,5.70,pelican0901,337818.7,3132274.2,1940.2283,1940.2283,1940.2283,ok,6.75,85.345880,28.306559,1940.6,0.22,2.01,0.42138672,prebare-at-trim;no-change-in-run,ok,47.25,85.346396,28.306687,1952.5,1.42,5.39,12.241211,capped-by-s2chg,,0,54.0,,0.00,,,,,,,,,,,1.00,0,1,8.25,32.25,0.00,0.00,,,1,0,1,1,0
kyirong,5.80,s2,337811.9,3132371.8,1942.571,1942.571,1942.571,ok,5.00,85.345857,28.307454,1942.6,0.16,3.05,0.0,no-change-in-run,ok,5.00,85.345857,28.307454,1942.6,0.16,3.05,0.0,no-change-in-run,,0,10.00,,0.00,,,,,,,,,,,0.74,0,0,,,0.00,0.00,,,0,0,1,1,0
kyirong,5.80,s2chg,337811.9,3132371.8,1942.571,1942.571,1942.571,ok,5.00,85.345857,28.307454,1942.6,0.16,3.05,0.0,no-change-in-run,ok,5.00,85.345857,28.307454,1942.6,0.16,3.05,0.0,no-change-in-run,,0,10.00,,0.00,,,,,,,,,,,0.74,0,0,,,0.00,0.00,,,0,0,1,1,0
kyirong,5.80,pelican0827,337811.9,3132371.8,1942.571,1942.571,1942.571,ok,9.75,85.345765,28.307445,1944.8,0.47,2.65,2.1833496,no-change-in-run,ok,3.75,85.345887,28.307457,1942.4,0.11,1.74,-0.13879395,no-change-in-run,,0,13.50,,0.00,,,,,,,,,,,1.00,0,0,,,0.00,0.00,,,0,0,1,1,0
kyirong,5.80,pelican0901,337811.9,3132371.8,1942.571,1942.571,1942.571,ok,2.25,85.345841,28.307453,1942.6,0.19,1.93,0.07824707,no-change-in-run,ok,9.75,85.345948,28.307463,1943.8,0.36,2.36,1.2163086,,1.22,1,12.00,,0.00,,,,,,,,,,,1.00,0,1,,,0.00,0.00,,,0,0,1,1,0
kyirong,5.90,s2,337788.6,3132467.8,1945.4733,1945.4733,1945.4733,no-bare,,,,,,,,,ok,15.00,85.345706,28.308329,1947.2,0.42,6.77,1.6943359,prebare-at-trim,,0,,,0.00,,,,,,,,,,,0.89,,1,,15.00,,10.00,,,,1,,1,0
kyirong,5.90,s2chg,337788.6,3132467.8,1945.4733,1945.4733,1945.4733,no-bare,,,,,,,,,ok,15.00,85.345706,28.308329,1947.2,0.42,6.77,1.6943359,prebare-at-trim,,0,,,0.00,,,,,,,,,,,0.89,,1,,15.00,,10.00,,,,1,,1,0
kyirong,5.90,pelican0827,337788.6,3132467.8,1945.4733,1945.4733,1945.4733,ok,5.25,85.345560,28.308312,1946.0,0.41,2.49,0.49560547,uncapped-s2-no-bare,ok,12.75,85.345727,28.308331,1947.8,0.52,2.79,2.3342285,,2.33,1,18.00,,0.00,,,,,,,,,,,0.80,1,1,,11.25,0.00,0.00,,,0,0,1,1,0
kyirong,5.90,pelican0901,337788.6,3132467.8,1945.4733,1945.4733,1945.4733,no-bare,,,,,,,,uncapped-s2-no-bare,ok,18.75,85.345787,28.308339,1952.1,0.72,3.35,6.6046143,,6.60,1,,,0.00,,,,,,,,,,,1.00,,1,,11.25,,1.50,,,,0,,1,0
