Date,Discharge (m3/s)
1998-01-01,1916.0
1998-01-02,1948.6239315618895
1998-01-03,1897.670317544033
1998-01-04,1926.282560599887
1998-01-05,1946.4534332317824
1998-01-06,1770.2565590073875
1998-01-07,1767.0369321116743
1998-01-08,1716.9740312648278
1998-01-09,1850.7920860412087
1998-01-10,1800.1708908707724
1998-01-11,1851.0764267283853
1998-01-12,1797.0946495027604
1998-01-13,1814.313575109985
1998-01-14,1746.2538088643737
1998-01-15,1792.206381536078
1998-01-16,1852.6630514306958
1998-01-17,2036.2008800934727
1998-01-18,2068.684626647513
1998-01-19,1845.3765453005196
1998-01-20,1950.1039735752001
1998-01-21,1914.5915808495863
1998-01-22,1847.4129016225468
1998-01-23,1837.3324649644242
1998-01-24,1680.2909145637097
1998-01-25,1713.3436104342861
1998-01-26,1541.2566376721543
1998-01-27,1565.0823779616676
1998-01-28,1451.277279769341
1998-01-29,1620.1881240019263
1998-01-30,1627.5543159569727
1998-01-31,1793.7938935372244
1998-02-01,1724.0408187075554
1998-02-02,1694.0827460739379
1998-02-03,1863.712884391778
1998-02-04,1994.0251368359277
1998-02-05,1965.815645977646
1998-02-06,1969.0966270720592
1998-02-07,1988.8453900888942
1998-02-08,1876.5557248495509
1998-02-09,1811.9138788545483
1998-02-10,1899.887702787251
1998-02-11,1827.4881210753836
1998-02-12,1678.3494284752837
1998-02-13,1654.994278823228
1998-02-14,1640.8354676863491
1998-02-15,1596.2594932193113
1998-02-16,1584.7710276784442
1998-02-17,1520.4404272201575
1998-02-18,1502.279948669266
1998-02-19,1533.5193059662017
1998-02-20,1468.5792953848359
1998-02-21,1446.612543221624
1998-02-22,1475.4269479021746
1998-02-23,1449.3674565475615
1998-02-24,1331.0927118812297
1998-02-25,1549.092344688474
1998-02-26,1619.764169979813
1998-02-27,1499.7733698349227
1998-02-28,1739.395951906668
1998-03-01,1748.1096182501074
1998-03-02,1803.4131826917833
1998-03-03,1813.3713362544004
1998-03-04,1770.6607735334278
1998-03-05,1773.2711178403333
1998-03-06,1817.4356081552226
1998-03-07,1697.1631711079121
1998-03-08,1838.9988496943581
1998-03-09,1822.3106195861678
1998-03-10,1710.8191384726988
1998-03-11,1668.057012060964
1998-03-12,1551.3407945831543
1998-03-13,1559.6909838250922
1998-03-14,1482.0851820210337
1998-03-15,1483.1031187182994
1998-03-16,1476.959102901878
1998-03-17,1433.1965632129081
1998-03-18,1353.4801329927302
1998-03-19,1315.191745037753
1998-03-20,1409.210975142678
1998-03-21,1424.8428922430523
1998-03-22,1321.2592957009233
1998-03-23,1382.1848617856633
1998-03-24,1354.9669914101662
1998-03-25,1354.8851447922095
1998-03-26,1476.8438814992655
1998-03-27,1456.1395796086497
1998-03-28,1423.3526435092458
1998-03-29,1635.971008320148
1998-03-30,1776.9511076676451
1998-03-31,1718.932087740354
1998-04-01,1803.3455873770993
1998-04-02,1814.2287855015088
1998-04-03,1757.1982728667542
1998-04-04,3602.102011640015
1998-04-05,3554.5350361292108
1998-04-06,3392.8525246516565
1998-04-07,3425.9188807764804
1998-04-08,3179.5338197256874
1998-04-09,3304.2298526691634
1998-04-10,3132.3701397659743
1998-04-11,2954.0320754376658
1998-04-12,2943.74363981075
1998-04-13,2683.791193138032
1998-04-14,2502.5436619759416
1998-04-15,2502.745254493768
1998-04-16,2300.5608162491303
1998-04-17,2069.7693552368996
1998-04-18,1931.1183604011323
1998-04-19,1812.2266526718554
1998-04-20,1671.3414129626783
1998-04-21,1499.717878058903
1998-04-22,1418.5039896582878
1998-04-23,1773.5021433245322
1998-04-24,2023.2048296227686
1998-04-25,2071.6868024654154
1998-04-26,1860.7414526189514
1998-04-27,2045.3498337141637
1998-04-28,1900.6419247965732
1998-04-29,1962.27007603851
1998-04-30,1896.171316421422
1998-05-01,1909.7211994986815
1998-05-02,1809.1722246365582
1998-05-03,1919.7281568186072
1998-05-04,3038.5368415340185
1998-05-05,2804.192470448298
1998-05-06,2669.711182218384
1998-05-07,2452.226140058544
1998-05-08,2385.124695870753
1998-05-09,2717.475846545888
1998-05-10,2818.1328320122375
1998-05-11,2636.001251700978
1998-05-12,2654.461004094205
1998-05-13,2612.9668725229626
1998-05-14,2532.2146307267612
1998-05-15,2312.0029406523604
1998-05-16,2085.5169110769366
1998-05-17,2202.5244147146177
1998-05-18,1991.4305541006338
1998-05-19,1955.0163444527202
1998-05-20,1915.24380843539
1998-05-21,1782.3985053680065
1998-05-22,1944.4033935635332
1998-05-23,1905.1571281760212
1998-05-24,1752.2193893244378
1998-05-25,1906.511182640915
1998-05-26,2365.866350981964
1998-05-27,2755.191781157788
1998-05-28,2809.124944417127
1998-05-29,3015.1264853868647
1998-05-30,3069.2608755677097
1998-05-31,3189.8928167453287
1998-06-01,2888.5233073399895
1998-06-02,2570.360974891479
1998-06-03,2365.9724310149377
1998-06-04,2159.136830630916
1998-06-05,2062.747207794999
1998-06-06,1935.6933883568238
1998-06-07,1842.601668577253
1998-06-08,1707.2805737078093
1998-06-09,1784.3615549755298
1998-06-10,1742.6231047874667
1998-06-11,1831.7354973458162
1998-06-12,1598.8803230054364
1998-06-13,1722.0540749702284
1998-06-14,1910.0778598132465
1998-06-15,1892.5152550271773
1998-06-16,1724.108161299956
1998-06-17,1621.5434160168907
1998-06-18,1561.5085491876712
1998-06-19,1555.1550243363245
1998-06-20,1581.5228835807725
1998-06-21,1675.8151025541981
1998-06-22,1672.1024133118763
1998-06-23,1671.3734888416366
1998-06-24,1779.8670353635682
1998-06-25,1835.7997868476332
1998-06-26,1840.5254666463836
1998-06-27,1983.6199930896066
1998-06-28,2255.858360725532
1998-06-29,2666.537646357464
1998-06-30,3020.001685068053
1998-07-01,3506.5229500013616
1998-07-02,3408.1280035745726
1998-07-03,3367.3417473307577
1998-07-04,3298.282677941704
1998-07-05,3056.064826935771
1998-07-06,2959.1014952182645
1998-07-07,2873.0059442882443
1998-07-08,2276.933554616226
1998-07-09,1872.6407691566892
1998-07-10,2891.2796126130984
1998-07-11,3009.9701181482696
1998-07-12,3069.0262116307335
1998-07-13,3182.640745482742
1998-07-14,2987.932821139609
1998-07-15,2606.0095607733147
1998-07-16,2674.469579153453
1998-07-17,2439.9079715278963
1998-07-18,2103.9469923324987
1998-07-19,2154.6632651085097
1998-07-20,2162.2559409865235
1998-07-21,2157.5695273332176
1998-07-22,2811.0696535168486
1998-07-23,2686.7397970688753
1998-07-24,2795.822054732808
1998-07-25,2796.70471552464
1998-07-26,2328.919637316487
1998-07-27,2221.2735313123585
1998-07-28,2638.2822454703773
1998-07-29,2500.5891696826184
1998-07-30,2041.2493494030505
1998-07-31,2101.4199864969555
1998-08-01,2037.6930272630475
1998-08-02,1967.1986181960026
1998-08-03,1878.4468215041281
1998-08-04,2130.781768673829
1998-08-05,2198.533691011986
1998-08-06,2917.347255395296
1998-08-07,3165.962250254784
1998-08-08,3181.490434828568
1998-08-09,3259.492969149183
1998-08-10,3356.8335789093453
1998-08-11,3313.481764035047
1998-08-12,3099.176178796244
1998-08-13,3304.8194777207063
1998-08-14,3621.714997834723
1998-08-15,3392.269653798633
1998-08-16,3468.752856467185
1998-08-17,4141.8573136508485
1998-08-18,3317.6835812910654
1998-08-19,3884.549022750667
1998-08-20,4329.699095021378
1998-08-21,4410.2250052844975
1998-08-22,4906.214771711915
1998-08-23,4971.799848248788
1998-08-24,5036.310224781429
1998-08-25,5059.281007570404
1998-08-26,5023.122742826851
1998-08-27,4800.823006574434
1998-08-28,4661.70317134148
1998-08-29,4903.171134333101
1998-08-30,4899.274356302218
1998-08-31,4337.443873594618
1998-09-01,4009.5055293882097
1998-09-02,4079.764147566265
1998-09-03,4145.063187605076
1998-09-04,4078.098980112194
1998-09-05,3881.611048277543
1998-09-06,3611.771343860773
1998-09-07,4180.795445960402
1998-09-08,4160.086451598416
1998-09-09,4126.667629331172
1998-09-10,3840.668804425508
1998-09-11,3858.0808692807695
1998-09-12,3453.737525184736
1998-09-13,3418.9340851739667
1998-09-14,3486.177350329624
1998-09-15,3578.857317377827
1998-09-16,3597.6311283410214
1998-09-17,3223.710442617025
1998-09-18,3289.610206223441
1998-09-19,3068.116646873366
1998-09-20,3158.302784135608
1998-09-21,2802.283544505927
1998-09-22,2905.39480625115
1998-09-23,2919.491951520259
1998-09-24,2865.0903772859547
1998-09-25,2866.7670243854727
1998-09-26,2744.8558641957898
1998-09-27,2781.503775904058
1998-09-28,2258.4212966309547
1998-09-29,2679.7707153516203
1998-09-30,2623.786523718801
1998-10-01,2861.887089600063
1998-10-02,2705.345007285506
1998-10-03,2629.378426164362
1998-10-04,2846.3362125533035
1998-10-05,2889.3580748685513
1998-10-06,3095.4447915879564
1998-10-07,3268.3781276298855
1998-10-08,3305.0819242638945
1998-10-09,3181.9023761637923
1998-10-10,3214.9366916416084
1998-10-11,3081.5450899388534
1998-10-12,3122.9447188081263
1998-10-13,3096.7229413708146
1998-10-14,3074.748562598967
1998-10-15,3173.975660113453
1998-10-16,3395.1986069813597
1998-10-17,3218.9149566372253
1998-10-18,3125.6297925754257
1998-10-19,2986.9530410684747
1998-10-20,2803.7737959232973
1998-10-21,2822.9932566825823
1998-10-22,3060.8750847877145
1998-10-23,2558.9789267689976
1998-10-24,2809.4137166727155
1998-10-25,2908.3641717018904
1998-10-26,3192.228929128542
1998-10-27,3210.093536455204
1998-10-28,3380.9764875583332
1998-10-29,3330.964892764431
1998-10-30,3277.5906614458554
1998-10-31,3170.140443165488
1998-11-01,3131.6439428385156
1998-11-02,3176.572519609552
1998-11-03,3065.9142357130036
1998-11-04,3123.535638364228
1998-11-05,3146.007996742592
1998-11-06,2886.2508450443734
1998-11-07,2718.9232358154923
1998-11-08,2714.7022357424144
1998-11-09,2486.4144958834345
1998-11-10,2561.077508638787
1998-11-11,2515.8768275016077
1998-11-12,2480.4376231173883
1998-11-13,2558.8423311896577
1998-11-14,2492.776015386257
1998-11-15,2297.380522524935
1998-11-16,2065.967508980866
1998-11-17,1946.0610595034993
1998-11-18,1885.223005390762
1998-11-19,1927.6227092908575
1998-11-20,2041.6400424979663
1998-11-21,2072.5582328326554
1998-11-22,2010.3279290086552
1998-11-23,2122.2894322814504
1998-11-24,2376.7802973218672
1998-11-25,2335.239568541935
1998-11-26,2317.5986418155812
1998-11-27,2335.3692889116687
1998-11-28,2342.7951045945097
1998-11-29,2357.097213504806
1998-11-30,2399.5350577952654
1998-12-01,2248.0758315695816
1998-12-02,2242.13917796142
1998-12-03,2257.058841340044
1998-12-04,2205.9544633454775
1998-12-05,1975.873409668468
1998-12-06,1953.488323511402
1998-12-07,1930.70491393019
1998-12-08,1880.297569137456
1998-12-09,1864.6835623197542
1998-12-10,1856.2607654243798
1998-12-11,1747.3788166538097
1998-12-12,1932.321282220003
1998-12-13,1839.5537269378535
1998-12-14,2050.6407108974436
1998-12-15,1976.6240388021727
1998-12-16,1981.2659825732862
1998-12-17,1987.8182850944145
1998-12-18,2030.9238678120985
1998-12-19,1990.6580975725506
1998-12-20,2092.549451347133
1998-12-21,1792.0
1998-12-22,
1998-12-23,
1998-12-24,
1998-12-25,
1998-12-26,
1998-12-27,
1998-12-28,
1998-12-29,
1998-12-30,
1998-12-31,
1999-01-01,2135.0
1999-01-02,1989.3574483844213
1999-01-03,2065.880541631784
1999-01-04,2065.880541631784
1999-01-05,2065.880541631784
1999-01-06,2065.880541631784
1999-01-07,1850.5644981156217
1999-01-08,2245.936942935675
1999-01-09,2142.382271682375
1999-01-10,2168.9080100919537
1999-01-11,2156.708490627541
1999-01-12,2024.03025915387
1999-01-13,1982.8986724082358
1999-01-14,1994.385450145879
1999-01-15,1970.7510919863005
1999-01-16,1823.9478538758265
1999-01-17,1816.9653461928615
1999-01-18,1834.5185629070393
1999-01-19,1725.5620419820686
1999-01-20,1733.1682332028638
1999-01-21,1733.1682332028636
1999-01-22,1812.8188282491494
1999-01-23,1702.0314978672588
1999-01-24,1719.5615725390237
1999-01-25,1539.9054784063208
1999-01-26,1726.0946226727438
1999-01-27,1714.3359935282153
1999-01-28,1724.9034304801164
1999-01-29,1745.523075214341
1999-01-30,1693.0587029012604
1999-01-31,1719.1021713589755
1999-02-01,1612.3958536561402
1999-02-02,1603.8895596689433
1999-02-03,1512.3449651176165
1999-02-04,1558.4277904161968
1999-02-05,1614.5816784796298
1999-02-06,1600.233851104526
1999-02-07,1519.5727044154685
1999-02-08,1509.154229954105
1999-02-09,1483.078799880476
1999-02-10,1451.5743520980084
1999-02-11,1364.9608188133798
1999-02-12,1375.8024565919593
1999-02-13,1398.4179191305966
1999-02-14,1428.619289686745
1999-02-15,1431.620852217286
1999-02-16,1493.3857731800817
1999-02-17,1522.2246320403738
1999-02-18,1537.9879114025944
1999-02-19,1524.084286402261
1999-02-20,1594.2581130800995
1999-02-21,1506.2866750700452
1999-02-22,1506.5840506491102
1999-02-23,1407.2459666403408
1999-02-24,1381.4051410875124
1999-02-25,1305.79029477133
1999-02-26,1181.1459054966065
1999-02-27,1195.4183995209278
1999-02-28,1167.1829784122763
1999-03-01,1262.123561099549
1999-03-02,1237.232687290032
1999-03-03,1269.7865621256028
1999-03-04,1164.7047303291447
1999-03-05,1264.980765520119
1999-03-06,1297.4596241216711
1999-03-07,1305.5105976985271
1999-03-08,1366.0327154088545
1999-03-09,1240.031863967685
1999-03-10,1308.9545479169549
1999-03-11,1213.2594626921637
1999-03-12,1356.653197257386
1999-03-13,1335.6888822196809
1999-03-14,1400.765722328057
1999-03-15,1374.1250775252106
1999-03-16,1349.0399369719814
1999-03-17,1458.7996955910194
1999-03-18,1319.884507194846
1999-03-19,1367.113702668593
1999-03-20,1235.578355611232
1999-03-21,1325.2340388044838
1999-03-22,1317.6947592203771
1999-03-23,1376.3948094615066
1999-03-24,1382.813867800919
1999-03-25,1376.573522921011
1999-03-26,1451.6196640121082
1999-03-27,1391.9443349316896
1999-03-28,1432.3229998098232
1999-03-29,1456.9371278812255
1999-03-30,1340.7857347012587
1999-03-31,1356.3744447849992
1999-04-01,1425.0771930017415
1999-04-02,1407.2612784427092
1999-04-03,1527.3859896754338
1999-04-04,1646.6019657987931
1999-04-05,1627.3933233913451
1999-04-06,1613.7765107037178
1999-04-07,1597.1552735141913
1999-04-08,1617.3346301576153
1999-04-09,1569.904351006612
1999-04-10,1491.299952991751
1999-04-11,1342.2847509376757
1999-04-12,1305.097915208275
1999-04-13,1281.5230123131578
1999-04-14,1419.1445045357104
1999-04-15,1675.1675602007988
1999-04-16,1617.4865216138148
1999-04-17,1665.6774855131418
1999-04-18,1671.4368279668126
1999-04-19,1615.190167185545
1999-04-20,1485.2409464919617
1999-04-21,1473.715995493826
1999-04-22,1450.31902837445
1999-04-23,1397.505029675855
1999-04-24,1579.8822789602416
1999-04-25,1633.5237874711827
1999-04-26,1831.7965371943878
1999-04-27,1723.2062771028227
1999-04-28,1889.8272408280432
1999-04-29,1796.204127500491
1999-04-30,1704.1807644714886
1999-05-01,1602.6206708803256
1999-05-02,1474.5333438316234
1999-05-03,1510.3651246705415
1999-05-04,3061.969379135825
1999-05-05,2777.3734528094647
1999-05-06,2426.2210968680056
1999-05-07,2265.7706045036443
1999-05-08,2028.0777111213959
1999-05-09,1877.855533367756
1999-05-10,1763.677496209928
1999-05-11,1971.5695774951532
1999-05-12,2383.4831389397104
1999-05-13,2278.421251727496
1999-05-14,2468.9439000170514
1999-05-15,2569.171736729972
1999-05-16,2519.077220074625
1999-05-17,2384.8570810001684
1999-05-18,2088.5670794589623
1999-05-19,2291.521760855214
1999-05-20,2265.4509072396268
1999-05-21,2140.4325283356534
1999-05-22,1940.0222263792568
1999-05-23,1988.2948820410732
1999-05-24,2061.2303439205402
1999-05-25,2388.4051978476928
1999-05-26,2370.713000759776
1999-05-27,2248.624889406698
1999-05-28,2032.3263462543637
1999-05-29,1915.8538166314167
1999-05-30,2204.485979515135
1999-05-31,2109.971921253007
1999-06-01,2113.4455291616546
1999-06-02,2239.0082388842425
1999-06-03,2143.503546306709
1999-06-04,2162.7094586656267
1999-06-05,2187.010150353131
1999-06-06,1978.8847368721797
1999-06-07,1983.169312809699
1999-06-08,1700.7819271608125
1999-06-09,1523.890058179154
1999-06-10,1474.0064907797496
1999-06-11,1113.33874793981
1999-06-12,1197.650213466001
1999-06-13,1190.7495835673076
1999-06-14,1495.6338981768192
1999-06-15,1655.5631124082277
1999-06-16,1652.2627076397405
1999-06-17,1687.1978189243534
1999-06-18,1647.843052334624
1999-06-19,1760.6895404241916
1999-06-20,1631.0041108843786
1999-06-21,1758.2955485093548
1999-06-22,1848.876148617305
1999-06-23,1908.1127707563555
1999-06-24,1838.7374573886796
1999-06-25,1634.683747989577
1999-06-26,1310.6763037888497
1999-06-27,1414.1868420746046
1999-06-28,1138.4089883156896
1999-06-29,1175.52961412961
1999-06-30,1062.5428443672736
1999-07-01,1071.4747715642236
1999-07-02,1507.1220194910159
1999-07-03,1279.9624736828814
1999-07-04,1770.9856170759929
1999-07-05,2656.670699618516
1999-07-06,2972.253107189307
1999-07-07,2991.08396934977
1999-07-08,2176.317147460789
1999-07-09,2231.092636580462
1999-07-10,1975.0926963647735
1999-07-11,1688.8872427517117
1999-07-12,1662.37763205858
1999-07-13,1908.8058233956167
1999-07-14,2030.8433711141392
1999-07-15,1853.1860905337016
1999-07-16,1634.336440714513
1999-07-17,1511.0596080386622
1999-07-18,1532.6741562706504
1999-07-19,1490.3371876293252
1999-07-20,1249.331753677588
1999-07-21,1146.7922001723284
1999-07-22,1140.4827456896728
1999-07-23,1060.7238501038782
1999-07-24,1067.9045629742964
1999-07-25,1148.7598666082365
1999-07-26,1198.3385218901828
1999-07-27,1511.0392327128286
1999-07-28,1611.133358264097
1999-07-29,2043.9721029285663
1999-07-30,1845.616893434286
1999-07-31,1930.4567447898992
1999-08-01,1985.267485725887
1999-08-02,1774.053090035031
1999-08-03,1779.4960211351402
1999-08-04,1606.0376625852275
1999-08-05,1712.0625810760653
1999-08-06,1530.0939215601627
1999-08-07,1406.1527536634187
1999-08-08,1546.6603542018377
1999-08-09,4048.9241379130503
1999-08-10,3454.3577918548694
1999-08-11,3278.7980072114997
1999-08-12,2770.1541085147965
1999-08-13,2531.42086991662
1999-08-14,2805.5087569824914
1999-08-15,2478.3366077636497
1999-08-16,2877.574188262199
1999-08-17,3002.648493957251
1999-08-18,2855.6562832838426
1999-08-19,2793.731928178481
1999-08-20,2814.473322397898
1999-08-21,2864.687934696035
1999-08-22,2667.391219320433
1999-08-23,3211.296799169992
1999-08-24,2999.1737665681167
1999-08-25,2909.3773085130097
1999-08-26,3008.6713565831014
1999-08-27,3696.3416022423444
1999-08-28,4783.202015672801
1999-08-29,4906.868676153963
1999-08-30,4583.448529077255
1999-08-31,4447.333632552851
1999-09-01,4116.0034781932045
1999-09-02,3883.9901059609238
1999-09-03,3618.021591095618
1999-09-04,3111.373267524494
1999-09-05,3031.1727538817386
1999-09-06,3074.510646170588
1999-09-07,2943.7183821646895
1999-09-08,2926.536988684834
1999-09-09,2778.184474462398
1999-09-10,2627.887561341418
1999-09-11,2764.5732664926427
1999-09-12,2503.5348760707307
1999-09-13,2548.197546743164
1999-09-14,2808.5584233527597
1999-09-15,2784.2119258762586
1999-09-16,2735.127047255724
1999-09-17,2630.521527318591
1999-09-18,2422.7140040553445
1999-09-19,2737.180113691772
1999-09-20,2585.552846689082
1999-09-21,2508.073086318257
1999-09-22,2375.3656918095994
1999-09-23,2401.909893394377
1999-09-24,2501.2848282806763
1999-09-25,2579.995617723745
1999-09-26,2545.37687763363
1999-09-27,2535.982349988189
1999-09-28,2732.3194868378387
1999-09-29,2991.0502487805097
1999-09-30,2850.831259811927
1999-10-01,2911.522616616059
1999-10-02,3012.1622598345502
1999-10-03,3100.9813996253915
1999-10-04,2979.3597115713333
1999-10-05,2974.0524395871375
1999-10-06,2764.465800167015
1999-10-07,2773.777858960111
1999-10-08,2996.1129993205673
1999-10-09,3285.8360071649886
1999-10-10,3393.3935222945306
1999-10-11,3373.0857785521807
1999-10-12,3430.885696989898
1999-10-13,3274.3238976708953
1999-10-14,3401.3865440023364
1999-10-15,3404.014562901117
1999-10-16,3324.598667982648
1999-10-17,3169.2986925275213
1999-10-18,2756.8839332096736
1999-10-19,2457.481283505077
1999-10-20,2441.042164275825
1999-10-21,2620.7276492449028
1999-10-22,2574.3778451237363
1999-10-23,2934.007763846222
1999-10-24,2865.6142433387486
1999-10-25,2988.675834647022
1999-10-26,2963.601605546018
1999-10-27,2804.896350809761
1999-10-28,2873.80236734544
1999-10-29,2474.2581603768854
1999-10-30,2564.300961521971
1999-10-31,2525.228000759346
1999-11-01,2491.2664934109825
1999-11-02,2317.9034039224703
1999-11-03,2378.049007734734
1999-11-04,2257.92923294133
1999-11-05,2300.2361669313523
1999-11-06,2279.3461939781278
1999-11-07,2087.3068030204877
1999-11-08,2245.639003332875
1999-11-09,2258.2236974292173
1999-11-10,2246.2353554792508
1999-11-11,2066.9685486521566
1999-11-12,2157.5695323754394
1999-11-13,2306.638464335791
1999-11-14,2152.083149358738
1999-11-15,2126.5527003197903
1999-11-16,2151.5409999925937
1999-11-17,2016.9679071344221
1999-11-18,1783.0864670148778
1999-11-19,1865.3095112405422
1999-11-20,1952.9159976504154
1999-11-21,2093.350527154607
1999-11-22,2132.073137330956
1999-11-23,2160.4810900033576
1999-11-24,2136.0180194948443
1999-11-25,2079.5650917503535
1999-11-26,2051.992065887982
1999-11-27,2141.3669610459947
1999-11-28,2161.5812459562794
1999-11-29,2205.795572111468
1999-11-30,2186.257967333397
1999-12-01,2028.3077077987332
1999-12-02,2128.4888598966913
1999-12-03,2026.328028832862
1999-12-04,1758.8756014952062
1999-12-05,1883.3516946567354
1999-12-06,1864.5109618913957
1999-12-07,1838.26358935859
1999-12-08,1912.4155397055308
1999-12-09,1860.5645465834075
1999-12-10,1870.9265707999737
1999-12-11,1844.4154971739624
1999-12-12,1810.3223990304534
1999-12-13,1766.901743440479
1999-12-14,1699.81008680078
1999-12-15,1713.9800888707796
1999-12-16,1762.0080469742584
1999-12-17,1680.4425902523378
1999-12-18,1858.756328807044
1999-12-19,1659.8527711900342
1999-12-20,1782.8954857536633
1999-12-21,1776.5595765130442
1999-12-22,1785.190408042168
1999-12-23,1738.1051799053841
1999-12-24,1721.6647387099276
1999-12-25,1710.9323870789763
1999-12-26,1719.3970105880946
1999-12-27,1728.8936549130078
1999-12-28,1726.675061435045
1999-12-29,1669.8030839504625
1999-12-30,1653.3853545403203
1999-12-31,1725.4542694982233
2000-01-01,1734.9444232243961
2000-01-02,1742.9220850721767
2000-01-03,1713.5051804187606
2000-01-04,1749.471025863596
2000-01-05,1767.8601820867773
2000-01-06,1757.4895589173502
2000-01-07,1789.8983080837443
2000-01-08,1752.0069424696974
2000-01-09,1709.5054885747043
2000-01-10,1649.8545911031333
2000-01-11,1701.8923416584091
2000-01-12,1834.255446293887
2000-01-13,1593.118073362783
2000-01-14,1658.9577463062128
2000-01-15,1607.9033719622962
2000-01-16,1542.9915312178166
2000-01-17,1523.4726133520155
2000-01-18,1356.6336805088815
2000-01-19,1468.441034964213
2000-01-20,1486.7845252265597
2000-01-21,1552.7733034310024
2000-01-22,1524.1959814202787
2000-01-23,1534.719816197843
2000-01-24,1464.145945977724
2000-01-25,1538.135786629742
2000-01-26,1498.6755410932085
2000-01-27,1498.6755410932087
2000-01-28,1427.57695429842
2000-01-29,1367.4068163071918
2000-01-30,1388.9354828506314
2000-01-31,1327.4915376238605
2000-02-01,1385.1915099425482
2000-02-02,1338.4091238177134
2000-02-03,1584.3854067382151
2000-02-04,1632.1674383706186
2000-02-05,1835.2213027116593
2000-02-06,1855.8197725551713
2000-02-07,1808.8857978388871
2000-02-08,1873.8842288103017
2000-02-09,1818.890183896375
2000-02-10,1823.8237862524595
2000-02-11,1783.6192588563138
2000-02-12,1655.775619871948
2000-02-13,1652.991065674634
2000-02-14,1779.4894480734113
2000-02-15,1815.3359494260294
2000-02-16,1820.314756510659
2000-02-17,1806.6437024497561
2000-02-18,1815.167064080004
2000-02-19,1755.2280395008108
2000-02-20,1758.4699690404407
2000-02-21,1802.346587378185
2000-02-22,1761.797747906935
2000-02-23,1892.4278985898845
2000-02-24,1886.268212851905
2000-02-25,1837.2870979583247
2000-02-26,1840.4515231349603
2000-02-27,1740.5157253188363
2000-02-28,1861.496446373108
2000-02-29,1697.8605872019987
2000-03-01,1743.4070633324316
2000-03-02,1615.6751858700113
2000-03-03,1589.5643373590003
2000-03-04,1564.3884994480445
2000-03-05,1566.6241288868096
2000-03-06,1433.9390229675328
2000-03-07,1482.8942034268139
2000-03-08,1495.183394106805
2000-03-09,1482.5515525007506
2000-03-10,1493.091815822395
2000-03-11,1490.513440767202
2000-03-12,1383.9370924458121
2000-03-13,1429.3557520777417
2000-03-14,1423.8255546501512
2000-03-15,1443.3712059846691
2000-03-16,1354.144910770768
2000-03-17,1437.4636072926216
2000-03-18,1327.1087422334442
2000-03-19,1398.5088037001437
2000-03-20,1331.5350623915447
2000-03-21,1489.2633634827607
2000-03-22,1470.4759255239344
2000-03-23,1434.7743556160506
2000-03-24,1513.4771756913474
2000-03-25,1389.6962626630477
2000-03-26,1427.453258001356
2000-03-27,1329.520377386906
2000-03-28,1499.834643909919
2000-03-29,1542.8509632323721
2000-03-30,1463.963304152832
2000-03-31,1375.7403558187066
2000-04-01,1490.2673163763834
2000-04-02,1551.654912864755
2000-04-03,1443.897709380292
2000-04-04,1557.167635549728
2000-04-05,1672.613869479434
2000-04-06,1790.1198965671333
2000-04-07,1686.066372668846
2000-04-08,1741.445831675343
2000-04-09,1753.5752604934758
2000-04-10,1759.7269405243615
2000-04-11,1765.1959055472641
2000-04-12,1597.7658399591846
2000-04-13,1633.0658396967867
2000-04-14,1461.7785524782087
2000-04-15,1533.3875742847579
2000-04-16,1549.768226391163
2000-04-17,1465.9896473573197
2000-04-18,1451.2291152248365
2000-04-19,1447.6123842568238
2000-04-20,1989.1257745070338
2000-04-21,2030.12724923322
2000-04-22,1990.8715822557635
2000-04-23,1981.2014370993716
2000-04-24,1750.1498781944906
2000-04-25,1812.4201837205947
2000-04-26,1649.121695162591
2000-04-27,1532.8356612967968
2000-04-28,1532.8356612967968
2000-04-29,1506.1749041794167
2000-04-30,1460.1157585270705
2000-05-01,1520.4126561803848
2000-05-02,1409.3556405848094
2000-05-03,1490.677917590992
2000-05-04,1383.7217576703827
2000-05-05,1363.0911018649902
2000-05-06,1328.6683534234285
2000-05-07,1330.26525569852
2000-05-08,1308.138227178816
2000-05-09,1228.7657145112921
2000-05-10,1184.8997834998247
2000-05-11,1073.3097543141287
2000-05-12,1107.2000527047994
2000-05-13,1231.6034198841398
2000-05-14,1287.0379517487584
2000-05-15,1293.619284078709
2000-05-16,1138.6106405811277
2000-05-17,1078.1270560773532
2000-05-18,923.4405860874957
2000-05-19,1106.2160389866913
2000-05-20,1526.463528703198
2000-05-21,1275.322907103911
2000-05-22,941.1693176156441
2000-05-23,965.606346425917
2000-05-24,837.0266461815958
2000-05-25,876.4976356566561
2000-05-26,976.8983244706475
2000-05-27,1066.3178619525197
2000-05-28,1275.5863321980253
2000-05-29,1234.2626464890654
2000-05-30,1536.6083567932458
2000-05-31,1404.6651891955394
2000-06-01,1506.9311753946924
2000-06-02,1352.178469924379
2000-06-03,1411.635486576593
2000-06-04,1528.252144383968
2000-06-05,1386.992326898937
2000-06-06,1334.7556661070787
2000-06-07,1432.277746001611
2000-06-08,1446.157323317676
2000-06-09,1698.878342456103
2000-06-10,1855.785665128305
2000-06-11,1788.156244142364
2000-06-12,1821.7496396133838
2000-06-13,1773.204253896821
2000-06-14,1686.0621088864684
2000-06-15,1668.9860156187963
2000-06-16,1508.4274708963267
2000-06-17,1469.4056416276533
2000-06-18,1345.2996361611015
2000-06-19,1342.066486956143
2000-06-20,1500.5829147570819
2000-06-21,1791.5921019343853
2000-06-22,1439.4010433416124
2000-06-23,1982.7059475038009
2000-06-24,2470.9201829098283
2000-06-25,2649.0139324601564
2000-06-26,2357.8345741745648
2000-06-27,2351.177473363667
2000-06-28,2065.262485300392
2000-06-29,2380.0151501056152
2000-06-30,2106.6392625670915
2000-07-01,2129.399063985644
2000-07-02,1954.0156857788397
2000-07-03,2331.929478637262
2000-07-04,2563.9511313896433
2000-07-05,2389.814735257686
2000-07-06,2235.906833813747
2000-07-07,2747.361974465323
2000-07-08,2768.318217791657
2000-07-09,2769.7355763682617
2000-07-10,2852.2960716562357
2000-07-11,2346.8659512085683
2000-07-12,2730.5791525241398
2000-07-13,2594.6317893462583
2000-07-14,2531.312355700713
2000-07-15,2317.335513185266
2000-07-16,2313.269684230722
2000-07-17,2030.3244808527134
2000-07-18,2125.7793583314806
2000-07-19,1900.2163834373528
2000-07-20,1718.6449819863349
2000-07-21,1588.8799212599959
2000-07-22,1535.379894883965
2000-07-23,1671.2361158535564
2000-07-24,2200.7453323502764
2000-07-25,2152.8769069855603
2000-07-26,2072.2851659251105
2000-07-27,2177.590776211662
2000-07-28,2087.9883287133302
2000-07-29,2116.471971265436
2000-07-30,2138.893797711093
2000-07-31,2090.4818072983994
2000-08-01,2265.108647273744
2000-08-02,3002.0618740790205
2000-08-03,4021.273694475593
2000-08-04,4323.4317846587455
2000-08-05,4602.675315517525
2000-08-06,4222.754576594043
2000-08-07,3710.634480964109
2000-08-08,3553.7120720876014
2000-08-09,3013.930383510886
2000-08-10,2913.881393240999
2000-08-11,3080.599436691368
2000-08-12,3352.0107068165075
2000-08-13,3374.2972579123607
2000-08-14,2956.278967116192
2000-08-15,2894.340673798367
2000-08-16,2821.741319349868
2000-08-17,2990.788930200531
2000-08-18,2828.8426956594535
2000-08-19,3162.7942745027913
2000-08-20,3189.4186391295093
2000-08-21,3433.9729971617503
2000-08-22,3488.0039224630873
2000-08-23,3739.511217947416
2000-08-24,3784.632250274052
2000-08-25,3498.8023708253704
2000-08-26,3487.049331942394
2000-08-27,3523.745740692847
2000-08-28,3252.1549679767945
2000-08-29,3265.256964020388
2000-08-30,3043.982198507984
2000-08-31,2975.2520001627972
2000-09-01,2951.489150659252
2000-09-02,3123.8745165255505
2000-09-03,3451.784929481209
2000-09-04,3529.975552148887
2000-09-05,3376.8482740566533
2000-09-06,3352.532457339256
2000-09-07,3276.899077293296
2000-09-08,3263.3328537154102
2000-09-09,3388.3890818227387
2000-09-10,3031.677498092805
2000-09-11,3075.4969777777897
2000-09-12,3077.870523720118
2000-09-13,3230.344483690151
2000-09-14,3213.6536273738757
2000-09-15,3219.741893645883
2000-09-16,3406.480091795117
2000-09-17,3103.7245977219823
2000-09-18,3097.7995142418354
2000-09-19,3178.476731001797
2000-09-20,2998.98194246634
2000-09-21,2962.9369890748253
2000-09-22,3152.2782002009494
2000-09-23,2938.328572302317
2000-09-24,3149.2451836279383
2000-09-25,3045.5782252823155
2000-09-26,3257.1657803836747
2000-09-27,3287.69200555213
2000-09-28,3470.244457488056
2000-09-29,3688.0337118863245
2000-09-30,3648.1356674343324
2000-10-01,3622.212162663797
2000-10-02,3507.847837722212
2000-10-03,3511.379949601053
2000-10-04,3648.503926909725
2000-10-05,3791.8364171484072
2000-10-06,3627.158257679916
2000-10-07,3663.8009297039025
2000-10-08,3590.2980796616043
2000-10-09,3480.8974202779114
2000-10-10,3341.8913717917453
2000-10-11,3417.9429135047535
2000-10-12,3544.663708558184
2000-10-13,3704.654976128772
2000-10-14,3900.5901688230965
2000-10-15,3730.4861643748227
2000-10-16,3683.952967891052
2000-10-17,3628.109966644423
2000-10-18,3325.388635538088
2000-10-19,3287.36165611463
2000-10-20,3090.391961400985
2000-10-21,3264.7068718478663
2000-10-22,3049.90109927599
2000-10-23,3105.6029432512255
2000-10-24,3007.5321083961826
2000-10-25,2922.363525189027
2000-10-26,2828.8161655936824
2000-10-27,2833.1116908091685
2000-10-28,2654.676273883625
2000-10-29,2677.159601988864
2000-10-30,2631.0106916705913
2000-10-31,2473.271788471246
2000-11-01,2383.9923803318047
2000-11-02,2293.3565704087605
2000-11-03,2393.6955420081745
2000-11-04,2285.599205078183
2000-11-05,2375.515243211493
2000-11-06,2288.0071786167528
2000-11-07,2279.718014837773
2000-11-08,2285.7755755482012
2000-11-09,2129.744686990369
2000-11-10,2213.9957135280006
2000-11-11,2117.35299842829
2000-11-12,1943.9443347422011
2000-11-13,1887.4658692112603
2000-11-14,1937.1214306086865
2000-11-15,1983.9790619106834
2000-11-16,2023.9657474996868
2000-11-17,1953.7146971971447
2000-11-18,1956.4972135418066
2000-11-19,1945.0810860246174
2000-11-20,1980.1942962982343
2000-11-21,1954.6528327479734
2000-11-22,1853.7698981141252
2000-11-23,1867.5265646641963
2000-11-24,1840.9868094752533
2000-11-25,1809.2861340669997
2000-11-26,1926.814324991658
2000-11-27,2046.369218701906
2000-11-28,1905.4488443238058
2000-11-29,1836.0125541580226
2000-11-30,1928.313423300974
2000-12-01,1915.970811668445
2000-12-02,1987.2574971884303
2000-12-03,2088.61503774054
2000-12-04,1998.911761414175
2000-12-05,2109.7926304960315
2000-12-06,2152.054428930379
2000-12-07,2193.5872534786
2000-12-08,2119.914922958027
2000-12-09,2018.6776769303665
2000-12-10,2003.6517239285931
2000-12-11,2011.5781170078849
2000-12-12,1991.0400569711903
2000-12-13,1702.7402019004564
2000-12-14,1762.3588617668547
2000-12-15,1710.8806229694076
2000-12-16,1735.7979444505117
2000-12-17,1730.7115245746604
2000-12-18,1661.742084306319
2000-12-19,1645.5525692271874
2000-12-20,1734.2876597508448
2000-12-21,1677.477854555454
2000-12-22,1719.328246364857
2000-12-23,1713.4991705159578
2000-12-24,1655.849506221818
2000-12-25,1598.7798439774633
2000-12-26,1530.6706831342171
2000-12-27,1593.3211003338329
2000-12-28,1629.3410512967898
2000-12-29,1692.9164219556062
2000-12-30,1694.3669624289516
2000-12-31,1533.733761584415
2001-01-01,1452.8759165204428
2001-01-02,1455.2645048457125
2001-01-03,1569.4331815756075
2001-01-04,1527.4709677160865
2001-01-05,1475.1579362847642
2001-01-06,1404.8848890580887
2001-01-07,1470.863325919345
2001-01-08,1500.5942057679558
2001-01-09,1435.905119903155
2001-01-10,1511.882496050091
2001-01-11,1623.07390492882
2001-01-12,1628.2012286069723
2001-01-13,1584.6442525255907
2001-01-14,1589.8684673183081
2001-01-15,1514.96522552216
2001-01-16,1545.6812578384568
2001-01-17,1565.0207732964352
2001-01-18,1524.3301565207494
2001-01-19,1558.7607914117757
2001-01-20,1537.8234007367237
2001-01-21,1458.0758274941443
2001-01-22,1359.4127673445616
2001-01-23,1390.2165899432403
2001-01-24,1395.9024163611675
2001-01-25,1216.1875989968196
2001-01-26,1226.9934674965273
2001-01-27,1215.6793756424927
2001-01-28,1284.1712525073033
2001-01-29,1254.7904700002016
2001-01-30,1273.0214702787
2001-01-31,1254.7667640188947
2001-02-01,1297.9546377074557
2001-02-02,1262.7524663679872
2001-02-03,1313.0556205624614
2001-02-04,1316.9132452304464
2001-02-05,1315.4368712142928
2001-02-06,1321.8233064930268
2001-02-07,1271.7849829489865
2001-02-08,1293.8556649177403
2001-02-09,1221.4102931533885
2001-02-10,1122.5418555441042
2001-02-11,1127.2660627451498
2001-02-12,1193.809633458032
2001-02-13,1232.202255512665
2001-02-14,1156.6698227935751
2001-02-15,1214.0145876901481
2001-02-16,1207.296718174437
2001-02-17,1157.6931768190418
2001-02-18,1254.4641450330466
2001-02-19,1233.0209296279543
2001-02-20,1208.7164631175476
2001-02-21,1225.0631945832345
2001-02-22,1245.795526830691
2001-02-23,1203.6926959875543
2001-02-24,1274.299133667472
2001-02-25,1266.1724221503323
2001-02-26,1253.8145552808662
2001-02-27,1287.3394057160424
2001-02-28,1314.4448767832287
2001-03-01,1297.3581731164843
2001-03-02,1340.7702836103058
2001-03-03,1366.014663457941
2001-03-04,1380.638740044534
2001-03-05,1475.1061319923172
2001-03-06,1423.5722174052235
2001-03-07,1527.3881489213504
2001-03-08,1473.5960560335036
2001-03-09,1553.9229305823671
2001-03-10,1473.6526345926452
2001-03-11,1433.848553472861
2001-03-12,1402.972226319295
2001-03-13,1407.5852505712483
2001-03-14,1334.4036964874872
2001-03-15,1197.4475966841894
2001-03-16,1186.620394291892
2001-03-17,1200.9058207528244
2001-03-18,1252.4968483612408
2001-03-19,1275.5346772028286
2001-03-20,1323.7088339040376
2001-03-21,1143.986203387967
2001-03-22,1224.9997069962203
2001-03-23,1279.8330508324113
2001-03-24,1169.4072428713966
2001-03-25,1242.6227208445075
2001-03-26,1171.557856271609
2001-03-27,1127.4465603817796
2001-03-28,1068.9464772074991
2001-03-29,1130.913756973737
2001-03-30,1200.3157224751556
2001-03-31,1176.6090448745663
2001-04-01,1197.1998824572333
2001-04-02,1147.4448802488148
2001-04-03,1304.2181984202243
2001-04-04,1264.2235925252028
2001-04-05,1256.8774971052812
2001-04-06,1256.681936600508
2001-04-07,1350.1344757078357
2001-04-08,1299.6027152240035
2001-04-09,1375.982117760286
2001-04-10,1435.8161662415848
2001-04-11,1617.5894989615695
2001-04-12,1670.2126534755632
2001-04-13,1665.7522250284455
2001-04-14,1561.7036698059712
2001-04-15,1565.5377282580398
2001-04-16,1758.989228383392
2001-04-17,1724.2093734508437
2001-04-18,1676.3081911729748
2001-04-19,1697.2279520228321
2001-04-20,1602.6006626600906
2001-04-21,1671.5381505032638
2001-04-22,1595.7317089455191
2001-04-23,1579.3775364336666
2001-04-24,1561.9617230423094
2001-04-25,1540.1891614576539
2001-04-26,1443.6511572757597
2001-04-27,1446.1202795332167
2001-04-28,1360.2787020178237
2001-04-29,1202.814394943741
2001-04-30,1152.6573757013398
2001-05-01,1076.9732116729715
2001-05-02,1030.3872153583618
2001-05-03,1169.7261327124622
2001-05-04,979.5832059362685
2001-05-05,1036.5415200564912
2001-05-06,1177.5919903862896
2001-05-07,1212.1007230966543
2001-05-08,1241.7871679689458
2001-05-09,1246.1168507265295
2001-05-10,1639.913881304753
2001-05-11,2010.144392230719
2001-05-12,2042.3149223112614
2001-05-13,2027.0918323441276
2001-05-14,1884.6885941388744
2001-05-15,2031.4907863213173
2001-05-16,2142.3733115375358
2001-05-17,1861.6496318627394
2001-05-18,1944.709753102319
2001-05-19,1984.1770908829453
2001-05-20,2006.2147068682693
2001-05-21,1831.6112490695086
2001-05-22,1610.1640970958679
2001-05-23,1535.8500029292934
2001-05-24,1422.678066024652
2001-05-25,1381.8920956184195
2001-05-26,1289.1344702454398
2001-05-27,1412.8406673901263
2001-05-28,1430.2022075193324
2001-05-29,1382.4670411678983
2001-05-30,1608.122742676281
2001-05-31,1568.9485699591405
2001-06-01,1109.5240745325036
2001-06-02,1051.1881570972314
2001-06-03,1148.3015403445718
2001-06-04,946.3932311907315
2001-06-05,1095.4606459029515
2001-06-06,1000.4869522300601
2001-06-07,1482.9619196365418
2001-06-08,1416.257569150843
2001-06-09,1131.570209469148
2001-06-10,1072.42579756192
2001-06-11,1096.2258574541377
2001-06-12,1107.3112509076116
2001-06-13,1119.8551404832992
2001-06-14,1016.3687237234824
2001-06-15,998.5690696137998
2001-06-16,1129.218995736
2001-06-17,1112.0039741924356
2001-06-18,1123.0145398003076
2001-06-19,1185.1700042644766
2001-06-20,1316.958447632634
2001-06-21,1375.8198104380074
2001-06-22,1273.510175851616
2001-06-23,1188.4065307748865
2001-06-24,1196.399745389913
2001-06-25,1056.5798081411722
2001-06-26,1007.6927727786258
2001-06-27,1037.6350427438667
2001-06-28,949.6343708308078
2001-06-29,745.3793617614056
2001-06-30,744.2937656368725
2001-07-01,713.9455265177716
2001-07-02,820.3437776943183
2001-07-03,820.4726469452673
2001-07-04,1031.2643907783024
2001-07-05,1068.0425337159527
2001-07-06,1052.3317622067743
2001-07-07,938.802598279825
2001-07-08,785.0280676046722
2001-07-09,767.3534961905281
2001-07-10,733.9141997910564
2001-07-11,717.3939983863576
2001-07-12,811.8751894199644
2001-07-13,971.4390644055983
2001-07-14,880.8671563543003
2001-07-15,1155.9579726859654
2001-07-16,1217.4602025126105
2001-07-17,2005.0326336618696
2001-07-18,2698.7385836439034
2001-07-19,3173.4843221484684
2001-07-20,3197.96642461255
2001-07-21,2830.0097400081695
2001-07-22,2659.34017031418
2001-07-23,2425.546058513634
2001-07-24,2323.9920414488392
2001-07-25,2187.8706482255257
2001-07-26,1891.653826550601
2001-07-27,1843.2455040669554
2001-07-28,1846.0959390228222
2001-07-29,1483.0974112881345
2001-07-30,1677.5887745063676
2001-07-31,1973.3991610070173
2001-08-01,3129.7866433283352
2001-08-02,4196.782185367933
2001-08-03,4593.659775958441
2001-08-04,4593.65977595844
2001-08-05,4946.245075615424
2001-08-06,4544.090504488374
2001-08-07,4156.5207305829
2001-08-08,3609.5322788239378
2001-08-09,3305.854303963336
2001-08-10,3149.609408512805
2001-08-11,3043.3168441153175
2001-08-12,3035.7469066333765
2001-08-13,3011.2002557871147
2001-08-14,2994.777598709615
2001-08-15,3027.224883151188
2001-08-16,3040.4597565634454
2001-08-17,3049.2712144430866
2001-08-18,2674.78660873169
2001-08-19,3009.964284936545
2001-08-20,3538.2436385857213
2001-08-21,3592.041029469988
2001-08-22,3797.518708843931
2001-08-23,3616.7107233218317
2001-08-24,4061.9245906437714
2001-08-25,4666.74705163377
2001-08-26,4428.018633998562
2001-08-27,4251.368328285801
2001-08-28,4442.611881192016
2001-08-29,4304.760003335553
2001-08-30,4289.350218936298
2001-08-31,4099.228885076252
2001-09-01,3974.0690417630803
2001-09-02,3361.4227703679176
2001-09-03,3066.3403061349213
2001-09-04,3257.5292749893256
2001-09-05,3225.386637739395
2001-09-06,3372.5035351366178
2001-09-07,3482.468411709585
2001-09-08,3343.705499998922
2001-09-09,3505.778432275394
2001-09-10,3489.410266794593
2001-09-11,3310.232372701389
2001-09-12,3194.4102153802614
2001-09-13,3504.9969037508217
2001-09-14,3547.774844698075
2001-09-15,3517.2566509182766
2001-09-16,3741.7371726881534
2001-09-17,4093.61650632456
2001-09-18,4030.8319679397455
2001-09-19,4200.853582535256
2001-09-20,4133.756567469231
2001-09-21,3980.1303186523683
2001-09-22,3887.728421643624
2001-09-23,3876.3807577568373
2001-09-24,3619.486919473574
2001-09-25,3196.229789933522
2001-09-26,3090.642736977906
2001-09-27,3164.4263880904305
2001-09-28,3216.3570415094496
2001-09-29,2896.336534835111
2001-09-30,2704.725459160153
2001-10-01,2629.1033179085857
2001-10-02,2339.7014790435737
2001-10-03,2491.607287933866
2001-10-04,2636.6469167034434
2001-10-05,3051.962568383572
2001-10-06,3256.6519858522997
2001-10-07,3251.9950626894465
2001-10-08,3190.5469148579855
2001-10-09,3211.11286338273
2001-10-10,3245.7728102184446
2001-10-11,3274.304152535817
2001-10-12,3269.6952021022676
2001-10-13,3085.697461346018
2001-10-14,3047.5224115780484
2001-10-15,3296.0245969428915
2001-10-16,3311.755065808108
2001-10-17,3233.0751907283434
2001-10-18,3247.134065264095
2001-10-19,3437.218358019775
2001-10-20,3295.18255937965
2001-10-21,3035.0316928106117
2001-10-22,2989.699377814941
2001-10-23,3014.33965300961
2001-10-24,3057.134733725702
2001-10-25,2931.468065540389
2001-10-26,2907.420556991544
2001-10-27,2828.894460870341
2001-10-28,2889.5737935073507
2001-10-29,2679.5124559451483
2001-10-30,2737.7787090881175
2001-10-31,2728.286890280282
2001-11-01,2697.678419395735
2001-11-02,2468.6310003498565
2001-11-03,2470.202276938453
2001-11-04,2461.090672792532
2001-11-05,2466.5880331364
2001-11-06,2311.768495522128
2001-11-07,2438.8794681489308
2001-11-08,2558.7849119107345
2001-11-09,2503.906492213411
2001-11-10,2606.6326400082144
2001-11-11,2656.4124924054217
2001-11-12,2494.1283784396933
2001-11-13,2439.268584523305
2001-11-14,2539.6336109957
2001-11-15,2550.0981594404084
2001-11-16,2599.803200880284
2001-11-17,2367.1570787488286
2001-11-18,2349.99368963424
2001-11-19,2271.547944493171
2001-11-20,2121.6018559537333
2001-11-21,2110.8068352350924
2001-11-22,1997.7218180534987
2001-11-23,1888.7499791578618
2001-11-24,1874.3256800383579
2001-11-25,1715.6993659524924
2001-11-26,1779.9682294244324
2001-11-27,1744.5606175459038
2001-11-28,1682.8904485131734
2001-11-29,1814.4302749525893
2001-11-30,1781.4639585722662
2001-12-01,1804.2135133919237
2001-12-02,1918.4732748473552
2001-12-03,1872.7690010782683
2001-12-04,1816.9911502229068
2001-12-05,2009.1708570138944
2001-12-06,2011.5156669707617
2001-12-07,1915.30212161741
2001-12-08,1780.6541642866052
2001-12-09,1678.5888183746222
2001-12-10,1678.233490787284
2001-12-11,1731.278816989348
2001-12-12,1658.513178518319
2001-12-13,1586.2368486674366
2001-12-14,1729.1143239598885
2001-12-15,1773.986310276861
2001-12-16,1745.9383380977295
2001-12-17,1691.562076283449
2001-12-18,1703.919044772906
2001-12-19,1764.6768384298384
2001-12-20,1892.5886273846395
2001-12-21,1807.2514680498807
2001-12-22,1745.661587771784
2001-12-23,1689.1378967197043
2001-12-24,1570.0740874742291
2001-12-25,1652.276209506904
2001-12-26,1679.3518331411783
2001-12-27,1608.6241305075775
2001-12-28,1670.3766923325177
2001-12-29,1697.6846764728928
2001-12-30,1729.0623344189723
2001-12-31,1701.0423803121191
2002-01-01,1879.5341781489135
2002-01-02,1856.6063583845762
2002-01-03,1791.3356956513803
2002-01-04,1763.7268699923989
2002-01-05,1743.1376706944013
2002-01-06,1685.9747753784777
2002-01-07,1667.3148624921682
2002-01-08,1641.8518037800377
2002-01-09,1554.0505311411237
2002-01-10,1571.3582375799867
2002-01-11,1364.7063275765074
2002-01-12,1463.6098154476124
2002-01-13,1465.9823963336285
2002-01-14,1436.5616321278883
2002-01-15,1404.5833125190215
2002-01-16,1271.2006792133598
2002-01-17,1246.2324849429058
2002-01-18,1379.5876778471531
2002-01-19,1501.1262522155937
2002-01-20,1369.2296438818378
2002-01-21,1424.492434583635
2002-01-22,1604.1257644483544
2002-01-23,1790.4897666767656
2002-01-24,1890.1078332946015
2002-01-25,1806.3398217201257
2002-01-26,1755.6033062823537
2002-01-27,1625.6475405080653
2002-01-28,1451.4214355680574
2002-01-29,1422.3382440592716
2002-01-30,1419.6259438544917
2002-01-31,1445.0383042735527
2002-02-01,1448.5012634690902
2002-02-02,1480.0619448053737
2002-02-03,1481.545586911525
2002-02-04,1526.1337341372102
2002-02-05,1512.0175605213287
2002-02-06,1381.053544440898
2002-02-07,1364.5418400123895
2002-02-08,1377.7683053422625
2002-02-09,1386.804037555748
2002-02-10,1345.2466034113918
2002-02-11,1249.7234400060152
2002-02-12,1443.6928479578382
2002-02-13,1420.5927502587338
2002-02-14,1440.2562201553483
2002-02-15,1544.4737114897018
2002-02-16,1578.097105045356
2002-02-17,1477.5066555093417
2002-02-18,1429.3504611238166
2002-02-19,1551.4850776937794
2002-02-20,1657.087521107674
2002-02-21,1527.5915204875669
2002-02-22,1514.3764673048079
2002-02-23,1490.6579913171104
2002-02-24,1435.6954774489998
2002-02-25,1362.8731976488814
2002-02-26,1268.2699574196163
2002-02-27,1314.6249135415935
2002-02-28,1350.0565355096865
2002-03-01,1286.8134020559369
2002-03-02,1269.3177115899996
2002-03-03,1203.923133971716
2002-03-04,1193.7286204194686
2002-03-05,1297.441260395396
2002-03-06,1323.9469546948828
2002-03-07,1309.1416106114207
2002-03-08,1246.9666008043353
2002-03-09,1291.5511563193888
2002-03-10,1310.5777811644737
2002-03-11,1301.8053796696615
2002-03-12,1286.5568531240513
2002-03-13,1402.2446861977226
2002-03-14,1375.2572296716464
2002-03-15,1372.973830445332
2002-03-16,1412.6745635251568
2002-03-17,1404.3065486965
2002-03-18,1369.4043784327557
2002-03-19,1349.580132914612
2002-03-20,1259.405361042202
2002-03-21,1240.3112884891857
2002-03-22,1158.0434839983727
2002-03-23,1033.0132968146593
2002-03-24,1113.541226605896
2002-03-25,1143.148169043597
2002-03-26,1187.7020731395503
2002-03-27,1140.1390019845196
2002-03-28,1205.0444871539394
2002-03-29,1306.4379779762078
2002-03-30,1225.2457465337773
2002-03-31,1179.8152034236462
2002-04-01,1218.0807535121603
2002-04-02,1270.4958384293386
2002-04-03,1293.1338405638162
2002-04-04,1313.8709311558478
2002-04-05,1334.4008866004817
2002-04-06,1250.9703128003346
2002-04-07,1210.9906324478104
2002-04-08,1372.5898042264537
2002-04-09,1381.20063730007
2002-04-10,1307.692889767286
2002-04-11,1295.9997540018278
2002-04-12,1312.985085409774
2002-04-13,1325.1882073839176
2002-04-14,1266.4473325047272
2002-04-15,1282.4931691808167
2002-04-16,1333.3207036511515
2002-04-17,1397.147525091782
2002-04-18,1446.6197165205729
2002-04-19,1394.4417408717268
2002-04-20,1507.2268089832771
2002-04-21,1478.5399940377645
2002-04-22,1501.6638377474253
2002-04-23,1475.849297651766
2002-04-24,1453.2677043444523
2002-04-25,1507.5836349999838
2002-04-26,1784.5334819916948
2002-04-27,2161.8855251165173
2002-04-28,2217.1741402130137
2002-04-29,2177.431932568528
2002-04-30,2132.700703889884
2002-05-01,2021.7573750935017
2002-05-02,1848.0863186433362
2002-05-03,1685.9816662277822
2002-05-04,1713.9961401138564
2002-05-05,1571.1244599186166
2002-05-06,1545.6546112350306
2002-05-07,1450.2477659621325
2002-05-08,1436.3292012711277
2002-05-09,1441.0967209639055
2002-05-10,1357.482019089635
2002-05-11,1375.6297216639066
2002-05-12,1356.9648697160053
2002-05-13,1300.1057933328864
2002-05-14,1686.4179776664378
2002-05-15,2029.0027683450598
2002-05-16,2230.5472381781196
2002-05-17,2096.0036407167704
2002-05-18,2004.3092658788028
2002-05-19,2230.329845028276
2002-05-20,2269.650745312727
2002-05-21,2227.335691945561
2002-05-22,2114.5449003484187
2002-05-23,1906.7135479847434
2002-05-24,1758.3691759141389
2002-05-25,1584.8155072244244
2002-05-26,1506.7189024631664
2002-05-27,1511.6531785421685
2002-05-28,1488.2592163522988
2002-05-29,1447.1280255627125
2002-05-30,1607.7389427964117
2002-05-31,1691.5678273718197
2002-06-01,1443.8033490361063
2002-06-02,1358.5975880059839
2002-06-03,1378.523909465175
2002-06-04,1488.6106634288578
2002-06-05,1275.491222463554
2002-06-06,1049.3959318338393
2002-06-07,1007.7672209630101
2002-06-08,897.5998652160954
2002-06-09,860.4929923135516
2002-06-10,1371.7963134161225
2002-06-11,1292.817192844183
2002-06-12,1304.0787711783978
2002-06-13,1494.6415879963117
2002-06-14,1711.8069084622894
2002-06-15,1729.993033492382
2002-06-16,2037.1870825060375
2002-06-17,2219.4026108175754
2002-06-18,2402.0090517810504
2002-06-19,2356.397248415336
2002-06-20,2277.666954324837
2002-06-21,2563.285541972905
2002-06-22,2565.3968952443543
2002-06-23,2227.443993754004
2002-06-24,2098.0919214354967
2002-06-25,1799.480837270372
2002-06-26,1512.7947700517668
2002-06-27,1350.0421934082467
2002-06-28,1193.1143498951833
2002-06-29,1236.6858391897879
2002-06-30,1159.8917209073497
2002-07-01,1268.3194750120297
2002-07-02,1643.6984506736985
2002-07-03,1949.9104737644395
2002-07-04,1762.395802278679
2002-07-05,1771.1591941878446
2002-07-06,1912.514156255727
2002-07-07,1690.6826571225415
2002-07-08,1380.4555091176471
2002-07-09,1148.1793974537768
2002-07-10,1257.0996518495883
2002-07-11,1255.258335280481
2002-07-12,1253.6171316836396
2002-07-13,1306.1915665705365
2002-07-14,1311.8296145457623
2002-07-15,1462.309289778734
2002-07-16,1457.3650975041705
2002-07-17,1647.8442370911546
2002-07-18,1515.858518598709
2002-07-19,1488.7237686521994
2002-07-20,2132.2433537459965
2002-07-21,1729.4600627160082
2002-07-22,1846.356851556011
2002-07-23,2250.0933890560214
2002-07-24,3322.502177213594
2002-07-25,3449.7570615505592
2002-07-26,4154.24313987301
2002-07-27,3840.090556584669
2002-07-28,3646.6344046131308
2002-07-29,3710.4056075789754
2002-07-30,3749.972985999333
2002-07-31,3502.5428431548094
2002-08-01,3335.75269905372
2002-08-02,3176.8405861848455
2002-08-03,2452.3989212823844
2002-08-04,2755.5330778434395
2002-08-05,2752.984169513826
2002-08-06,2817.9043233123775
2002-08-07,2898.3528120038377
2002-08-08,2786.1015979576096
2002-08-09,2775.2322912273203
2002-08-10,2425.6614502041652
2002-08-11,2011.1912388491678
2002-08-12,2103.334385851727
2002-08-13,2175.531223942133
2002-08-14,2388.436719161643
2002-08-15,2339.1812832999035
2002-08-16,2447.9380770970156
2002-08-17,2324.356053884485
2002-08-18,2321.5601076872736
2002-08-19,2238.7785194641733
2002-08-20,2364.676851340498
2002-08-21,2374.453562782564
2002-08-22,2491.51209436204
2002-08-23,2996.7660722553364
2002-08-24,2979.7431519337297
2002-08-25,3126.712638591831
2002-08-26,2950.088780340476
2002-08-27,2917.8301167932445
2002-08-28,3125.431477440709
2002-08-29,2995.607924971833
2002-08-30,2959.4988626676245
2002-08-31,3151.8922351290726
2002-09-01,3176.5863660325954
2002-09-02,2996.969307835405
2002-09-03,2917.9548560480043
2002-09-04,2577.773491422428
2002-09-05,2676.3080525051732
2002-09-06,2623.970816407244
2002-09-07,2732.634716214569
2002-09-08,2775.954610491972
2002-09-09,2601.550257306407
2002-09-10,2564.2539869200023
2002-09-11,2415.3800557878913
2002-09-12,2497.4761996067086
2002-09-13,2347.553285639556
2002-09-14,2461.8985512356444
2002-09-15,2769.711970646594
2002-09-16,2847.8204062526756
2002-09-17,2769.1526848249027
2002-09-18,2753.460139840455
2002-09-19,2899.866283941917
2002-09-20,2798.8089699812936
2002-09-21,2756.4055053135467
2002-09-22,2494.5260191826796
2002-09-23,2381.219013957758
2002-09-24,2284.269241894201
2002-09-25,1959.2339925901815
2002-09-26,1759.2104938443767
2002-09-27,1987.3070239259553
2002-09-28,2171.3414490170226
2002-09-29,2185.1385914699244
2002-09-30,2336.272209905533
2002-10-01,2504.0909150387315
2002-10-02,2674.2998528594644
2002-10-03,2819.013423441666
2002-10-04,2798.419272594963
2002-10-05,2773.632989849766
2002-10-06,2601.6696066766513
2002-10-07,2708.113707531036
2002-10-08,2551.9182724509756
2002-10-09,2537.042856925897
2002-10-10,2636.0848494165957
2002-10-11,2620.0761013591728
2002-10-12,2592.698720567163
2002-10-13,2496.7339575184665
2002-10-14,2626.567645961311
2002-10-15,2589.046135947339
2002-10-16,2566.009288669163
2002-10-17,2525.7347383258066
2002-10-18,2586.2078907087216
2002-10-19,2604.7837761417622
2002-10-20,2470.1193570193063
2002-10-21,2561.4536445563667
2002-10-22,2558.1917335652047
2002-10-23,2510.598266109003
2002-10-24,2420.2987523425545
2002-10-25,2437.6120203618184
2002-10-26,2478.6289637039968
2002-10-27,2460.4572640514893
2002-10-28,2519.7361142254567
2002-10-29,2319.8089699942498
2002-10-30,2295.393374967343
2002-10-31,2269.0296090399106
2002-11-01,2291.658647689567
2002-11-02,2274.8973310974675
2002-11-03,2334.8963036198043
2002-11-04,2308.636992500536
2002-11-05,2327.6108872943137
2002-11-06,2252.8739070883275
2002-11-07,2093.679785455702
2002-11-08,1958.7323894608603
2002-11-09,1814.1378025492368
2002-11-10,1839.7474919270826
2002-11-11,1830.9817369091952
2002-11-12,1558.7665169226548
2002-11-13,1667.8481929295447
2002-11-14,1711.4998018926601
2002-11-15,1764.1062772498396
2002-11-16,1730.451901654329
2002-11-17,1735.5649679514818
2002-11-18,1676.1900662748758
2002-11-19,1596.8394258229882
2002-11-20,1702.3866715339734
2002-11-21,1620.0765631975414
2002-11-22,1549.4498682854912
2002-11-23,1402.964558499085
2002-11-24,1520.5361444490384
2002-11-25,1456.1317068390454
2002-11-26,1460.9305433725344
2002-11-27,1463.4097763529394
2002-11-28,1543.391805838247
2002-11-29,1603.2146313825206
2002-11-30,1577.6171766522953
2002-12-01,1566.8052968991162
2002-12-02,1606.1145194584894
2002-12-03,1650.0180143030095
2002-12-04,1640.2190389361742
2002-12-05,1616.7811313137117
2002-12-06,1620.8668424126708
2002-12-07,1580.8651171824104
2002-12-08,1528.309325172039
2002-12-09,1473.106718659409
2002-12-10,1586.3613096665135
2002-12-11,1526.0073588530668
2002-12-12,1657.6720205058132
2002-12-13,1732.3954597019892
2002-12-14,1615.9906929448832
2002-12-15,1559.1074457695718
2002-12-16,1532.6193474663967
2002-12-17,1479.1703259117305
2002-12-18,1426.7145082195336
2002-12-19,1495.6305661514605
2002-12-20,1571.5145572544886
2002-12-21,1585.3977448859414
2002-12-22,1691.5385817246508
2002-12-23,1670.601492821245
2002-12-24,1711.1651675513015
2002-12-25,1726.018855025986
2002-12-26,1642.4547415096044
2002-12-27,1519.2752881878196
2002-12-28,1545.1964807377778
2002-12-29,1543.5386390524661
2002-12-30,1445.2198849342233
2002-12-31,1370.821750453957
2003-01-01,1407.9932048901142
2003-01-02,1476.8191840598313
2003-01-03,1417.7776855284076
2003-01-04,1427.7220455815257
2003-01-05,1372.7867408528907
2003-01-06,1418.1396133558658
2003-01-07,1513.2964189357854
2003-01-08,1458.9156296683823
2003-01-09,1563.8554436823051
2003-01-10,1553.4444110977506
2003-01-11,1554.336321436249
2003-01-12,1636.4320962564261
2003-01-13,1545.5272016539102
2003-01-14,1547.757644639788
2003-01-15,1540.6294135058001
2003-01-16,1526.5817285730604
2003-01-17,1492.931307271254
2003-01-18,1426.9251993211765
2003-01-19,1541.5210535703793
2003-01-20,1493.0543317845459
2003-01-21,1440.5304507664341
2003-01-22,1374.9918278017844
2003-01-23,1361.7299545228161
2003-01-24,1316.8128314383075
2003-01-25,1345.686566089311
2003-01-26,1330.5057737672512
2003-01-27,1302.2399286833947
2003-01-28,1277.3711753347268
2003-01-29,1367.9172184246695
2003-01-30,1297.9503917248976
2003-01-31,1230.2153197237778
2003-02-01,1105.5113299432373
2003-02-02,1227.4216697348877
2003-02-03,1264.4537414608983
2003-02-04,1215.2564032694054
2003-02-05,1212.15472670795
2003-02-06,1415.113057334933
2003-02-07,1384.9364684094246
2003-02-08,1405.9487170849286
2003-02-09,1278.2763804046592
2003-02-10,1226.8139250454144
2003-02-11,1260.1182907813065
2003-02-12,1381.8929079139464
2003-02-13,1426.9451006288045
2003-02-14,1413.9877576615222
2003-02-15,1375.806577738477
2003-02-16,1338.9744983967096
2003-02-17,1248.3059186010105
2003-02-18,1237.2075985506197
2003-02-19,1208.0614546633494
2003-02-20,1206.7253573318205
2003-02-21,1303.1731766874198
2003-02-22,1311.9649159616297
2003-02-23,1388.4526863923209
2003-02-24,1348.3991911889705
2003-02-25,1423.439760461324
2003-02-26,1429.9625348714244
2003-02-27,1357.6239093428146
2003-02-28,1328.3237755095474
2003-03-01,1324.090296624445
2003-03-02,1315.3930411532187
2003-03-03,1284.402549680179
2003-03-04,1390.0070992262713
2003-03-05,1422.96361455237
2003-03-06,1288.4536012220535
2003-03-07,1304.5474646912323
2003-03-08,1292.4427958336864
2003-03-09,1360.5858225142022
2003-03-10,1360.0241528520735
2003-03-11,1399.875942187212
2003-03-12,1453.431583967036
2003-03-13,1608.2988608173266
2003-03-14,1665.37242027432
2003-03-15,1653.5250328195787
2003-03-16,1618.4296623594455
2003-03-17,1569.8309891072238
2003-03-18,1554.9159386243357
2003-03-19,1533.774668360413
2003-03-20,1502.6071832099155
2003-03-21,1535.8956833576715
2003-03-22,1492.5620074461717
2003-03-23,1490.9929331746341
2003-03-24,1447.7497199714146
2003-03-25,1503.4795491020757
2003-03-26,1606.0736935918962
2003-03-27,1641.2696933693358
2003-03-28,1574.857603641271
2003-03-29,1468.6959942250944
2003-03-30,1568.2494751940383
2003-03-31,1562.319277649111
2003-04-01,1584.896762318946
2003-04-02,1513.461123990525
2003-04-03,1513.4501290994403
2003-04-04,1626.0616069749965
2003-04-05,1553.9613979601256
2003-04-06,1602.7251058556906
2003-04-07,1595.354877095688
2003-04-08,1604.8408404980353
2003-04-09,1437.7989778209105
2003-04-10,1475.802744627654
2003-04-11,1464.9895200356389
2003-04-12,1526.6671387934286
2003-04-13,1398.4105884898358
2003-04-14,1298.510943390054
2003-04-15,1184.9838167945964
2003-04-16,1176.8249614592776
2003-04-17,1373.7219220519285
2003-04-18,1340.7831469052483
2003-04-19,1269.2541043129972
2003-04-20,1224.8277667798689
2003-04-21,1453.8457611040064
2003-04-22,1594.2166952610924
2003-04-23,1490.3905672298174
2003-04-24,1404.5405721700402
2003-04-25,1334.1098439771808
2003-04-26,1267.065915113296
2003-04-27,1260.0595324582923
2003-04-28,1239.910135704074
2003-04-29,1617.3984618524546
2003-04-30,1503.178895342949
2003-05-01,1355.728079526338
2003-05-02,1265.7856857066681
2003-05-03,1231.600025748572
2003-05-04,1184.0601081006282
2003-05-05,1188.2608101419037
2003-05-06,1151.6412187983628
2003-05-07,1239.917081068515
2003-05-08,1221.2317701082052
2003-05-09,1151.3166675317923
2003-05-10,1119.5125809004612
2003-05-11,1125.2630911373014
2003-05-12,1116.4751012275426
2003-05-13,1065.1579675533646
2003-05-14,1079.7829392783044
2003-05-15,1098.5020272058177
2003-05-16,1139.5598906732457
2003-05-17,1257.345441974841
2003-05-18,1350.769680674154
2003-05-19,1405.0957539004157
2003-05-20,1314.9941465014404
2003-05-21,1279.5850792971353
2003-05-22,1789.7726871524994
2003-05-23,1912.722468108482
2003-05-24,2153.716177154582
2003-05-25,2127.820616466184
2003-05-26,2105.552027663027
2003-05-27,1945.8924223837978
2003-05-28,1939.8640627554023
2003-05-29,1817.3784519921596
2003-05-30,1585.9313829807438
2003-05-31,1439.8872403528899
2003-06-01,1356.9003111455002
2003-06-02,1496.001247026071
2003-06-03,1234.4841981431812
2003-06-04,1113.169991075464
2003-06-05,1050.246391418869
2003-06-06,1524.8640920664623
2003-06-07,1587.4601543734652
2003-06-08,1725.2996635763297
2003-06-09,1864.5008310711582
2003-06-10,1774.7263117849961
2003-06-11,1742.4947074470535
2003-06-12,1835.4109935718088
2003-06-13,1871.0548689495286
2003-06-14,1857.2483689898625
2003-06-15,1895.76014629999
2003-06-16,2524.985418080715
2003-06-17,2703.3153931475913
2003-06-18,2796.4958271652713
2003-06-19,2694.265030132648
2003-06-20,2629.0095426405223
2003-06-21,2228.904628703439
2003-06-22,1839.6484382553754
2003-06-23,1810.4046697074323
2003-06-24,1612.3932299298945
2003-06-25,1460.3108098135438
2003-06-26,1204.329075875789
2003-06-27,1199.8363936913224
2003-06-28,1387.8286386428463
2003-06-29,1326.954423306931
2003-06-30,1143.2311648188056
2003-07-01,1684.770920591343
2003-07-02,1874.747348270634
2003-07-03,1895.3950924347776
2003-07-04,2118.4481308297118
2003-07-05,2232.0363095176804
2003-07-06,2303.7959117919104
2003-07-07,2357.736851300005
2003-07-08,2014.736995540542
2003-07-09,1968.16639770565
2003-07-10,2262.685891052239
2003-07-11,2345.416521628092
2003-07-12,2325.1511211051065
2003-07-13,2322.9089949383224
2003-07-14,1981.502550664091
2003-07-15,2003.1724914761078
2003-07-16,1792.193904323888
2003-07-17,1703.0621745781038
2003-07-18,1645.4349704366894
2003-07-19,1819.6429893564837
2003-07-20,1834.3149218245449
2003-07-21,1622.6475597390822
2003-07-22,1731.924781172453
2003-07-23,1805.6998085825883
2003-07-24,1703.6142961149858
2003-07-25,1660.0560984952401
2003-07-26,1589.2618324297885
2003-07-27,1793.9778508180075
2003-07-28,1636.1207028306985
2003-07-29,1643.0302727175965
2003-07-30,1497.1983599368684
2003-07-31,1949.294877485181
2003-08-01,2740.327109600629
2003-08-02,3181.252783814315
2003-08-03,3647.0380539685225
2003-08-04,3729.2598529973775
2003-08-05,3665.5687386872605
2003-08-06,3411.9115271787336
2003-08-07,3051.9935881153474
2003-08-08,2848.354950505129
2003-08-09,2539.669464502764
2003-08-10,2505.3801046004833
2003-08-11,2329.684107318741
2003-08-12,2368.423708490592
2003-08-13,2339.945066370274
2003-08-14,2543.9179107702225
2003-08-15,2455.631905519716
2003-08-16,2262.134596970349
2003-08-17,2315.934441200852
2003-08-18,2283.281932799066
2003-08-19,2072.6030822434436
2003-08-20,2416.3811797183184
2003-08-21,3047.0739532594193
2003-08-22,3323.017671214085
2003-08-23,3503.939525510525
2003-08-24,3614.8814562745442
2003-08-25,3525.2864771266213
2003-08-26,3496.321273142847
2003-08-27,3324.1055163596907
2003-08-28,3121.886901200462
2003-08-29,2734.0542982433626
2003-08-30,2902.7272080052267
2003-08-31,2948.0658101003937
2003-09-01,2998.723320488953
2003-09-02,3328.927373966033
2003-09-03,3588.5053952468306
2003-09-04,3453.126866791525
2003-09-05,3590.9189793017663
2003-09-06,3741.7535331246822
2003-09-07,3396.6322997450848
2003-09-08,3405.400609770075
2003-09-09,3350.6759061098523
2003-09-10,3376.136791511007
2003-09-11,3175.7310184941875
2003-09-12,3089.6797229761614
2003-09-13,3191.447828519193
2003-09-14,3094.31009669815
2003-09-15,3011.4831557327516
2003-09-16,2966.8850539106484
2003-09-17,3056.9254472007487
2003-09-18,2976.820111773464
2003-09-19,2976.538184848633
2003-09-20,3055.0223234327595
2003-09-21,3092.213434333457
2003-09-22,2917.461749270833
2003-09-23,2615.6452313514696
2003-09-24,2776.4952861294023
2003-09-25,2693.726416676249
2003-09-26,2677.746844851366
2003-09-27,2673.6802864152905
2003-09-28,2857.0135677173093
2003-09-29,2699.539860230475
2003-09-30,2596.501282161622
2003-10-01,2700.5499337758474
2003-10-02,2718.6731990348494
2003-10-03,2905.1498575243577
2003-10-04,3063.2073346520447
2003-10-05,3162.2276047463597
2003-10-06,3223.5186392454134
2003-10-07,2905.570737832554
2003-10-08,2666.2558422215675
2003-10-09,2404.0140211648927
2003-10-10,2650.8484697557615
2003-10-11,2837.115073787926
2003-10-12,2986.255446060497
2003-10-13,3288.125303781866
2003-10-14,3516.981694690153
2003-10-15,3353.2719114995734
2003-10-16,3267.4701998778596
2003-10-17,3449.0693291433645
2003-10-18,3363.320253153403
2003-10-19,3137.720997889599
2003-10-20,3297.1834896510727
2003-10-21,3394.172702917993
2003-10-22,3237.9515097093376
2003-10-23,3058.27631123051
2003-10-24,2603.811191183755
2003-10-25,2546.354270048619
2003-10-26,2645.2606955739902
2003-10-27,2804.0487467001753
2003-10-28,2781.278760939226
2003-10-29,2804.678191248272
2003-10-30,2875.834742833769
2003-10-31,3204.010634904758
2003-11-01,3211.1310220751393
2003-11-02,2957.1321740551966
2003-11-03,2856.6454939000355
2003-11-04,2704.8368552644
2003-11-05,2571.4012434430197
2003-11-06,2723.829872514694
2003-11-07,2645.4247918412957
2003-11-08,2693.7867925721853
2003-11-09,2627.7743589188963
2003-11-10,2503.0014132143037
2003-11-11,2569.8618374888288
2003-11-12,2548.7646542473676
2003-11-13,2315.1475507808223
2003-11-14,2178.6806548953923
2003-11-15,2166.2238512316553
2003-11-16,2068.6181809673258
2003-11-17,2026.6624817554189
2003-11-18,1979.1842805965714
2003-11-19,1943.9129933943561
2003-11-20,2016.2433432011883
2003-11-21,2207.554337560497
2003-11-22,2159.146524634857
2003-11-23,2049.7906333126857
2003-11-24,1934.2059515304902
2003-11-25,1987.9268480365831
2003-11-26,1925.5044637375945
2003-11-27,1921.792241267272
2003-11-28,1917.0792224963022
2003-11-29,2025.6102296907093
2003-11-30,1915.6852973358841
2003-12-01,1961.812774025397
2003-12-02,1927.0332522212625
2003-12-03,1961.5729520740363
2003-12-04,2131.3380957614004
2003-12-05,2082.3429449841456
2003-12-06,1984.051030583479
2003-12-07,2001.9904979827131
2003-12-08,2068.985165551008
2003-12-09,1908.5134922377085
2003-12-10,1887.6022907113284
2003-12-11,2027.609596319559
2003-12-12,2007.816574518939
2003-12-13,1777.2501968990427
2003-12-14,1718.636018281551
2003-12-15,1717.0170955900387
2003-12-16,1802.821799411493
2003-12-17,1676.7283940411578
2003-12-18,1692.9930710199249
2003-12-19,1695.2873337103722
2003-12-20,1684.2060646027269
2003-12-21,1753.7993687075343
2003-12-22,1933.7965243285205
2003-12-23,1868.315669205992
2003-12-24,1784.0361037312757
2003-12-25,1877.4585159531557
2003-12-26,1948.7876702823094
2003-12-27,1873.884707467626
2003-12-28,1815.3971109716467
2003-12-29,1854.2888055127612
2003-12-30,1847.6529864211316
2003-12-31,1909.721018077186
2004-01-01,1627.0382973788417
2004-01-02,1696.1194486867373
2004-01-03,1749.6841483369974
2004-01-04,1845.4589170290244
2004-01-05,1725.7407851117632
2004-01-06,1700.3209752820796
2004-01-07,1723.226931554393
2004-01-08,1691.9567339430266
2004-01-09,1743.954100356141
2004-01-10,1769.1634598690523
2004-01-11,1680.5470048963232
2004-01-12,1591.740363907193
2004-01-13,1507.996391860966
2004-01-14,1608.855236486109
2004-01-15,1527.323709106473
2004-01-16,1636.804988307588
2004-01-17,1586.8553626044327
2004-01-18,1730.0636828011814
2004-01-19,1720.0426459599057
2004-01-20,1683.2159592744247
2004-01-21,1607.19813437566
2004-01-22,1531.6479769558491
2004-01-23,1400.9558542830734
2004-01-24,1366.341275677499
2004-01-25,1487.108561303303
2004-01-26,1562.0505621029051
2004-01-27,1527.1010014592182
2004-01-28,1493.3871230037505
2004-01-29,1603.3777709445972
2004-01-30,1698.6156542926005
2004-01-31,1698.313953186141
2004-02-01,1749.5670796096774
2004-02-02,1823.6715130121604
2004-02-03,1964.1355182296077
2004-02-04,1861.5843060892057
2004-02-05,1736.2013197795648
2004-02-06,1679.8555090085672
2004-02-07,1588.5603582606066
2004-02-08,1654.7502735219093
2004-02-09,1644.775737688933
2004-02-10,1533.020672884152
2004-02-11,1500.0714464139241
2004-02-12,1370.0852580719813
2004-02-13,1436.8303585719782
2004-02-14,1451.898555610429
2004-02-15,1472.8448035114338
2004-02-16,1425.5987413957312
2004-02-17,1429.4033523420383
2004-02-18,1374.86098401375
2004-02-19,1465.4357802020295
2004-02-20,1387.059377635083
2004-02-21,1398.9653168478983
2004-02-22,1372.5667233171368
2004-02-23,1426.7447090067317
2004-02-24,1455.6053892762236
2004-02-25,1456.1549618501003
2004-02-26,1366.220667226269
2004-02-27,1321.6725412719345
2004-02-28,1338.446223441453
2004-02-29,1345.7831647107323
2004-03-01,1414.588674778405
2004-03-02,1544.950827654553
2004-03-03,1462.2108020764465
2004-03-04,1484.0202408413093
2004-03-05,1554.7926318531108
2004-03-06,1559.3680203467304
2004-03-07,1521.97144177335
2004-03-08,1499.3742349669806
2004-03-09,1531.893523959202
2004-03-10,1470.1808323586476
2004-03-11,1393.0981638866695
2004-03-12,1317.3799954032224
2004-03-13,1360.6277090858946
2004-03-14,1294.8693688841058
2004-03-15,1338.0335851558293
2004-03-16,1288.144652458962
2004-03-17,1338.2872289329255
2004-03-18,1313.6163431492932
2004-03-19,1406.012557371296
2004-03-20,1346.3719306302878
2004-03-21,1422.3353634015855
2004-03-22,1369.6538520015642
2004-03-23,1346.1175903783974
2004-03-24,1501.75644688341
2004-03-25,1591.4571699361254
2004-03-26,1502.6834574142513
2004-03-27,1602.0162149118044
2004-03-28,1608.9499829819893
2004-03-29,1582.010086718907
2004-03-30,1515.2646678017948
2004-03-31,1519.371051838381
2004-04-01,1566.144686535626
2004-04-02,1411.6358611441485
2004-04-03,1398.60219327908
2004-04-04,1311.596472793769
2004-04-05,1295.9639135261796
2004-04-06,1271.4054950288935
2004-04-07,1332.150653082589
2004-04-08,1379.2225886572062
2004-04-09,1330.5038211900876
2004-04-10,1264.293553244344
2004-04-11,1234.3053556452764
2004-04-12,1327.0217006629919
2004-04-13,1373.8451498068168
2004-04-14,1434.617999018865
2004-04-15,1616.1808879676812
2004-04-16,1603.9236075318765
2004-04-17,1590.2135074989405
2004-04-18,1497.2324039022508
2004-04-19,1461.510232944403
2004-04-20,1389.3282190318034
2004-04-21,1343.271146058584
2004-04-22,1244.3923485157272
2004-04-23,1205.257268288444
2004-04-24,1326.992254407309
2004-04-25,1194.2965786112757
2004-04-26,1218.7866942348776
2004-04-27,1208.0924354996805
2004-04-28,1386.0088806122985
2004-04-29,1322.0680501026945
2004-04-30,1367.5257471002826
2004-05-01,1457.5236066517266
2004-05-02,1407.8730707163077
2004-05-03,1375.9988508096978
2004-05-04,1362.6343955617015
2004-05-05,1435.4276613656548
2004-05-06,1356.5934582389682
2004-05-07,1337.8683821876928
2004-05-08,1353.57997484376
2004-05-09,1282.9344998326326
2004-05-10,1340.9748694696475
2004-05-11,1422.1341649014514
2004-05-12,1500.3677811699133
2004-05-13,1441.644581816169
2004-05-14,1446.826950660885
2004-05-15,1444.5283639194029
2004-05-16,1572.9597815650002
2004-05-17,1654.3003401145318
2004-05-18,1964.8368292934674
2004-05-19,2140.192931926366
2004-05-20,2287.1719605608764
2004-05-21,2104.6323020946797
2004-05-22,1886.1859049248094
2004-05-23,1651.0800434551384
2004-05-24,1612.263778173872
2004-05-25,1572.4816303413636
2004-05-26,1540.1069336169603
2004-05-27,1408.700217280857
2004-05-28,1448.6990568561437
2004-05-29,1575.0329600358796
2004-05-30,1587.9113275731943
2004-05-31,1532.772207624063
2004-06-01,1827.8979506687037
2004-06-02,1990.558602999028
2004-06-03,1889.622678866672
2004-06-04,1897.6689207174277
2004-06-05,1814.1146060579354
2004-06-06,1747.0218009557339
2004-06-07,1526.6117437745959
2004-06-08,1495.575637187512
2004-06-09,1485.0528746653574
2004-06-10,1470.7330674726118
2004-06-11,1524.188202462705
2004-06-12,1670.7645603935982
2004-06-13,1562.8827943075303
2004-06-14,1615.160392818455
2004-06-15,1703.7039386083163
2004-06-16,1511.5843086038824
2004-06-17,1233.8964666234485
2004-06-18,1147.8059700518434
2004-06-19,1414.4585800490472
2004-06-20,1332.1815055916913
2004-06-21,1300.94056504985
2004-06-22,1417.755900687396
2004-06-23,1429.1774324415455
2004-06-24,1632.3372237373019
2004-06-25,1674.9318107436745
2004-06-26,1681.7712395243727
2004-06-27,1727.1230852984845
2004-06-28,1666.096942104755
2004-06-29,1907.4008066904403
2004-06-30,1980.4683022798959
2004-07-01,2092.7948914727913
2004-07-02,2030.8343887152596
2004-07-03,2007.2147032495404
2004-07-04,1579.7962978092307
2004-07-05,1490.9931076471394
2004-07-06,1297.902256789064
2004-07-07,1353.462765347754
2004-07-08,1303.824568272789
2004-07-09,1702.312026169599
2004-07-10,1630.0814044871636
2004-07-11,1591.6517964180862
2004-07-12,1909.890901341409
2004-07-13,2033.7111136570545
2004-07-14,2194.11907546576
2004-07-15,2109.50744677092
2004-07-16,1934.1296771723075
2004-07-17,2040.717678731116
2004-07-18,1766.5006077728106
2004-07-19,1808.2507159342538
2004-07-20,2083.70590869007
2004-07-21,1765.753432200521
2004-07-22,1948.8684105437346
2004-07-23,1958.2433280701634
2004-07-24,1769.9942314792233
2004-07-25,1818.146186333902
2004-07-26,1722.5145651254084
2004-07-27,1646.9480037111323
2004-07-28,1837.1844114057649
2004-07-29,1773.619400630254
2004-07-30,1581.1182690434214
2004-07-31,1774.45477256939
2004-08-01,1786.492152740079
2004-08-02,1818.0329098553193
2004-08-03,1833.4604676234064
2004-08-04,1918.8118730001427
2004-08-05,1954.5539754213917
2004-08-06,1897.6883943328085
2004-08-07,1958.941231783144
2004-08-08,2015.2675687621934
2004-08-09,1884.8681996234488
2004-08-10,1906.5577060187845
2004-08-11,1909.605123772504
2004-08-12,1983.266833789929
2004-08-13,1999.0866117277462
2004-08-14,2049.371133986987
2004-08-15,2010.225099078033
2004-08-16,2089.0193567524316
2004-08-17,1957.0085463452476
2004-08-18,2108.544313064476
2004-08-19,2157.843029145257
2004-08-20,2078.386832596745
2004-08-21,2199.4403048153313
2004-08-22,2265.202342517066
2004-08-23,2325.215797881158
2004-08-24,2246.3544146754807
2004-08-25,2190.811763207863
2004-08-26,2103.7048836050635
2004-08-27,2005.457151968797
2004-08-28,1915.4293799762866
2004-08-29,2053.935283171763
2004-08-30,2047.4887202948112
2004-08-31,2041.9148273790229
2004-09-01,2095.472800847387
2004-09-02,2152.7443083281396
2004-09-03,2047.0734624877773
2004-09-04,2020.1955409037682
2004-09-05,2072.2354270753626
2004-09-06,2217.5085901140133
2004-09-07,2295.0637103091867
2004-09-08,2287.374909859518
2004-09-09,2334.2047177755658
2004-09-10,2325.3005540040326
2004-09-11,2211.2400080923626
2004-09-12,2196.680780616623
2004-09-13,2323.6606842372535
2004-09-14,2181.9231526043336
2004-09-15,2117.0113607792896
2004-09-16,2080.3623598374024
2004-09-17,2128.3884386112218
2004-09-18,2006.7271746473798
2004-09-19,1901.8274984235431
2004-09-20,1847.889222869501
2004-09-21,1871.6235875313507
2004-09-22,2031.8980317590892
2004-09-23,1983.92928928805
2004-09-24,2062.4910956446633
2004-09-25,2114.481961320745
2004-09-26,2149.9143953617804
2004-09-27,2110.336903148532
2004-09-28,2063.3891766037923
2004-09-29,2126.0604359079234
2004-09-30,2061.0490830462704
2004-10-01,2148.522436629613
2004-10-02,1952.0061120866521
2004-10-03,1999.815417718453
2004-10-04,2020.890143414246
2004-10-05,2060.6508132604013
2004-10-06,2000.8900240984335
2004-10-07,2030.8301500451144
2004-10-08,1995.1533087687646
2004-10-09,2047.338945899294
2004-10-10,2176.649444181013
2004-10-11,2142.458609626526
2004-10-12,2282.706843046088
2004-10-13,2458.2083174291106
2004-10-14,2613.557350364497
2004-10-15,2561.0987763620874
2004-10-16,2581.522745083234
2004-10-17,2713.5474851161757
2004-10-18,2680.624455948369
2004-10-19,2709.271969618595
2004-10-20,2666.122677713095
2004-10-21,2673.201093262032
2004-10-22,2644.9609700432243
2004-10-23,2582.5079781110244
2004-10-24,2587.178865544518
2004-10-25,2474.7715755224403
2004-10-26,2332.0303244721244
2004-10-27,2292.1094395877226
2004-10-28,2369.354919807941
2004-10-29,2353.547310206963
2004-10-30,2405.991848077895
2004-10-31,2410.263157570293
2004-11-01,2403.5775772622696
2004-11-02,2435.2520948343204
2004-11-03,2528.7180735258166
2004-11-04,2667.2794169025806
2004-11-05,2467.8681869801903
2004-11-06,2374.7011493860064
2004-11-07,2260.0530027029536
2004-11-08,2318.81309168117
2004-11-09,2292.2959420503466
2004-11-10,2096.701573145052
2004-11-11,2034.9016981874706
2004-11-12,2002.4067065294644
2004-11-13,2017.9962590910804
2004-11-14,1961.240658677279
2004-11-15,1910.5718456420702
2004-11-16,1814.3932804033766
2004-11-17,1634.438609665135
2004-11-18,1517.2145294954294
2004-11-19,1540.114445702073
2004-11-20,1508.911407453282
2004-11-21,1500.8355303742221
2004-11-22,1549.334245521682
2004-11-23,1368.8882105068783
2004-11-24,1279.5757690448236
2004-11-25,1264.799602331076
2004-11-26,1160.5146763347668
2004-11-27,1178.8283008150177
2004-11-28,1111.2036446621871
2004-11-29,1246.11118585819
2004-11-30,1277.6286683677954
2004-12-01,1346.5029928213921
2004-12-02,1342.2359150180753
2004-12-03,1286.0632927243873
2004-12-04,1291.1915824315408
2004-12-05,1275.6322795418273
2004-12-06,1313.051515175614
2004-12-07,1310.9099347767515
2004-12-08,1313.416180003469
2004-12-09,1368.9000569772575
2004-12-10,1497.1499515178507
2004-12-11,1521.6552753486087
2004-12-12,1601.788612148627
2004-12-13,1605.0086774159045
2004-12-14,1580.1752714227136
2004-12-15,1689.6039282474032
2004-12-16,1567.071119298248
2004-12-17,1569.520243914698
2004-12-18,1516.4039541580505
2004-12-19,1621.63716490397
2004-12-20,1661.17272312456
2004-12-21,1596.4281704218088
2004-12-22,1592.551083281048
2004-12-23,1625.749356344812
2004-12-24,1629.336211077422
2004-12-25,1700.2796434195152
2004-12-26,1713.1104731478395
2004-12-27,1687.306248801042
2004-12-28,1671.2254709247318
2004-12-29,1626.7520254123317
2004-12-30,1587.2773563589203
2004-12-31,1549.3545845671215
2005-01-01,1569.17472830118
2005-01-02,1517.2273332012692
2005-01-03,1413.150464586981
2005-01-04,1444.7192652819879
2005-01-05,1420.1065108033022
2005-01-06,1539.9134231668022
2005-01-07,1539.8409877354934
2005-01-08,1435.449395218764
2005-01-09,1390.2009155900917
2005-01-10,1320.0529608394813
2005-01-11,1315.7515106017372
2005-01-12,1294.2801361261215
2005-01-13,1267.8205817477046
2005-01-14,1346.443643668524
2005-01-15,1272.709153425775
2005-01-16,1380.2588328154065
2005-01-17,1343.3003602764097
2005-01-18,1375.7209887291601
2005-01-19,1398.6926997027124
2005-01-20,1400.185840938156
2005-01-21,1462.9262870031253
2005-01-22,1382.6799414622972
2005-01-23,1370.3111648826998
2005-01-24,1349.0674832377808
2005-01-25,1466.6671600939449
2005-01-26,1432.5169053926652
2005-01-27,1410.4196037140794
2005-01-28,1360.7713700253569
2005-01-29,1322.956050645061
2005-01-30,1380.360568584544
2005-01-31,1327.749996643066
2005-02-01,1432.2666846865147
2005-02-02,1450.8582688256354
2005-02-03,1515.8833963243844
2005-02-04,1492.894722832527
2005-02-05,1515.299816784844
2005-02-06,1509.40275769169
2005-02-07,1415.2968205503244
2005-02-08,1404.6537184392607
2005-02-09,1428.7154502323249
2005-02-10,1471.0690423988726
2005-02-11,1432.7659189674125
2005-02-12,1564.3030245639393
2005-02-13,1638.17224938993
2005-02-14,1561.031486023369
2005-02-15,1506.6345934217777
2005-02-16,1542.1300083194576
2005-02-17,1456.6565880189216
2005-02-18,1375.4382487245437
2005-02-19,1365.512098883243
2005-02-20,1315.9250000744007
2005-02-21,1290.801169675934
2005-02-22,1312.846328101706
2005-02-23,1288.5379379655137
2005-02-24,1249.8868900831083
2005-02-25,1274.4381501705125
2005-02-26,1350.799236589044
2005-02-27,1318.175431572883
2005-02-28,1308.6019476053891
2005-03-01,1297.4710880940163
2005-03-02,1383.694908478217
2005-03-03,1300.3863730324288
2005-03-04,1339.1597027851967
2005-03-05,1356.5600309587596
2005-03-06,1425.630680516929
2005-03-07,1483.5442083766782
2005-03-08,1443.7690557375192
2005-03-09,1482.0932890099684
2005-03-10,1441.363576248928
2005-03-11,1455.529118533484
2005-03-12,1413.338174354939
2005-03-13,1365.9237412503107
2005-03-14,1362.0831614654473
2005-03-15,1381.0273233382622
2005-03-16,1367.175096384335
2005-03-17,1262.9210053442803
2005-03-18,1399.0142601344664
2005-03-19,1397.4255111050252
2005-03-20,1421.3618271819375
2005-03-21,1485.4108915424106
2005-03-22,1454.312589057097
2005-03-23,1429.583138979381
2005-03-24,1339.2291923397788
2005-03-25,1370.9467709969729
2005-03-26,1373.3304356762558
2005-03-27,1309.0013960197998
2005-03-28,1301.0731470135008
2005-03-29,1388.1117069358875
2005-03-30,1425.163181960067
2005-03-31,1331.014825361712
2005-04-01,1298.0006019874866
2005-04-02,1286.71486621547
2005-04-03,1339.7417675422255
2005-04-04,1281.591513151893
2005-04-05,1313.8894279909214
2005-04-06,1348.3174603667437
2005-04-07,1344.658600359825
2005-04-08,1314.3633459393645
2005-04-09,2144.319669320198
2005-04-10,2065.683794700738
2005-04-11,1951.0812189011933
2005-04-12,1897.4029575306906
2005-04-13,1821.6750198373866
2005-04-14,1791.4610112796381
2005-04-15,1848.3442201882972
2005-04-16,1764.9907505651195
2005-04-17,1770.3564178989952
2005-04-18,1738.3376035101635
2005-04-19,1549.886956434295
2005-04-20,1478.657792782117
2005-04-21,1505.718495223798
2005-04-22,1455.2434185592258
2005-04-23,1345.5590357126275
2005-04-24,1302.721934680784
2005-04-25,1373.7629825240024
2005-04-26,1427.8169910441884
2005-04-27,1513.4405513094048
2005-04-28,1516.4908559958226
2005-04-29,1477.647770026958
2005-04-30,1454.1951659472807
2005-05-01,1480.3789797720374
2005-05-02,1459.8521823455628
2005-05-03,1683.6769611398038
2005-05-04,1438.0785574224349
2005-05-05,1412.6543208591609
2005-05-06,1307.9694861506575
2005-05-07,1158.8674786373094
2005-05-08,1065.4188624824583
2005-05-09,1132.2519212377279
2005-05-10,1224.931332018099
2005-05-11,1214.6928595929378
2005-05-12,1322.2489647307236
2005-05-13,1355.7211773373901
2005-05-14,1277.6790795802358
2005-05-15,1172.93801087626
2005-05-16,1191.9232007753778
2005-05-17,1147.784383297918
2005-05-18,1150.5888696354975
2005-05-19,1133.495285176292
2005-05-20,1124.4472857791409
2005-05-21,1086.179638825954
2005-05-22,1050.4554567788025
2005-05-23,1080.429137149137
2005-05-24,1106.8679996024036
2005-05-25,1170.018226536997
2005-05-26,1202.0945903258107
2005-05-27,1221.8079518250956
2005-05-28,1379.7321798944533
2005-05-29,1386.4670787066943
2005-05-30,1403.1070907734882
2005-05-31,1335.2972767392002
2005-06-01,1403.6870554984027
2005-06-02,1425.1502156251292
2005-06-03,1385.3021807359166
2005-06-04,1627.2915549018633
2005-06-05,2078.890005133754
2005-06-06,2084.916368421633
2005-06-07,1953.5098581551836
2005-06-08,1812.414736193794
2005-06-09,1677.702726440667
2005-06-10,1576.8341196811805
2005-06-11,1539.1640563795395
2005-06-12,1416.5188187705487
2005-06-13,1513.7059506883759
2005-06-14,1466.668654479812
2005-06-15,1573.238635928436
2005-06-16,1529.4502750703791
2005-06-17,1471.394197135205
2005-06-18,1445.7416391180548
2005-06-19,1395.5077269441626
2005-06-20,1845.535764098827
2005-06-21,1731.454262870658
2005-06-22,1349.21249079007
2005-06-23,1408.4467809305793
2005-06-24,1306.9732224129314
2005-06-25,1334.7816796969207
2005-06-26,1429.3949265444676
2005-06-27,1415.9588902426046
2005-06-28,1445.497006652794
2005-06-29,1596.5353874442542
2005-06-30,1594.1996128025191
2005-07-01,1490.5952589302779
2005-07-02,1506.8563934239435
2005-07-03,1385.1231244410885
2005-07-04,1403.3975819210968
2005-07-05,1293.2377947742368
2005-07-06,1168.312191539439
2005-07-07,1378.7498453579055
2005-07-08,1450.7060509349178
2005-07-09,1514.4976384274055
2005-07-10,1465.1168796262364
2005-07-11,1515.8666311654583
2005-07-12,1463.1452065272788
2005-07-13,1573.5813798643924
2005-07-14,1455.4892824355413
2005-07-15,1637.956150531131
2005-07-16,1687.1495534301853
2005-07-17,1370.2438014802278
2005-07-18,1469.1110377369882
2005-07-19,1169.6104271999625
2005-07-20,1140.3081061569999
2005-07-21,887.0730170574589
2005-07-22,827.1652493877497
2005-07-23,735.7511508343258
2005-07-24,827.5193542292695
2005-07-25,1037.8085344856588
2005-07-26,993.0579053193921
2005-07-27,871.9752234583475
2005-07-28,942.7358264625617
2005-07-29,1049.5379881097679
2005-07-30,1081.288457882816
2005-07-31,1093.4529919761615
2005-08-01,1082.1757054654477
2005-08-02,1177.609597907187
2005-08-03,1248.0400982944138
2005-08-04,1323.8655019465662
2005-08-05,1291.3313198743072
2005-08-06,1365.4931961334732
2005-08-07,1505.1496442237549
2005-08-08,1565.3114645120104
2005-08-09,1675.2760329288283
2005-08-10,1535.7310734175755
2005-08-11,1535.619007290057
2005-08-12,1490.8781907254408
2005-08-13,1433.2029019423876
2005-08-14,1438.7232030006144
2005-08-15,1401.6860432614772
2005-08-16,1393.6434918733148
2005-08-17,1469.6821474360197
2005-08-18,1641.881890833536
2005-08-19,1436.3526920496836
2005-08-20,1800.1723460603773
2005-08-21,1858.682025979534
2005-08-22,1845.6302038218885
2005-08-23,1892.4830494310074
2005-08-24,1852.6891369457016
2005-08-25,2142.646477333069
2005-08-26,2682.2678074346504
2005-08-27,2999.428468762554
2005-08-28,3171.6875910451568
2005-08-29,3207.3249748003245
2005-08-30,3164.0722019903524
2005-08-31,2911.7269331903753
2005-09-01,2683.7618509323615
2005-09-02,2410.075160016672
2005-09-03,2224.0798968325403
2005-09-04,2106.1540326837007
2005-09-05,1896.3746101924207
2005-09-06,1904.739409931104
2005-09-07,1895.1636785287506
2005-09-08,1979.5414993245051
2005-09-09,1988.5560941560348
2005-09-10,2040.0546078868024
2005-09-11,1950.5998276815008
2005-09-12,2069.6698752599505
2005-09-13,1906.9588289754263
2005-09-14,1846.1330209221387
2005-09-15,1899.6308326885255
2005-09-16,2023.1359163454972
2005-09-17,1965.6138898821068
2005-09-18,1956.0360712764682
2005-09-19,2020.8830268515894
2005-09-20,1982.2942925287375
2005-09-21,1991.6549683672827
2005-09-22,2029.8536838238758
2005-09-23,2024.7240267766904
2005-09-24,1993.0271721040651
2005-09-25,1932.642445772268
2005-09-26,1947.9976927380148
2005-09-27,2085.901523220087
2005-09-28,2084.264840280577
2005-09-29,2145.5922579041553
2005-09-30,2177.500245661521
2005-10-01,2187.4607987549257
2005-10-02,1955.416339429864
2005-10-03,2006.138235096047
2005-10-04,1986.299683454867
2005-10-05,2156.9051067016185
2005-10-06,2125.4725199453633
2005-10-07,2085.2018916039783
2005-10-08,2234.407403169907
2005-10-09,2239.2846099662033
2005-10-10,2362.992630109046
2005-10-11,2257.595742268747
2005-10-12,2293.134299967803
2005-10-13,2252.5146057841635
2005-10-14,2202.6647332546186
2005-10-15,2179.6596066949
2005-10-16,2170.643229251931
2005-10-17,2134.7282071676345
2005-10-18,2036.884750354043
2005-10-19,2015.8833525346179
2005-10-20,1655.1663183515761
2005-10-21,1597.9113266290183
2005-10-22,1579.1072218240577
2005-10-23,1724.300268765579
2005-10-24,1891.6977387064724
2005-10-25,2093.0144129588284
2005-10-26,2275.2450686289426
2005-10-27,2347.805640809248
2005-10-28,2469.962446481565
2005-10-29,2268.77132061702
2005-10-30,2384.253972902242
2005-10-31,2434.321883271291
2005-11-01,2382.490749979021
2005-11-02,2497.7310926328905
2005-11-03,2518.93824656911
2005-11-04,2626.5370484357068
2005-11-05,2553.7240522919647
2005-11-06,2583.4980257666293
2005-11-07,2547.4628100183886
2005-11-08,2513.1423557450853
2005-11-09,2535.8288307969315
2005-11-10,2502.085504061163
2005-11-11,2494.473913353067
2005-11-12,2393.2419604179763
2005-11-13,2242.369365913436
2005-11-14,2171.155538558523
2005-11-15,2175.7038612620504
2005-11-16,2134.922243800849
2005-11-17,2052.8235598597125
2005-11-18,2154.3590974640374
2005-11-19,2062.9097653113918
2005-11-20,1939.2933092732935
2005-11-21,1899.1857377996002
2005-11-22,1944.9445653393827
2005-11-23,1887.5566721903533
2005-11-24,1939.9929001200135
2005-11-25,1949.524088193276
2005-11-26,2058.722481975822
2005-11-27,2093.953544575926
2005-11-28,1913.6175861789434
2005-11-29,1887.7931796433961
2005-11-30,1843.5469507375076
2005-12-01,1761.5699296297857
2005-12-02,1762.4050890398346
2005-12-03,1758.804541393714
2005-12-04,1817.1934994290643
2005-12-05,1624.2160726014422
2005-12-06,1707.772430052913
2005-12-07,1587.0713437592428
2005-12-08,1556.7427123381296
2005-12-09,1464.6841192525812
2005-12-10,1524.20306688214
2005-12-11,1540.055611637418
2005-12-12,1607.4620712437002
2005-12-13,1586.43213697206
2005-12-14,1393.0084248874152
2005-12-15,1567.0371543312544
2005-12-16,1637.4204558006559
2005-12-17,1608.4691616765604
2005-12-18,1669.5275024980008
2005-12-19,1697.9912237309582
2005-12-20,1795.1210738787386
2005-12-21,1754.7262627124676
2005-12-22,1734.2150846560721
2005-12-23,1680.1902707149952
2005-12-24,1717.6818548039694
2005-12-25,1582.3706298498068
2005-12-26,1511.0879827582723
2005-12-27,1493.5047167510302
2005-12-28,1489.6498435467422
2005-12-29,1519.4961107490972
2005-12-30,1502.887586052719
2005-12-31,1434.3177516052367
2006-01-01,1481.1505252947984
2006-01-02,1522.0645055065663
2006-01-03,1516.6907554962747
2006-01-04,1539.260032701357
2006-01-05,1567.9099049226807
2006-01-06,1764.2561478349019
2006-01-07,1749.37686446311
2006-01-08,1720.502774655145
2006-01-09,1718.9601139137394
2006-01-10,1634.1990032313026
2006-01-11,1540.803191265204
2006-01-12,1574.3501559570334
2006-01-13,1486.3083613862357
2006-01-14,1457.2993283349622
2006-01-15,1398.5932557759809
2006-01-16,1356.777695820472
2006-01-17,1252.6589974668552
2006-01-18,1297.123322347463
2006-01-19,1345.1447325386666
2006-01-20,1331.6760014290405
2006-01-21,1276.5958907627894
2006-01-22,1302.1161426067501
2006-01-23,1322.3864829326599
2006-01-24,1273.9731867097346
2006-01-25,1212.3251499569687
2006-01-26,1127.0150342648155
2006-01-27,1136.09308280733
2006-01-28,1153.735001208691
2006-01-29,1104.8782086540145
2006-01-30,1147.5071536635205
2006-01-31,1165.1553820404993
2006-02-01,1167.7082736827663
2006-02-02,1141.8907602792408
2006-02-03,1099.2281682710272
2006-02-04,1128.5738473826643
2006-02-05,1149.0246202708292
2006-02-06,1172.7662057686011
2006-02-07,1144.2952695782785
2006-02-08,1210.4045133664467
2006-02-09,1132.742994067391
2006-02-10,1022.3275529999156
2006-02-11,1072.6312479377505
2006-02-12,1070.9568811262793
2006-02-13,1109.579801921596
2006-02-14,1074.360381416957
2006-02-15,1164.5249539050849
2006-02-16,1214.554188335403
2006-02-17,1324.6270559382654
2006-02-18,1285.8461879583622
2006-02-19,1255.18011772314
2006-02-20,1258.6962405853014
2006-02-21,1285.9670604928544
2006-02-22,1382.036304655921
2006-02-23,1418.646892050271
2006-02-24,1436.0157174625995
2006-02-25,1390.4794031976942
2006-02-26,1413.1106343605436
2006-02-27,1387.8544087798173
2006-02-28,1310.860539637516
2006-03-01,1317.4234660539278
2006-03-02,1292.544438211807
2006-03-03,1333.3180054007598
2006-03-04,1215.6375703879555
2006-03-05,1243.7351290170682
2006-03-06,1219.5839886368965
2006-03-07,1155.0823658678253
2006-03-08,1169.5367383756811
2006-03-09,1147.3043548357475
2006-03-10,1116.9227912510894
2006-03-11,1076.764434221063
2006-03-12,1131.3751104789828
2006-03-13,1167.9428394803356
2006-03-14,1193.6083828887265
2006-03-15,1289.8954063309056
2006-03-16,1321.5500977203571
2006-03-17,1424.1890914226183
2006-03-18,1427.191193033381
2006-03-19,1461.2713861333516
2006-03-20,1436.7934073017252
2006-03-21,1421.9994593806223
2006-03-22,1327.5585844275815
2006-03-23,1291.4699880817814
2006-03-24,1327.314307421932
2006-03-25,1302.078196002179
2006-03-26,1270.5907701156468
2006-03-27,1325.9794368783373
2006-03-28,1306.4391631109945
2006-03-29,1284.7064414282454
2006-03-30,1212.1492433721273
2006-03-31,1242.8964999775453
2006-04-01,1215.6252552021215
2006-04-02,1263.8603976818579
2006-04-03,1194.331876430192
2006-04-04,1280.1936602864218
2006-04-05,1251.829915786236
2006-04-06,1194.3948661423096
2006-04-07,1060.1238066541794
2006-04-08,1047.4048133046438
2006-04-09,1015.4841837239967
2006-04-10,1003.2737669407475
2006-04-11,1115.6475672585207
2006-04-12,1140.0458869010754
2006-04-13,1193.0284051431333
2006-04-14,1197.1166853223172
2006-04-15,1260.2707704461186
2006-04-16,1311.8141856436582
2006-04-17,1211.4466315332186
2006-04-18,1076.9649014733882
2006-04-19,948.6087833935323
2006-04-20,993.5970129235499
2006-04-21,1072.2892233390423
2006-04-22,1064.968083199483
2006-04-23,1212.7671864109789
2006-04-24,1538.2105764432683
2006-04-25,1578.7617304910639
2006-04-26,1629.4244454017105
2006-04-27,1622.9559138621798
2006-04-28,1550.4880160150078
2006-04-29,1504.4165564645323
2006-04-30,1475.9819295660682
2006-05-01,1461.662752068695
2006-05-02,1406.1982529282898
2006-05-03,1295.9750147456461
2006-05-04,1304.8969266671452
2006-05-05,1251.2343393984431
2006-05-06,1187.640249462634
2006-05-07,1147.7196069542995
2006-05-08,1054.7485783821278
2006-05-09,1007.2424752328975
2006-05-10,1061.799575325819
2006-05-11,1392.1113551548913
2006-05-12,1321.6178473088007
2006-05-13,1460.6320776672057
2006-05-14,1550.0922851200085
2006-05-15,1701.492528749086
2006-05-16,1788.9512167617706
2006-05-17,1764.881989389303
2006-05-18,1775.7269623064035
2006-05-19,1723.501852740839
2006-05-20,1656.9516424943663
2006-05-21,1525.7380048008367
2006-05-22,1412.220630967189
2006-05-23,1455.2241594341824
2006-05-24,1404.5278937018466
2006-05-25,1312.4368316342682
2006-05-26,1042.0732734550013
2006-05-27,891.1646383509626
2006-05-28,870.0135150199325
2006-05-29,945.1345427450002
2006-05-30,1067.4500847370018
2006-05-31,1099.7006181182023
2006-06-01,1220.5966805160256
2006-06-02,1231.8353374043415
2006-06-03,1494.8145988379415
2006-06-04,1652.3776670997777
2006-06-05,1534.697758683607
2006-06-06,1203.3849712779083
2006-06-07,1153.6382653235091
2006-06-08,996.2894843654606
2006-06-09,807.4756455317297
2006-06-10,701.0636644396593
2006-06-11,968.601804070741
2006-06-12,1341.2884140769204
2006-06-13,1553.6761596299593
2006-06-14,1763.2883571813986
2006-06-15,1754.271440557117
2006-06-16,1664.4288725542638
2006-06-17,1576.6113881220526
2006-06-18,1402.718827967689
2006-06-19,1331.7156461135462
2006-06-20,1289.0166755969012
2006-06-21,1283.4789095943297
2006-06-22,1247.3537071443952
2006-06-23,1209.9533699839478
2006-06-24,1208.4635796578245
2006-06-25,1436.5651157014954
2006-06-26,1405.278591905652
2006-06-27,1078.308139696029
2006-06-28,1166.411919109698
2006-06-29,1051.878125111924
2006-06-30,1033.6297870265955
2006-07-01,937.2827129394833
2006-07-02,903.2597417783423
2006-07-03,956.7577286420213
2006-07-04,992.5991549863064
2006-07-05,943.7084423556397
2006-07-06,928.246031281349
2006-07-07,874.1287044901298
2006-07-08,1083.03209269943
2006-07-09,872.5213941051179
2006-07-10,934.6948366498156
2006-07-11,1232.2205931341864
2006-07-12,1126.5650127874296
2006-07-13,1046.282112075898
2006-07-14,1125.7602194744372
2006-07-15,1281.2490404677528
2006-07-16,1406.027371128999
2006-07-17,1451.6165539060873
2006-07-18,1483.5952683624166
2006-07-19,1544.7381693139794
2006-07-20,1564.1763210865415
2006-07-21,1628.8907449974045
2006-07-22,1608.5157012655282
2006-07-23,1533.4879450933386
2006-07-24,1436.7170099811267
2006-07-25,1385.1847569606518
2006-07-26,1284.1809637351655
2006-07-27,1223.3167364587957
2006-07-28,1200.208485657439
2006-07-29,1197.767220912938
2006-07-30,1262.9739734586701
2006-07-31,1322.8695220191705
2006-08-01,1556.5785423518482
2006-08-02,1404.0358064312545
2006-08-03,1423.809743748186
2006-08-04,1532.0749500999616
2006-08-05,1474.1310387753538
2006-08-06,1422.9400694570775
2006-08-07,1590.0765198809872
2006-08-08,1663.83453723818
2006-08-09,1707.8177511387041
2006-08-10,1623.768608787923
2006-08-11,1715.5183913557562
2006-08-12,1799.3414515297468
2006-08-13,1740.797045861655
2006-08-14,1703.4859256742627
2006-08-15,1759.4464656640948
2006-08-16,1897.329565593216
2006-08-17,1899.3824849239336
2006-08-18,1854.1301125784398
2006-08-19,1770.3650555501115
2006-08-20,1754.5282168007336
2006-08-21,1753.6765481748732
2006-08-22,1731.1780958499992
2006-08-23,1744.8803012712729
2006-08-24,1851.6869929726436
2006-08-25,1879.4359329060655
2006-08-26,1759.5381776942913
2006-08-27,2031.1434034913066
2006-08-28,2325.2738076559085
2006-08-29,2404.6137322836016
2006-08-30,2493.160390180722
2006-08-31,2422.6416702159036
2006-09-01,2527.4979064721374
2006-09-02,2648.0546051010137
2006-09-03,2477.8414543371723
2006-09-04,2367.7667661000846
2006-09-05,2224.2355461058546
2006-09-06,2103.1974436979517
2006-09-07,2156.093087909328
2006-09-08,1987.3011804380442
2006-09-09,1674.9670139582602
2006-09-10,1568.402978984312
2006-09-11,1863.1840089112172
2006-09-12,1987.4359905682186
2006-09-13,2122.158302515523
2006-09-14,2235.8397154381255
2006-09-15,2183.993530212473
2006-09-16,2221.2980667580473
2006-09-17,2163.09153347114
2006-09-18,2117.523751990217
2006-09-19,2069.5506568181045
2006-09-20,2018.0140665968286
2006-09-21,1923.2910031360707
2006-09-22,1721.0452982774402
2006-09-23,1712.2540806664435
2006-09-24,1683.4696680057689
2006-09-25,1778.0530951700837
2006-09-26,1990.7141494677412
2006-09-27,2133.667600632648
2006-09-28,2250.5286539037875
2006-09-29,2306.344713759222
2006-09-30,2245.9711535816955
2006-10-01,2216.904170010991
2006-10-02,2191.820651439892
2006-10-03,2172.5839551730246
2006-10-04,2198.1321394091096
2006-10-05,2107.570722360343
2006-10-06,2060.2881728382904
2006-10-07,2080.9549238379223
2006-10-08,2118.8384426915604
2006-10-09,1993.9788697936829
2006-10-10,1938.7671860482258
2006-10-11,2112.403726670068
2006-10-12,2746.092747136167
2006-10-13,2714.7940497334403
2006-10-14,2665.91918229806
2006-10-15,2672.8160790232228
2006-10-16,2448.8367466951045
2006-10-17,2479.2184933034214
2006-10-18,2505.6942070011632
2006-10-19,2372.3912186254984
2006-10-20,2376.23733458023
2006-10-21,2428.83820228606
2006-10-22,2528.471091044509
2006-10-23,2441.1017409878455
2006-10-24,2485.2198985915047
2006-10-25,2470.7024680219415
2006-10-26,2494.2331296130315
2006-10-27,2499.1040423738464
2006-10-28,2476.3075402804643
2006-10-29,2478.6629381051316
2006-10-30,2440.9050646249557
2006-10-31,2451.271846973414
2006-11-01,2375.3505535361937
2006-11-02,2219.441834746813
2006-11-03,2133.8246791482857
2006-11-04,2083.053237554671
2006-11-05,2131.5054009126256
2006-11-06,2097.9944108571644
2006-11-07,2087.693792269115
2006-11-08,1870.639139212491
2006-11-09,1906.4851956604953
2006-11-10,1853.110533676722
2006-11-11,1757.2264853035158
2006-11-12,1764.5016764932718
2006-11-13,1737.315525346705
2006-11-14,1727.0266318409929
2006-11-15,1627.8031166710582
2006-11-16,1763.2124568857357
2006-11-17,1577.6129613187315
2006-11-18,1523.275633562944
2006-11-19,1559.9664962093832
2006-11-20,1639.6897690174778
2006-11-21,1742.5210282347314
2006-11-22,1744.9172058008735
2006-11-23,1665.8848054880566
2006-11-24,1623.570528367197
2006-11-25,1627.9083215981468
2006-11-26,1610.9603601036215
2006-11-27,1623.514487514799
2006-11-28,1820.0866468495046
2006-11-29,1832.9895062618732
2006-11-30,1837.5986012087856
2006-12-01,1914.7535338678067
2006-12-02,1939.9344355347291
2006-12-03,1945.0081663218846
2006-12-04,1858.8294452620567
2006-12-05,1827.4199954906449
2006-12-06,1809.3053719640434
2006-12-07,1750.5577581987122
2006-12-08,1604.4336231663988
2006-12-09,1659.212191562776
2006-12-10,1601.8929383492216
2006-12-11,1565.1730661368101
2006-12-12,1589.361424919631
2006-12-13,1581.8049282744394
2006-12-14,1588.4598961530685
2006-12-15,1597.2980123110483
2006-12-16,1588.7245182276476
2006-12-17,1463.3760213502085
2006-12-18,1363.282715179189
2006-12-19,1356.5208520105214
2006-12-20,1383.9932381256242
2006-12-21,1412.0508568476955
2006-12-22,1447.4262318988929
2006-12-23,1501.9368988426413
2006-12-24,1500.7393306561457
2006-12-25,1580.9630212393433
2006-12-26,1490.3680808863335
2006-12-27,1568.5298508059984
2006-12-28,1411.7638132103477
2006-12-29,1438.9505132366482
2006-12-30,1455.2857706071802
2006-12-31,1448.2473885626923
2007-01-01,1508.8965927932873
2007-01-02,1451.1610981938293
2007-01-03,1487.9262982566609
2007-01-04,1400.1499810098512
2007-01-05,1411.7962192285613
2007-01-06,1632.0601759496467
2007-01-07,1516.5875032837812
2007-01-08,1534.7093887891456
2007-01-09,1528.7001956330857
2007-01-10,1589.5274892376888
2007-01-11,1450.919631438555
2007-01-12,1493.0975498816924
2007-01-13,1410.4828259428973
2007-01-14,1347.8781726683355
2007-01-15,1406.8113889649062
2007-01-16,1398.5966183359658
2007-01-17,1371.0867310373521
2007-01-18,1436.5437656242661
2007-01-19,1472.0343693574732
2007-01-20,1450.2242464807368
2007-01-21,1451.958704256008
2007-01-22,1484.4989235625187
2007-01-23,1500.4335113992702
2007-01-24,1530.5163988253898
2007-01-25,1401.8784554586741
2007-01-26,1462.2746544209808
2007-01-27,1439.7418912671228
2007-01-28,1386.7244785945409
2007-01-29,1299.4234850521002
2007-01-30,1270.105930046523
2007-01-31,1263.1202165058012
2007-02-01,1224.6561586493433
2007-02-02,1225.9043523794353
2007-02-03,1190.703146036527
2007-02-04,1206.275321773102
2007-02-05,1150.2454201350101
2007-02-06,1073.7189611193735
2007-02-07,1273.5131389626124
2007-02-08,1332.1182446922096
2007-02-09,1328.129518795211
2007-02-10,1275.1355348422967
2007-02-11,1343.7233642661072
2007-02-12,1398.2395529130279
2007-02-13,1367.3879760882796
2007-02-14,1479.2804942962707
2007-02-15,1540.1621477939325
2007-02-16,1670.7063237177676
2007-02-17,1783.6374070909578
2007-02-18,1763.4656787537301
2007-02-19,1690.1493006205303
2007-02-20,1662.6012456694173
2007-02-21,1622.1229151796617
2007-02-22,1534.6158492432626
2007-02-23,1451.3216734414527
2007-02-24,1459.6428757717765
2007-02-25,1401.859112197785
2007-02-26,1412.0087520017428
2007-02-27,1437.9502745667355
2007-02-28,1715.716747575212
2007-03-01,1781.6192788046894
2007-03-02,1801.4923957480064
2007-03-03,1834.4314168902285
2007-03-04,1956.0986149030869
2007-03-05,2066.1427652965685
2007-03-06,2008.0333199400648
2007-03-07,1939.4297551883394
2007-03-08,1948.9611474894164
2007-03-09,1927.1698561419578
2007-03-10,1809.2669586509699
2007-03-11,1794.4353981393201
2007-03-12,1761.0696271125462
2007-03-13,1663.9263768113026
2007-03-14,1626.2076546744402
2007-03-15,1757.7164016607892
2007-03-16,1829.5639398713674
2007-03-17,1832.023995472153
2007-03-18,1748.0132489422342
2007-03-19,1762.9059161885684
2007-03-20,1790.109718937851
2007-03-21,1798.0520720925572
2007-03-22,1781.3523690143297
2007-03-23,1717.545910631123
2007-03-24,1642.3611206830049
2007-03-25,1635.6210620540073
2007-03-26,1696.5258945778955
2007-03-27,1640.1793981548344
2007-03-28,1616.9505311136015
2007-03-29,1613.188022269832
2007-03-30,1649.6604321749678
2007-03-31,1620.50238240537
2007-04-01,1553.0826054122979
2007-04-02,1599.7325036682278
2007-04-03,1747.9373148804143
2007-04-04,1766.5367176392595
2007-04-05,1744.774417724538
2007-04-06,1733.427305053843
2007-04-07,1690.808733726719
2007-04-08,1671.0031751303734
2007-04-09,1620.5503868535884
2007-04-10,1510.4783158391695
2007-04-11,1469.7702563318867
2007-04-12,1403.3949481817542
2007-04-13,1389.9246444609116
2007-04-14,1391.8445089606832
2007-04-15,1397.0724654353785
2007-04-16,1341.8494165144082
2007-04-17,1235.0569138169253
2007-04-18,1264.1458119234185
2007-04-19,1247.5617901461276
2007-04-20,1302.319526310963
2007-04-21,1373.8743360465423
2007-04-22,1483.1369596544353
2007-04-23,1475.0317879870765
2007-04-24,1451.3048881365435
2007-04-25,1490.7273274885215
2007-04-26,1598.401432553033
2007-04-27,1463.013882712333
2007-04-28,1457.810416114657
2007-04-29,1446.5366042363592
2007-04-30,1488.7831532507992
2007-05-01,1346.2976575612715
2007-05-02,1355.5257598671453
2007-05-03,1401.88821292099
2007-05-04,1415.5551491947126
2007-05-05,1361.4738832522655
2007-05-06,1307.8379698276117
2007-05-07,1302.4292985169268
2007-05-08,1299.2162767120574
2007-05-09,1351.4198080315987
2007-05-10,1262.1485876227284
2007-05-11,1243.4544481659666
2007-05-12,1455.7203049651387
2007-05-13,1542.413943944517
2007-05-14,1526.2303272613985
2007-05-15,1537.8768847658548
2007-05-16,1537.6321645458956
2007-05-17,1581.9446659915172
2007-05-18,1580.484287062489
2007-05-19,1453.2231036650583
2007-05-20,1414.6649153626176
2007-05-21,1323.6520359867966
2007-05-22,1437.1496961262578
2007-05-23,1566.715493609405
2007-05-24,1668.3161893896515
2007-05-25,1741.1220428253737
2007-05-26,1670.9871760084711
2007-05-27,1767.876692715814
2007-05-28,1870.5185125007424
2007-05-29,1864.0630262896827
2007-05-30,1786.3479129403804
2007-05-31,1697.1732322998193
2007-06-01,1735.8851016348863
2007-06-02,1682.6103967321199
2007-06-03,1647.6275159340764
2007-06-04,1547.4911994835188
2007-06-05,1395.7869440023792
2007-06-06,1283.677007660919
2007-06-07,1257.3353564894362
2007-06-08,1168.266633332461
2007-06-09,1554.90392999483
2007-06-10,1595.0886640567583
2007-06-11,1564.9931074241888
2007-06-12,1677.6468998917899
2007-06-13,1574.7624286684222
2007-06-14,1363.3276056129007
2007-06-15,1252.8303035486126
2007-06-16,1296.9142501448978
2007-06-17,1405.2939829326865
2007-06-18,1563.7403842561785
2007-06-19,1672.5994170579622
2007-06-20,1832.2228072015726
2007-06-21,1821.6681633978833
2007-06-22,1712.12866018983
2007-06-23,1632.9187596759941
2007-06-24,1632.7667271726955
2007-06-25,1602.2141498599372
2007-06-26,1473.1765278636547
2007-06-27,1439.2029026237728
2007-06-28,1463.0669700494
2007-06-29,1499.4557821033554
2007-06-30,1518.0736543409878
2007-07-01,1559.6332764241881
2007-07-02,1466.4149162519877
2007-07-03,1518.2389603862987
2007-07-04,1458.0681621296224
2007-07-05,1361.0356587808185
2007-07-06,1239.0840927805252
2007-07-07,1309.8626975509699
2007-07-08,1404.6600520600432
2007-07-09,1416.9266773883558
2007-07-10,1374.4059882843774
2007-07-11,1225.3192111824021
2007-07-12,1249.9001236754455
2007-07-13,1303.896246438155
2007-07-14,1414.885718609538
2007-07-15,1160.8399481698063
2007-07-16,1184.4016716085407
2007-07-17,1163.177818279508
2007-07-18,1355.2665894511122
2007-07-19,1506.0633698200052
2007-07-20,1609.500401118493
2007-07-21,1596.0183210879184
2007-07-22,1630.815869863623
2007-07-23,1736.2732861827214
2007-07-24,1843.5398359844612
2007-07-25,2237.6928149661508
2007-07-26,1954.8111329012784
2007-07-27,2400.805890290607
2007-07-28,3060.4757788740008
2007-07-29,3353.3180328532258
2007-07-30,3660.511628727589
2007-07-31,3432.509735301872
2007-08-01,3613.5423852208637
2007-08-02,3881.3373613708136
2007-08-03,3812.2543981330227
2007-08-04,3786.393743695751
2007-08-05,3634.194088924292
2007-08-06,3387.311018895538
2007-08-07,3441.32409233674
2007-08-08,3314.764535449082
2007-08-09,3277.8235958689665
2007-08-10,3144.3706899373406
2007-08-11,2920.5906704431754
2007-08-12,2847.7140068338576
2007-08-13,2310.9363326747152
2007-08-14,2292.025767124372
2007-08-15,2317.3246725441345
2007-08-16,2352.9985557215655
2007-08-17,2770.3131080280896
2007-08-18,3806.6780997144892
2007-08-19,4266.5917340872065
2007-08-20,4432.746662215797
2007-08-21,4512.062013067913
2007-08-22,4350.995331651869
2007-08-23,4095.810810308884
2007-08-24,3840.688966245518
2007-08-25,3674.491270579713
2007-08-26,3514.3277126751864
2007-08-27,3207.8797938111493
2007-08-28,3160.565958089129
2007-08-29,3161.358213261521
2007-08-30,3122.83596080217
2007-08-31,3052.528690488307
2007-09-01,3068.7436122722024
2007-09-02,3457.663844799402
2007-09-03,3602.471803482356
2007-09-04,3667.8901857368664
2007-09-05,3181.3492551407053
2007-09-06,3151.0922394888653
2007-09-07,3922.7403683056227
2007-09-08,4131.236821684507
2007-09-09,4046.6043466993706
2007-09-10,4541.804522535303
2007-09-11,4433.518098552155
2007-09-12,4561.339373843375
2007-09-13,4517.388281964708
2007-09-14,4336.258459797319
2007-09-15,4009.698709378374
2007-09-16,3880.927388425984
2007-09-17,3571.721577460711
2007-09-18,3363.2598508658098
2007-09-19,3273.998978043581
2007-09-20,3299.971198917283
2007-09-21,3661.242512412949
2007-09-22,3717.5977442187477
2007-09-23,3343.439032030053
2007-09-24,2754.155018061743
2007-09-25,2552.872384344537
2007-09-26,2622.6777182363458
2007-09-27,2769.1813801610347
2007-09-28,3021.7988805687824
2007-09-29,3068.903642901377
2007-09-30,3824.169940312977
2007-10-01,4543.0608487522795
2007-10-02,4793.763540697015
2007-10-03,4595.3386979594325
2007-10-04,4465.970241195107
2007-10-05,4360.1956400552945
2007-10-06,4297.3058915735555
2007-10-07,4167.889745429369
2007-10-08,4048.225297109432
2007-10-09,3975.086450353687
2007-10-10,3814.1179128007257
2007-10-11,3666.421497185768
2007-10-12,3604.741313503974
2007-10-13,3548.2022505299337
2007-10-14,3539.9049634459566
2007-10-15,3385.4731268281043
2007-10-16,2977.669677691799
2007-10-17,3109.939614291644
2007-10-18,3386.5656115081356
2007-10-19,3459.2853649612352
2007-10-20,3533.013049942703
2007-10-21,3646.612068944191
2007-10-22,3703.290750566079
2007-10-23,3653.8496243995464
2007-10-24,3633.5415793389543
2007-10-25,3726.8889312610554
2007-10-26,3700.0517710358567
2007-10-27,3577.1369421704962
2007-10-28,3604.0541224522226
2007-10-29,3528.2648155066295
2007-10-30,3488.321489801075
2007-10-31,3448.0955983544536
2007-11-01,3449.1905912637567
2007-11-02,3321.1414378694794
2007-11-03,3379.2563384184537
2007-11-04,3387.173862635511
2007-11-05,3445.7551880167653
2007-11-06,3330.5020436255977
2007-11-07,3249.470091840433
2007-11-08,3258.9004181586956
2007-11-09,3037.746556116321
2007-11-10,3005.709924992733
2007-11-11,2997.4418651079063
2007-11-12,2912.920319348677
2007-11-13,2743.898002062791
2007-11-14,2777.7679788030646
2007-11-15,2845.3219220795563
2007-11-16,2802.558279555552
2007-11-17,2769.9550167343896
2007-11-18,2631.427150608429
2007-11-19,2613.464507687748
2007-11-20,2622.0044935077094
2007-11-21,2498.1953934260146
2007-11-22,2437.5722881615293
2007-11-23,2419.9984001462844
2007-11-24,2456.1914071396513
2007-11-25,2377.342241194663
2007-11-26,2405.635772656496
2007-11-27,2324.2309510748723
2007-11-28,2130.447491216368
2007-11-29,1862.5217979085185
2007-11-30,1994.637657092542
2007-12-01,2031.098244528574
2007-12-02,1959.529450162205
2007-12-03,1808.9233246799265
2007-12-04,1881.5472161401547
2007-12-05,1880.9375339935516
2007-12-06,1933.8293582343974
2007-12-07,1856.6615195708425
2007-12-08,1902.5993869451177
2007-12-09,1942.6251194277997
2007-12-10,2111.5995396607773
2007-12-11,2068.8920819466503
2007-12-12,2060.4701057669176
2007-12-13,1988.6077196102601
2007-12-14,1975.976299837932
2007-12-15,2034.8323668600992
2007-12-16,2176.848600956829
2007-12-17,2112.9794430729703
2007-12-18,2109.429637187238
2007-12-19,2121.6873427342416
2007-12-20,2114.179583512096
2007-12-21,2022.317069172115
2007-12-22,2087.4402675580654
2007-12-23,2064.4968454174723
2007-12-24,1976.2427270254275
2007-12-25,2027.0708679773954
2007-12-26,1981.5472008288884
2007-12-27,1865.0782498587337
2007-12-28,1871.9659171612982
2007-12-29,1802.8924883258205
2007-12-30,1806.6135959728654
2007-12-31,1769.9672524656712
2008-01-01,1771.6238121902804
2008-01-02,1831.1428866474232
2008-01-03,1674.9508452886516
2008-01-04,1681.2504235718736
2008-01-05,1577.3763606875739
2008-01-06,1632.7039266680035
2008-01-07,1664.418435037676
2008-01-08,1703.1140971446189
2008-01-09,1653.4268543265032
2008-01-10,1681.5484007320238
2008-01-11,1605.3337057241026
2008-01-12,1548.305698828283
2008-01-13,1598.0048565575426
2008-01-14,1526.53484536256
2008-01-15,1532.1075966434637
2008-01-16,1462.7716534238257
2008-01-17,1500.8344237135382
2008-01-18,1459.0439811591432
2008-01-19,1483.4593897044629
2008-01-20,1515.707285418732
2008-01-21,1592.9492042516733
2008-01-22,1623.140744166703
2008-01-23,1517.5857652198506
2008-01-24,1527.5199163764705
2008-01-25,1558.4496518779304
2008-01-26,1479.725085296326
2008-01-27,1530.4659436966328
2008-01-28,1398.4177011946367
2008-01-29,1437.8440228272432
2008-01-30,1451.5595821012487
2008-01-31,1466.3505634526432
2008-02-01,1568.9107676865476
2008-02-02,1570.3802321674123
2008-02-03,1587.1778186329675
2008-02-04,1520.6475041677033
2008-02-05,1505.050047639632
2008-02-06,1507.853461637766
2008-02-07,1342.434480594949
2008-02-08,1309.9498161117676
2008-02-09,1370.8374992938006
2008-02-10,1442.043709469502
2008-02-11,1446.3519286160777
2008-02-12,1473.0238353548193
2008-02-13,1467.8099668048142
2008-02-14,1448.472211838825
2008-02-15,1417.8588520534654
2008-02-16,1381.3065002518165
2008-02-17,1279.0525059842973
2008-02-18,1306.6310623088339
2008-02-19,1339.6921301284135
2008-02-20,1324.5119203951456
2008-02-21,1316.3953941521002
2008-02-22,1366.558214347566
2008-02-23,1327.8633976756928
2008-02-24,1327.320139020053
2008-02-25,1367.588543671365
2008-02-26,1414.9798374969375
2008-02-27,1417.7670573798823
2008-02-28,1505.4918040873044
2008-02-29,1393.7948363619894
2008-03-01,1394.2069661679159
2008-03-02,1433.3622647973777
2008-03-03,1382.8096104209983
2008-03-04,1278.7179617697202
2008-03-05,1257.7678100680832
2008-03-06,1268.6622352050422
2008-03-07,1302.60697802025
2008-03-08,1370.6901097686123
2008-03-09,1381.3004673697649
2008-03-10,1411.1242455002375
2008-03-11,1406.239852932626
2008-03-12,1313.4280321575811
2008-03-13,1335.5828125420514
2008-03-14,1393.205388050787
2008-03-15,1433.9571529790755
2008-03-16,1378.5805304554997
2008-03-17,1379.5041236250001
2008-03-18,1298.576257788671
2008-03-19,1282.3656407478852
2008-03-20,1277.7676069316476
2008-03-21,1427.031716530612
2008-03-22,1496.038571900088
2008-03-23,1444.3089204523221
2008-03-24,1446.0055175371165
2008-03-25,1467.2310654063115
2008-03-26,1477.415180909167
2008-03-27,1422.0368555996595
2008-03-28,1467.213917597654
2008-03-29,1508.5796529605473
2008-03-30,1516.7502299408889
2008-03-31,1489.5357271416567
2008-04-01,1591.7391570861564
2008-04-02,1563.3558972668177
2008-04-03,1401.7194935455318
2008-04-04,1402.982216394501
2008-04-05,1308.669797765706
2008-04-06,1230.8605327980706
2008-04-07,1310.1248722543842
2008-04-08,1296.9448867399913
2008-04-09,1318.3956053010315
2008-04-10,1312.5096494747197
2008-04-11,1302.9915848989951
2008-04-12,1294.3473306212836
2008-04-13,1330.8679449361405
2008-04-14,1328.525255022283
2008-04-15,1304.2262984199572
2008-04-16,1293.5652836757263
2008-04-17,1276.8097329875288
2008-04-18,1333.8219813888365
2008-04-19,1468.3416313057514
2008-04-20,1491.3371377801086
2008-04-21,1463.505433014771
2008-04-22,1487.110958396125
2008-04-23,1590.4394471482565
2008-04-24,1643.4076158775524
2008-04-25,1642.5844777252203
2008-04-26,1719.0258463844457
2008-04-27,1653.7065403446456
2008-04-28,1640.5410513698278
2008-04-29,1548.6730494626959
2008-04-30,1467.7922334946138
2008-05-01,1409.4885908667636
2008-05-02,1371.7588513940943
2008-05-03,1205.4835655039171
2008-05-04,1239.8991119330708
2008-05-05,1530.434136771758
2008-05-06,1504.197781248199
2008-05-07,1431.4176809074065
2008-05-08,1464.8952502102195
2008-05-09,1413.453478963432
2008-05-10,1382.0675691410274
2008-05-11,1362.203682567642
2008-05-12,1630.172326811558
2008-05-13,1988.1645014252983
2008-05-14,2198.1787331430387
2008-05-15,2247.1497287338652
2008-05-16,2179.048679122732
2008-05-17,2297.637989516981
2008-05-18,2161.9195131342376
2008-05-19,2319.8099572458377
2008-05-20,2168.624033902854
2008-05-21,2467.120857983571
2008-05-22,2355.416903231764
2008-05-23,2567.9828805087154
2008-05-24,2239.2298847607053
2008-05-25,2014.8703650228374
2008-05-26,2008.5371394625504
2008-05-27,2066.5875149580424
2008-05-28,1908.4972962624206
2008-05-29,1937.5383243529568
2008-05-30,1946.7071223213911
2008-05-31,1878.1318825702201
2008-06-01,1787.2780348542387
2008-06-02,1704.522987755839
2008-06-03,1607.9244085643445
2008-06-04,1702.7729666255345
2008-06-05,1865.2403334937321
2008-06-06,1680.0341992150945
2008-06-07,1375.3500649766693
2008-06-08,1220.8169579003315
2008-06-09,1438.1241259333203
2008-06-10,1672.740722307071
2008-06-11,1775.9131995361745
2008-06-12,1632.7759055962542
2008-06-13,1429.9840195700112
2008-06-14,1166.8761880424302
2008-06-15,1453.7901202127782
2008-06-16,1334.0577586165552
2008-06-17,1108.460013624546
2008-06-18,1094.2277845736965
2008-06-19,1139.247973199804
2008-06-20,1279.1622327071007
2008-06-21,1529.4297790549203
2008-06-22,1492.8922206306315
2008-06-23,1243.7325067259158
2008-06-24,1250.3836900618212
2008-06-25,1321.3763513155727
2008-06-26,1389.2395828675162
2008-06-27,1391.9149167586909
2008-06-28,1163.9626134335358
2008-06-29,963.3565648103131
2008-06-30,1011.6262376198272
2008-07-01,1188.3391900394809
2008-07-02,1536.6647863842575
2008-07-03,1258.1607570096457
2008-07-04,1168.2666898649493
2008-07-05,1177.2814530980481
2008-07-06,1386.3949230318133
2008-07-07,1349.5234838537772
2008-07-08,1449.588010305919
2008-07-09,1268.6262015350865
2008-07-10,1247.738745584143
2008-07-11,1296.2520122502365
2008-07-12,1141.3512103509474
2008-07-13,1087.8067495949394
2008-07-14,1055.6105941132605
2008-07-15,731.2412809841383
2008-07-16,793.0090053224138
2008-07-17,706.7306741178239
2008-07-18,877.8964973098549
2008-07-19,664.9795000783375
2008-07-20,909.9330520716744
2008-07-21,1012.3719338232504
2008-07-22,1099.2161710905093
2008-07-23,1198.4910490377686
2008-07-24,1347.3468743200083
2008-07-25,1208.1583126582382
2008-07-26,1384.411201896717
2008-07-27,1224.3873873334353
2008-07-28,1294.8956859774446
2008-07-29,1506.9109726172062
2008-07-30,1538.728614732563
2008-07-31,1386.2818326061051
2008-08-01,1569.2207876169878
2008-08-02,1750.3179063372634
2008-08-03,1927.8933306756321
2008-08-04,2000.2028982647205
2008-08-05,2092.052278913717
2008-08-06,2043.6653752367913
2008-08-07,1899.1801222902475
2008-08-08,2173.7271885897608
2008-08-09,2480.0998827555454
2008-08-10,2657.7594991593596
2008-08-11,2376.234505056331
2008-08-12,2344.6002547031962
2008-08-13,2522.1105682579605
2008-08-14,2577.4116680520965
2008-08-15,2640.611241776778
2008-08-16,2894.308242473786
2008-08-17,3022.4802150346895
2008-08-18,2653.6331400377985
2008-08-19,2240.484680200999
2008-08-20,2633.14030989324
2008-08-21,2801.479483857095
2008-08-22,2834.7092477189667
2008-08-23,2868.915963853167
2008-08-24,2869.803193097803
2008-08-25,2750.736065744827
2008-08-26,2671.2997010939166
2008-08-27,2316.3617924761256
2008-08-28,2291.954457803847
2008-08-29,2657.1573259285324
2008-08-30,2913.5647737621844
2008-08-31,3209.360049993761
2008-09-01,3242.685138481689
2008-09-02,3417.909649602661
2008-09-03,3444.2326061863023
2008-09-04,3076.547607456459
2008-09-05,2913.294424756641
2008-09-06,2888.820756936951
2008-09-07,2890.19880789141
2008-09-08,2772.283619088586
2008-09-09,2652.4643132204733
2008-09-10,2461.616282191404
2008-09-11,2498.1063765379718
2008-09-12,2368.8102977234694
2008-09-13,2381.1651294149037
2008-09-14,2314.9572714015026
2008-09-15,2446.938492881954
2008-09-16,2526.565145814017
2008-09-17,2392.7865163874967
2008-09-18,2328.1417006928764
2008-09-19,2177.581348233589
2008-09-20,2197.084183259092
2008-09-21,2418.333849079009
2008-09-22,2587.759380949067
2008-09-23,2709.8601326671874
2008-09-24,2361.7845981977775
2008-09-25,2471.8756570277883
2008-09-26,2797.322823814065
2008-09-27,2956.1933415697426
2008-09-28,2525.43820578544
2008-09-29,2656.782579299077
2008-09-30,2838.5668869594006
2008-10-01,2886.454231413711
2008-10-02,2783.4661647951907
2008-10-03,2791.4038658576987
2008-10-04,2695.012191008327
2008-10-05,2456.5071271101565
2008-10-06,2454.264557932888
2008-10-07,2532.687178460079
2008-10-08,2579.173279876299
2008-10-09,2734.4406884782547
2008-10-10,2818.293002811952
2008-10-11,2885.7082115931494
2008-10-12,2799.997476931955
2008-10-13,2686.0475105278224
2008-10-14,2712.58877844619
2008-10-15,2724.00607338814
2008-10-16,2719.1223434724257
2008-10-17,2740.212581070866
2008-10-18,2873.9725197138714
2008-10-19,3004.0321453056863
2008-10-20,2974.7652302096362
2008-10-21,2945.9237475060468
2008-10-22,2913.331302036944
2008-10-23,2849.382697978502
2008-10-24,2835.2415526686436
2008-10-25,2735.4695976060157
2008-10-26,2594.9464637905758
2008-10-27,2455.266212285976
2008-10-28,2239.6414658740086
2008-10-29,2365.766711303342
2008-10-30,2350.2284737611326
2008-10-31,2287.1513731938085
2008-11-01,2338.3705770382776
2008-11-02,2370.59816422379
2008-11-03,2371.655841492237
2008-11-04,2193.6703327779046
2008-11-05,2145.7752882432005
2008-11-06,2139.0622120480043
2008-11-07,2093.7674356688526
2008-11-08,2051.4420463087895
2008-11-09,2089.6704428800736
2008-11-10,2133.8060668085704
2008-11-11,1949.3569782733598
2008-11-12,1890.6574234523018
2008-11-13,1903.4572065098826
2008-11-14,1926.4293386791164
2008-11-15,1740.2260931826504
2008-11-16,1713.5821300479986
2008-11-17,1796.3971630260878
2008-11-18,1843.9456935001688
2008-11-19,1670.8697726880912
2008-11-20,1491.150736739084
2008-11-21,1578.060467020441
2008-11-22,1527.2149591208663
2008-11-23,1644.5958450125597
2008-11-24,1709.5846769070743
2008-11-25,1683.219747698154
2008-11-26,1637.7969273068338
2008-11-27,1551.4195190934188
2008-11-28,1587.1811675588076
2008-11-29,1552.5409760062385
2008-11-30,1593.9831707880808
2008-12-01,1458.5026741149825
2008-12-02,1500.0376597778604
2008-12-03,1546.7994357862945
2008-12-04,1516.3102500742866
2008-12-05,1616.9965028931842
2008-12-06,1307.3006268884758
2008-12-07,1427.7409770774543
2008-12-08,1440.9930443995788
2008-12-09,1479.5143928985678
2008-12-10,1515.3158021042698
2008-12-11,1522.6136715990322
2008-12-12,1488.4764193916403
2008-12-13,1565.4551815493935
2008-12-14,1606.4176819537336
2008-12-15,1650.3779363566052
2008-12-16,1698.2323540152422
2008-12-17,1569.3173422068269
2008-12-18,1524.8977453579328
2008-12-19,1556.2111557910173
2008-12-20,1488.027257890775
2008-12-21,1440.3927069112347
2008-12-22,1389.9872389632326
2008-12-23,1532.3892332832922
2008-12-24,1662.7187602577014
2008-12-25,1625.4986459010472
2008-12-26,1554.0295505648564
2008-12-27,1523.5645310810942
2008-12-28,1608.4739796887254
2008-12-29,1455.8085644871594
2008-12-30,1343.041703964545
2008-12-31,1407.6186379181643
2009-01-01,1456.0819756541225
2009-01-02,1407.3153603434928
2009-01-03,1353.576030454361
2009-01-04,1319.1297655301846
2009-01-05,1288.6173277065297
2009-01-06,1259.7340302808263
2009-01-07,1264.0612194679736
2009-01-08,1194.9950649481325
2009-01-09,1101.232704733614
2009-01-10,1049.5656982427106
2009-01-11,925.7611459365554
2009-01-12,990.9429117020799
2009-01-13,1047.2989776149566
2009-01-14,1074.771452836063
2009-01-15,1116.9304945130232
2009-01-16,1113.955845278171
2009-01-17,1108.9154938858355
2009-01-18,1188.2940662892263
2009-01-19,1228.6155811241874
2009-01-20,1223.6639856548493
2009-01-21,1217.2318746542871
2009-01-22,1275.7967554446082
2009-01-23,1201.5607880145872
2009-01-24,1190.8983192826615
2009-01-25,1069.5983414895813
2009-01-26,1119.4161970034634
2009-01-27,1078.575586538741
2009-01-28,1133.8049256238078
2009-01-29,1143.2506687239725
2009-01-30,1175.7729727821957
2009-01-31,1201.8727701351713
2009-02-01,1169.6811124508338
2009-02-02,1108.888308955993
2009-02-03,1159.0713034498583
2009-02-04,1159.2469702375734
2009-02-05,1165.7671277927361
2009-02-06,1161.2214809802883
2009-02-07,1255.548233144875
2009-02-08,1253.7340019236399
2009-02-09,1214.0002190524979
2009-02-10,1216.7415981338975
2009-02-11,1143.849095337661
2009-02-12,1057.9492484534921
2009-02-13,1036.0850527281439
2009-02-14,1145.8717328486614
2009-02-15,1178.792385121086
2009-02-16,1251.227309625008
2009-02-17,1245.3013531262031
2009-02-18,1273.0589010943238
2009-02-19,1278.281916651401
2009-02-20,1272.59940043368
2009-02-21,1265.7046097771251
2009-02-22,1240.977244658948
2009-02-23,1272.1902810449726
2009-02-24,1219.2761953487397
2009-02-25,1274.073580339729
2009-02-26,1265.7859338723988
2009-02-27,1386.2309094398975
2009-02-28,1404.6790599811875
2009-03-01,1337.433830554928
2009-03-02,1274.123809037879
2009-03-03,1118.7133464690332
2009-03-04,1184.374772857678
2009-03-05,1152.8433399873056
2009-03-06,1135.542505207221
2009-03-07,1113.39584131537
2009-03-08,1141.6533613295085
2009-03-09,1151.665445979247
2009-03-10,1086.349517960513
2009-03-11,1190.4718655961087
2009-03-12,1157.2826014867787
2009-03-13,1095.1303128981754
2009-03-14,1080.6535560682903
2009-03-15,1097.2594829348286
2009-03-16,1166.1298175593438
2009-03-17,1137.5940651232272
2009-03-18,1224.7644629847987
2009-03-19,1172.8936548506877
2009-03-20,1234.0886602339797
2009-03-21,1187.5860926129537
2009-03-22,1117.724559558267
2009-03-23,1167.0938253015495
2009-03-24,1128.878846989183
2009-03-25,1158.846572701528
2009-03-26,1110.5652713905376
2009-03-27,1095.9707559379942
2009-03-28,1044.7224707997186
2009-03-29,1018.7924082391205
2009-03-30,1021.7504355716302
2009-03-31,1028.989712381858
2009-04-01,1062.2934635851277
2009-04-02,1028.1806786932113
2009-04-03,1112.9723827287905
2009-04-04,1074.9174402596138
2009-04-05,1133.5582165537862
2009-04-06,1188.8249620646181
2009-04-07,1227.443642800005
2009-04-08,1218.1479840648276
2009-04-09,1190.5697443148372
2009-04-10,1231.199215115461
2009-04-11,1239.9076487915406
2009-04-12,1220.1670613477768
2009-04-13,1186.5465956146409
2009-04-14,1186.1214209846037
2009-04-15,1226.1151609500375
2009-04-16,1224.7736976982626
2009-04-17,1253.9438011854097
2009-04-18,1274.0309017116563
2009-04-19,1330.622869452823
2009-04-20,1281.2464396037383
2009-04-21,1254.8843796035385
2009-04-22,1305.8578956326628
2009-04-23,1304.7396363666085
2009-04-24,1383.2183981088237
2009-04-25,1342.5043610864502
2009-04-26,1391.0210278388347
2009-04-27,1311.3070653055343
2009-04-28,1323.4092931721166
2009-04-29,1280.3827815074455
2009-04-30,1180.3693749166487
2009-05-01,1179.7754627900397
2009-05-02,1100.26406638338
2009-05-03,1728.8022972890612
2009-05-04,1886.3269824294198
2009-05-05,1810.626355031595
2009-05-06,1748.7784746149755
2009-05-07,1808.8669519818682
2009-05-08,1792.1423460459816
2009-05-09,1685.1528364750159
2009-05-10,1561.9667016692094
2009-05-11,2140.8069086776713
2009-05-12,2405.2476687046164
2009-05-13,2473.7738594141388
2009-05-14,2395.4086926011855
2009-05-15,2321.7092470227435
2009-05-16,2257.28688635916
2009-05-17,2042.1175577002427
2009-05-18,1808.852585597306
2009-05-19,1636.0228979648457
2009-05-20,1883.7661170895708
2009-05-21,1947.791663818452
2009-05-22,1909.2207768811245
2009-05-23,1874.580551929105
2009-05-24,1667.2495873373148
2009-05-25,1563.3702230082033
2009-05-26,1543.1771381190156
2009-05-27,2049.442538076419
2009-05-28,1980.4453954605424
2009-05-29,1927.1658736591048
2009-05-30,1720.989119636033
2009-05-31,1504.3173319723974
2009-06-01,1481.1314161277749
2009-06-02,1541.7090545909314
2009-06-03,1397.5100926261186
2009-06-04,1455.259529232407
2009-06-05,1472.0854398466815
2009-06-06,1594.6913770774524
2009-06-07,1720.6035693516487
2009-06-08,1896.8077384925941
2009-06-09,1928.135350829616
2009-06-10,1835.1613584429183
2009-06-11,1897.4143529974704
2009-06-12,1815.1861472587525
2009-06-13,1980.997206052166
2009-06-14,1860.8850052079563
2009-06-15,1792.1978723627149
2009-06-16,1821.1011898246845
2009-06-17,1859.2839823871716
2009-06-18,1845.0983916300002
2009-06-19,1888.5974964642332
2009-06-20,1910.2720647257445
2009-06-21,1853.5792893479795
2009-06-22,1795.271632665425
2009-06-23,1752.384969852317
2009-06-24,1625.7399298868354
2009-06-25,1519.4972612225952
2009-06-26,1385.7049218894092
2009-06-27,1449.9092874680848
2009-06-28,1427.9155297540503
2009-06-29,1420.8373605667282
2009-06-30,1364.6783436666472
2009-07-01,1639.7538681702438
2009-07-02,1704.2665544961867
2009-07-03,1626.3666825029122
2009-07-04,1656.2952591939395
2009-07-05,1537.6910922758395
2009-07-06,1401.4680041576075
2009-07-07,1422.7097897914
2009-07-08,1254.749288528613
2009-07-09,1137.0698138674024
2009-07-10,1019.4594981413188
2009-07-11,1089.5302250897075
2009-07-12,992.6958118084309
2009-07-13,940.7681867513039
2009-07-14,923.9014664606224
2009-07-15,874.2784645602098
2009-07-16,840.3543806602245
2009-07-17,819.8631897352359
2009-07-18,868.3653765440987
2009-07-19,814.547256333292
2009-07-20,844.7689954471301
2009-07-21,791.4946028133629
2009-07-22,712.5746517677226
2009-07-23,687.0421529484694
2009-07-24,678.5393800265424
2009-07-25,773.7023483524546
2009-07-26,1088.9971485739127
2009-07-27,1037.5379221767173
2009-07-28,949.8773535004036
2009-07-29,903.1247424289505
2009-07-30,1196.21595822568
2009-07-31,1475.9108800804809
2009-08-01,1524.499155726027
2009-08-02,1337.3133393401627
2009-08-03,1420.5990721589096
2009-08-04,1395.4711253506784
2009-08-05,1416.834140607766
2009-08-06,1196.7659335771257
2009-08-07,1282.1027066629763
2009-08-08,1435.7385240979206
2009-08-09,1480.9949681075516
2009-08-10,1502.732162436687
2009-08-11,1487.5218295044149
2009-08-12,1545.2093357534156
2009-08-13,1572.6813361366137
2009-08-14,1505.981346136719
2009-08-15,1437.991816667676
2009-08-16,1523.6246579042702
2009-08-17,1441.7075427419459
2009-08-18,1582.098294079019
2009-08-19,1955.9817344859155
2009-08-20,2137.360052808404
2009-08-21,2336.4462152255182
2009-08-22,2417.2195763103273
2009-08-23,2282.9892888385502
2009-08-24,2001.6106675030646
2009-08-25,1910.0767863192395
2009-08-26,1904.573356301908
2009-08-27,1838.3924753814208
2009-08-28,1717.6767447147492
2009-08-29,1574.5168465082577
2009-08-30,1659.8332597013834
2009-08-31,1693.1779816694825
2009-09-01,1624.1988009065283
2009-09-02,1531.4667256828034
2009-09-03,1616.6128973226387
2009-09-04,1752.5692138251914
2009-09-05,1892.487699590438
2009-09-06,1762.1285636191687
2009-09-07,1714.0963971615793
2009-09-08,1728.9085805070997
2009-09-09,1585.3185028967114
2009-09-10,1626.608872221136
2009-09-11,1721.4438887281913
2009-09-12,1622.004528937621
2009-09-13,1784.6577117351565
2009-09-14,1730.24693549803
2009-09-15,1811.5497720806327
2009-09-16,1803.7844219610095
2009-09-17,1867.0059844985838
2009-09-18,1807.7096458333442
2009-09-19,1838.2432917231465
2009-09-20,2005.196575633972
2009-09-21,1971.8211246969722
2009-09-22,1991.1001747881483
2009-09-23,1896.3380114555669
2009-09-24,1891.851200350703
2009-09-25,1825.9041319386986
2009-09-26,1785.9811152373245
2009-09-27,1810.0485892566169
2009-09-28,1766.1655126919118
2009-09-29,1808.4694929606203
2009-09-30,1812.0920030178347
2009-10-01,1788.9126940296535
2009-10-02,1654.9972892539463
2009-10-03,1533.6236548129853
2009-10-04,1478.9139268264723
2009-10-05,1460.4156485687463
2009-10-06,1495.6798006570898
2009-10-07,1426.6913260474787
2009-10-08,1652.5001463899116
2009-10-09,2060.5297928846994
2009-10-10,2431.5196234394402
2009-10-11,2402.5771382339526
2009-10-12,2426.0772605071866
2009-10-13,2543.5682713982683
2009-10-14,2575.4115713202764
2009-10-15,2533.1039060148023
2009-10-16,2341.3328067261996
2009-10-17,2538.3727740684762
2009-10-18,2517.2335072902456
2009-10-19,2371.4812596349816
2009-10-20,2410.571806214766
2009-10-21,2439.8695256440783
2009-10-22,2426.937337353082
2009-10-23,2415.1163050310656
2009-10-24,2506.594036723811
2009-10-25,2425.1879267913937
2009-10-26,2307.209756051128
2009-10-27,2383.8619045147652
2009-10-28,2262.8252774774296
2009-10-29,2318.8133079549148
2009-10-30,2287.6560400438793
2009-10-31,2331.529246372379
2009-11-01,2309.006130244855
2009-11-02,2293.5602780038794
2009-11-03,2105.0082533691207
2009-11-04,2098.7639465179063
2009-11-05,1979.7258962876579
2009-11-06,1876.0669397167364
2009-11-07,1899.5945232973984
2009-11-08,1826.556984933669
2009-11-09,1895.3731921947176
2009-11-10,1750.5459351419754
2009-11-11,1742.6649791606635
2009-11-12,1657.0418359545874
2009-11-13,1552.32511956759
2009-11-14,1443.8350746307801
2009-11-15,1313.6341109347272
2009-11-16,1321.0313847086577
2009-11-17,1366.7561174200823
2009-11-18,1468.5885854216974
2009-11-19,1432.5447848040326
2009-11-20,1487.1285634733556
2009-11-21,1471.360687400733
2009-11-22,1480.8129916685634
2009-11-23,1475.432571238563
2009-11-24,1500.078326957803
2009-11-25,1471.7394599133536
2009-11-26,1429.8884646376946
2009-11-27,1467.8725208458732
2009-11-28,1378.832716600289
2009-11-29,1377.011843168145
2009-11-30,1444.2610690437198
2009-12-01,1443.9777130169646
2009-12-02,1393.4960459597746
2009-12-03,1382.1803166308837
2009-12-04,1447.4411819109202
2009-12-05,1332.1078781816518
2009-12-06,1404.6682598993807
2009-12-07,1341.0975952558297
2009-12-08,1437.453251237856
2009-12-09,1419.7554836921481
2009-12-10,1314.2543717578048
2009-12-11,1335.0541551620083
2009-12-12,1319.7354614165713
2009-12-13,1268.941783918913
2009-12-14,1265.0829704214934
2009-12-15,1350.063843619408
2009-12-16,1381.8913340417553
2009-12-17,1331.5637301720901
2009-12-18,1355.3979425121
2009-12-19,1327.758235015172
2009-12-20,1341.3744263492829
2009-12-21,1288.1016676459033
2009-12-22,1352.8216216061965
2009-12-23,1302.7417878284177
2009-12-24,1371.1730425133903
2009-12-25,1336.19634319807
2009-12-26,1348.560125934153
2009-12-27,1395.5276538633516
2009-12-28,1382.6639773364566
2009-12-29,1505.0333714556205
2009-12-30,1441.7039114305312
2009-12-31,1365.9492660494402
2010-01-01,1254.8056649688524
2010-01-02,1208.7293564303297
2010-01-03,1087.2850091457924
2010-01-04,990.9100581164454
2010-01-05,998.44026758822
2010-01-06,988.3443752248822
2010-01-07,1025.213673044382
2010-01-08,1034.6426861213447
2010-01-09,931.7360791956231
2010-01-10,980.7655459643228
2010-01-11,1015.4134971168138
2010-01-12,1205.6925431133407
2010-01-13,1095.803233663209
2010-01-14,1164.6031724322086
2010-01-15,1034.399719540192
2010-01-16,957.3579896335395
2010-01-17,1004.3656132966624
2010-01-18,1052.0426888323843
2010-01-19,993.0304913094253
2010-01-20,938.5026138897332
2010-01-21,991.4580624537837
2010-01-22,945.0068319261013
2010-01-23,936.2574291854528
2010-01-24,942.5424111388792
2010-01-25,1058.7136858357842
2010-01-26,1023.1596079421112
2010-01-27,1012.2018994548621
2010-01-28,1112.3443482131868
2010-01-29,1057.1283174725377
2010-01-30,1021.7211626466152
2010-01-31,1041.1541595254478
2010-02-01,1025.2854291921956
2010-02-02,993.1915675830087
2010-02-03,1000.8347135889384
2010-02-04,950.8879739234553
2010-02-05,959.1346656898054
2010-02-06,1012.1186091497912
2010-02-07,926.8595782407374
2010-02-08,955.8036844667706
2010-02-09,877.0910169845423
2010-02-10,938.1575305348115
2010-02-11,872.2262604718456
2010-02-12,940.3450031190662
2010-02-13,1025.9632744627086
2010-02-14,973.2542825024511
2010-02-15,1045.2766118283162
2010-02-16,1005.1303316173035
2010-02-17,1001.4025199889218
2010-02-18,943.546470560778
2010-02-19,990.7517695139895
2010-02-20,1017.7325324240306
2010-02-21,997.7601584967168
2010-02-22,994.5747569048962
2010-02-23,948.7904582780193
2010-02-24,1047.09004116964
2010-02-25,984.57206343286
2010-02-26,1006.3453975450498
2010-02-27,997.4218200924066
2010-02-28,1017.0519274661186
2010-03-01,983.7229006258309
2010-03-02,959.0522016569422
2010-03-03,1033.47548860971
2010-03-04,961.2559149115881
2010-03-05,964.2653125173773
2010-03-06,975.104611557546
2010-03-07,1060.2507978490307
2010-03-08,1057.2119438721197
2010-03-09,1018.5716068559775
2010-03-10,1041.585427671378
2010-03-11,1053.9817313962812
2010-03-12,1132.488961651452
2010-03-13,1046.2461431543159
2010-03-14,1163.211034560938
2010-03-15,1052.4403307391594
2010-03-16,992.3570715037279
2010-03-17,944.027919398091
2010-03-18,939.6689553300802
2010-03-19,972.8428501421565
2010-03-20,939.4285865866049
2010-03-21,992.2051737136782
2010-03-22,966.6615401873994
2010-03-23,1037.8703381648254
2010-03-24,1057.441883779583
2010-03-25,1079.3683427772044
2010-03-26,1130.086758034301
2010-03-27,1105.8171665444065
2010-03-28,1154.8863353057588
2010-03-29,1180.1893745139855
2010-03-30,1188.8642659581785
2010-03-31,1101.7540509357425
2010-04-01,1090.0968779646375
2010-04-02,1149.1964598195873
2010-04-03,1098.8925764002372
2010-04-04,1057.0816826035777
2010-04-05,1049.8898774132188
2010-04-06,1162.8274147597158
2010-04-07,1109.0116301685036
2010-04-08,1212.9655355012244
2010-04-09,1192.019439581709
2010-04-10,1236.541608241247
2010-04-11,1233.1331183997447
2010-04-12,1195.3769618504318
2010-04-13,1165.3534554359398
2010-04-14,1101.936993158855
2010-04-15,1087.079130589655
2010-04-16,1032.5943794409893
2010-04-17,998.1316009294018
2010-04-18,998.8208985351606
2010-04-19,954.1994854301087
2010-04-20,1069.5700364224447
2010-04-21,1049.0424981092758
2010-04-22,1138.2795288340455
2010-04-23,1110.6202054576102
2010-04-24,1191.908670455592
2010-04-25,1240.1758474591957
2010-04-26,1227.9675221872517
2010-04-27,1180.681017057237
2010-04-28,1103.9665852790833
2010-04-29,1236.886893775782
2010-04-30,1176.0740140304374
2010-05-01,1194.491734984851
2010-05-02,1280.0208861012763
2010-05-03,1199.3879786066393
2010-05-04,1384.7241414141802
2010-05-05,1372.6496343959159
2010-05-06,1332.517098046745
2010-05-07,1275.5417807331162
2010-05-08,1300.887148105185
2010-05-09,1419.4643925333642
2010-05-10,1436.4306225820176
2010-05-11,1402.6382329965109
2010-05-12,1355.6202502542944
2010-05-13,1388.7245638424897
2010-05-14,1384.404300480696
2010-05-15,1375.1578151312333
2010-05-16,1315.1162662919517
2010-05-17,1252.4459981008933
2010-05-18,1208.7907688663925
2010-05-19,1170.146018057608
2010-05-20,1180.354983468374
2010-05-21,1065.5556672095158
2010-05-22,1029.03776570433
2010-05-23,1250.9492250786661
2010-05-24,1348.5970371477952
2010-05-25,1800.9973198660882
2010-05-26,1876.977899359766
2010-05-27,2243.862521218841
2010-05-28,2231.665753133774
2010-05-29,2188.346820716448
2010-05-30,1993.3379197440345
2010-05-31,1799.547232549446
2010-06-01,1638.3674806500037
2010-06-02,1532.2930773999474
2010-06-03,1434.0486474657598
2010-06-04,1377.3804770899565
2010-06-05,1365.7526879833447
2010-06-06,1260.5318704579593
2010-06-07,1213.5838661918851
2010-06-08,1123.8932751789598
2010-06-09,1105.3190351435537
2010-06-10,1090.24639311339
2010-06-11,1029.0211937847694
2010-06-12,1023.4330489651306
2010-06-13,1735.4976615492692
2010-06-14,2022.2166501460765
2010-06-15,2110.5318718094127
2010-06-16,2080.370223943701
2010-06-17,1892.1640640314029
2010-06-18,1754.7973026752495
2010-06-19,1670.6191937428007
2010-06-20,1469.3904136014469
2010-06-21,1417.9215189002748
2010-06-22,1438.1170986376121
2010-06-23,1734.0199133520791
2010-06-24,1728.6590390633457
2010-06-25,1753.4862811064695
2010-06-26,1828.525140425437
2010-06-27,1772.5503865605729
2010-06-28,1736.833483013313
2010-06-29,1508.1533474723217
2010-06-30,1230.5774584856395
2010-07-01,1052.13592235765
2010-07-02,838.3818773215578
2010-07-03,764.5669776836164
2010-07-04,771.0282000004366
2010-07-05,755.7274702289535
2010-07-06,805.4687761405999
2010-07-07,1014.3746665152781
2010-07-08,1045.617732269736
2010-07-09,1060.0617053260607
2010-07-10,958.885837320713
2010-07-11,1276.3164823847872
2010-07-12,1492.4077203967724
2010-07-13,1347.5233845842863
2010-07-14,1294.2767447145018
2010-07-15,1283.0118681979786
2010-07-16,1283.7125994567398
2010-07-17,1195.3482234976718
2010-07-18,1283.9977196570192
2010-07-19,1349.7380824996653
2010-07-20,1353.3188629888455
2010-07-21,1530.2428678328251
2010-07-22,1690.6806940648275
2010-07-23,1796.7776554049137
2010-07-24,1477.1315610242652
2010-07-25,1415.7963339848745
2010-07-26,1417.2732173271081
2010-07-27,1434.4361009525248
2010-07-28,1467.4970919429654
2010-07-29,1301.9428353356343
2010-07-30,1239.9852911591215
2010-07-31,1168.0266698526987
2010-08-01,1403.8484439137353
2010-08-02,1425.2657378568956
2010-08-03,1466.097490378473
2010-08-04,1477.8289940755988
2010-08-05,1548.83077676989
2010-08-06,1784.830194770182
2010-08-07,1753.5488911375153
2010-08-08,1843.089358108948
2010-08-09,1852.3826333836237
2010-08-10,1787.424568837057
2010-08-11,1701.7251884610453
2010-08-12,1676.8045441877061
2010-08-13,1671.8617184605932
2010-08-14,1622.773244070378
2010-08-15,1514.228480473693
2010-08-16,1502.1341071168365
2010-08-17,1592.1403509762545
2010-08-18,1543.1574598509717
2010-08-19,1521.0535250100731
2010-08-20,1554.5941402181645
2010-08-21,1646.5152583046504
2010-08-22,1990.3224531347007
2010-08-23,2170.991649249674
2010-08-24,2120.7612198357397
2010-08-25,2778.592564013521
2010-08-26,3496.921521816822
2010-08-27,3475.4090220487897
2010-08-28,3383.712696275166
2010-08-29,3336.1926860375665
2010-08-30,3343.742857383228
2010-08-31,3242.66000308996
2010-09-01,3109.076131556877
2010-09-02,3063.6467733913087
2010-09-03,2758.01836116015
2010-09-04,2565.9348600203207
2010-09-05,2582.502563386713
2010-09-06,2379.6428343812127
2010-09-07,2556.6761858115437
2010-09-08,2628.1049918568347
2010-09-09,2799.2047709586614
2010-09-10,2697.7564903714006
2010-09-11,2553.4296231330904
2010-09-12,2493.6574168842812
2010-09-13,2427.6817748086696
2010-09-14,2479.319253117088
2010-09-15,2409.266742730501
2010-09-16,2549.214921585348
2010-09-17,2506.6431998987937
2010-09-18,2633.259437130122
2010-09-19,2584.2219713171485
2010-09-20,2539.504305456485
2010-09-21,2526.342608427784
2010-09-22,2396.9094144831106
2010-09-23,2282.6489787386745
2010-09-24,2373.0457696128665
2010-09-25,2426.376049223774
2010-09-26,2445.5681816145393
2010-09-27,2581.5143139298575
2010-09-28,2512.3333109815876
2010-09-29,2474.8287766819803
2010-09-30,2615.1378708973984
2010-10-01,2585.026323467521
2010-10-02,2501.9337845423192
2010-10-03,2455.2314786679412
2010-10-04,2532.4728050102444
2010-10-05,2475.9170805526173
2010-10-06,2314.912931205344
2010-10-07,2200.6191336223546
2010-10-08,2212.7981033531737
2010-10-09,2285.2198594511538
2010-10-10,2255.807941647727
2010-10-11,2167.613637097728
2010-10-12,2246.139427911781
2010-10-13,2363.378445653004
2010-10-14,2116.105128652132
2010-10-15,1984.8821543532413
2010-10-16,1868.3046648816517
2010-10-17,2025.8004196440745
2010-10-18,2077.145934298121
2010-10-19,2040.81071611688
2010-10-20,2066.185978385478
2010-10-21,2075.8362775555483
2010-10-22,2035.1375492692437
2010-10-23,2072.284685028865
2010-10-24,2168.2599258046002
2010-10-25,2207.7273579068155
2010-10-26,2291.7935442098965
2010-10-27,2382.994222876577
2010-10-28,2379.4422695779676
2010-10-29,2326.386457037333
2010-10-30,2334.522402449888
2010-10-31,2362.82393764053
2010-11-01,2428.636892417976
2010-11-02,2461.850551683906
2010-11-03,2618.354630605524
2010-11-04,2513.1118868025414
2010-11-05,2528.556863149223
2010-11-06,2514.5856617872296
2010-11-07,2503.143047910812
2010-11-08,2344.421590757797
2010-11-09,2312.903768533759
2010-11-10,2364.052118723576
2010-11-11,2278.9542463562625
2010-11-12,2192.3297056194565
2010-11-13,2103.888713110737
2010-11-14,2177.037977753053
2010-11-15,2044.9191378893834
2010-11-16,1906.5346336586522
2010-11-17,1845.6383782408493
2010-11-18,1864.560034243781
2010-11-19,1804.294254825136
2010-11-20,1732.3274728047313
2010-11-21,1683.2149082550077
2010-11-22,1555.0752389252405
2010-11-23,1456.8364687408205
2010-11-24,1368.47248810554
2010-11-25,1409.6181457945142
2010-11-26,1324.103213435431
2010-11-27,1312.584695515773
2010-11-28,1406.085381675707
2010-11-29,1417.4000438420253
2010-11-30,1461.3253524495883
2010-12-01,1461.4616045001778
2010-12-02,1514.3756131134874
2010-12-03,1499.182727920729
2010-12-04,1545.2871109797336
2010-12-05,1535.0330985241726
2010-12-06,1532.8835018674408
2010-12-07,1578.5037265660796
2010-12-08,1491.3054902015203
2010-12-09,1374.0203610222384
2010-12-10,1324.848777741982
2010-12-11,1316.92384559116
2010-12-12,1377.8816959407582
2010-12-13,1397.1967584304775
2010-12-14,1548.022603732809
2010-12-15,1493.1793215900714
2010-12-16,1372.5895666119861
2010-12-17,1326.4186993769756
2010-12-18,1415.986683989621
2010-12-19,1420.337541678077
2010-12-20,1414.214781519688
2010-12-21,1461.3616667876404
2010-12-22,1470.3492717949714
2010-12-23,1443.693839175843
2010-12-24,1422.9353275752233
2010-12-25,1523.929511999858
2010-12-26,1485.0400475061601
2010-12-27,1523.9078181675627
2010-12-28,1485.7834705027292
2010-12-29,1395.6521204408168
2010-12-30,1457.826762474448
2010-12-31,1390.0677793121988
2011-01-01,1532.1958392335757
2011-01-02,1491.5129812141074
2011-01-03,1461.9646724980742
2011-01-04,1369.040516168096
2011-01-05,1463.6984209668246
2011-01-06,1459.0371344445182
2011-01-07,1454.9497568632617
2011-01-08,1399.9934626771726
2011-01-09,1404.72488696081
2011-01-10,1351.6609189837316
2011-01-11,1296.0449728064177
2011-01-12,1282.937204820033
2011-01-13,1282.5591627236427
2011-01-14,1257.0462159430301
2011-01-15,1381.5902859013484
2011-01-16,1334.5877016160737
2011-01-17,1373.1898978090292
2011-01-18,1251.3528207496777
2011-01-19,1228.1224377912777
2011-01-20,1212.1144644517492
2011-01-21,1278.8533280562315
2011-01-22,1206.7126696581329
2011-01-23,1151.007700980659
2011-01-24,1227.0340829427178
2011-01-25,1187.943881045801
2011-01-26,1152.3872377347734
2011-01-27,1153.1868302126088
2011-01-28,1217.0531722961591
2011-01-29,1194.3435185036435
2011-01-30,1089.3093089843214
2011-01-31,1107.96461736768
2011-02-01,1086.0029369390143
2011-02-02,1128.4312043030357
2011-02-03,1061.7887644232885
2011-02-04,1093.8271873089382
2011-02-05,1011.1030817415692
2011-02-06,1044.0953119889566
2011-02-07,1029.2250535673709
2011-02-08,1029.9203428552157
2011-02-09,1069.676066018847
2011-02-10,1032.9283913797406
2011-02-11,1085.462708330956
2011-02-12,1018.2617218661298
2011-02-13,1009.0993302718089
2011-02-14,935.8999196435865
2011-02-15,902.8707421051594
2011-02-16,1007.0070461841473
2011-02-17,1055.250068283318
2011-02-18,1217.9057237279892
2011-02-19,1186.8481047570938
2011-02-20,1225.321377785608
2011-02-21,1180.1970119391312
2011-02-22,1202.7333482114611
2011-02-23,1200.1481820830068
2011-02-24,1222.1508539383517
2011-02-25,1323.2934193946892
2011-02-26,1236.7026520051243
2011-02-27,1238.4247466550307
2011-02-28,1181.7004350677548
2011-03-01,1253.7204031572621
2011-03-02,1191.3402662837493
2011-03-03,1113.7957432304895
2011-03-04,1118.2024159814255
2011-03-05,1113.4402504992527
2011-03-06,1213.4542534389736
2011-03-07,1174.3704394174135
2011-03-08,1206.7862463865388
2011-03-09,1122.0096917883488
2011-03-10,1196.9305033265223
2011-03-11,1184.3348844891573
2011-03-12,1133.8376355313749
2011-03-13,1181.8620622721814
2011-03-14,1149.4335308034533
2011-03-15,1128.7047784309204
2011-03-16,1097.1066257799823
2011-03-17,1091.7549902846292
2011-03-18,999.5313272380888
2011-03-19,911.9408542286526
2011-03-20,944.2043541053282
2011-03-21,999.0728149910603
2011-03-22,1104.0232965358834
2011-03-23,1084.0236071141842
2011-03-24,1118.5659234318375
2011-03-25,1145.8565982147798
2011-03-26,1217.1910562943722
2011-03-27,1153.0386844710672
2011-03-28,1104.0997739963832
2011-03-29,1099.9353310177737
2011-03-30,1090.7533223771118
2011-03-31,1150.4088217651017
2011-04-01,1138.5451066524156
2011-04-02,1148.4945147742724
2011-04-03,1093.622018569643
2011-04-04,1098.6262165293024
2011-04-05,1087.91656743856
2011-04-06,1069.8362429041504
2011-04-07,1148.8525148979495
2011-04-08,1109.1211161806398
2011-04-09,1168.4916398375817
2011-04-10,1122.9193183112195
2011-04-11,1146.8715889420423
2011-04-12,1200.8547476745412
2011-04-13,1113.2450233244633
2011-04-14,1098.6404617633555
2011-04-15,1066.3337032831698
2011-04-16,1086.2435066582561
2011-04-17,1027.8026721925967
2011-04-18,1018.3194572165219
2011-04-19,959.084418553144
2011-04-20,982.6779039428225
2011-04-21,1064.611885659741
2011-04-22,1091.8646297010891
2011-04-23,1169.7790434377605
2011-04-24,1119.91701645124
2011-04-25,1212.9452139086163
2011-04-26,1132.7334488304123
2011-04-27,1133.7774437958406
2011-04-28,1055.1634182418675
2011-04-29,951.015270954413
2011-04-30,855.4871794085221
2011-05-01,897.5669034895678
2011-05-02,834.8256901257593
2011-05-03,853.5421647940777
2011-05-04,900.6401595783965
2011-05-05,875.8120797812195
2011-05-06,806.4801326647711
2011-05-07,1101.6488417886014
2011-05-08,1056.4504254434053
2011-05-09,984.112463312923
2011-05-10,902.4186236188621
2011-05-11,936.3865856893378
2011-05-12,904.9337377451747
2011-05-13,1128.644312238498
2011-05-14,1304.9218913493348
2011-05-15,1191.1893477954284
2011-05-16,1160.781899406969
2011-05-17,1050.3956107835572
2011-05-18,1142.7668061137608
2011-05-19,1202.738401329294
2011-05-20,1053.1651668867985
2011-05-21,1150.2755618714548
2011-05-22,1203.7086539575794
2011-05-23,1195.1122367851178
2011-05-24,1083.5174436353595
2011-05-25,1003.6015291434304
2011-05-26,978.2895378498357
2011-05-27,1034.3193373037452
2011-05-28,1061.0991492475614
2011-05-29,1047.6089324171326
2011-05-30,1030.1236763542083
2011-05-31,937.0137929746372
2011-06-01,940.6969365774548
2011-06-02,937.540724835882
2011-06-03,901.3214930270566
2011-06-04,840.9145289236124
2011-06-05,818.5612282900047
2011-06-06,809.604023605144
2011-06-07,1295.06666211074
2011-06-08,2156.872349065902
2011-06-09,2425.0686965720315
2011-06-10,2370.8938828905716
2011-06-11,2835.9646322880285
2011-06-12,2867.4211136845092
2011-06-13,2941.9992808538295
2011-06-14,2850.2892911851504
2011-06-15,2707.5246171900317
2011-06-16,2354.0911607766616
2011-06-17,2085.1005891388927
2011-06-18,1671.7516737936953
2011-06-19,1387.1114907209906
2011-06-20,1211.7309580869917
2011-06-21,1162.5415686791905
2011-06-22,1058.5954641502221
2011-06-23,1309.055095628112
2011-06-24,1360.8343566121773
2011-06-25,1543.31035998735
2011-06-26,1556.5497306908467
2011-06-27,1591.0498604519362
2011-06-28,1317.7372675695456
2011-06-29,1437.6967280290744
2011-06-30,1416.830382504143
2011-07-01,1368.664830889895
2011-07-02,1583.0587754625317
2011-07-03,2050.4718325103677
2011-07-04,1975.1982395291143
2011-07-05,1886.2030368978913
2011-07-06,1864.6469506356248
2011-07-07,1711.8840591186217
2011-07-08,1675.3363446114022
2011-07-09,1737.4461374848183
2011-07-10,1756.092511547761
2011-07-11,1642.0849301834555
2011-07-12,1496.0056657679754
2011-07-13,1413.3259021998012
2011-07-14,1236.6263990217697
2011-07-15,1100.8303759182088
2011-07-16,1175.9440087987455
2011-07-17,1505.8530579904216
2011-07-18,1442.380521439531
2011-07-19,1577.0273536283914
2011-07-20,1682.664494808168
2011-07-21,1891.216745483547
2011-07-22,1963.7946164142963
2011-07-23,1810.3345680820128
2011-07-24,1865.072636422124
2011-07-25,1931.747667686254
2011-07-26,1935.5964752861619
2011-07-27,1568.8659215064026
2011-07-28,1528.4391158576866
2011-07-29,1530.2919672260537
2011-07-30,1913.1704166510394
2011-07-31,2224.065619266648
2011-08-01,2300.3310287311324
2011-08-02,1860.4122830799633
2011-08-03,1805.8600499749225
2011-08-04,1805.8600499749225
2011-08-05,1734.1911714732298
2011-08-06,1480.1592813598477
2011-08-07,1512.978846335944
2011-08-08,1718.094689511107
2011-08-09,2006.1677340360268
2011-08-10,1895.6732195381635
2011-08-11,1935.0144325938716
2011-08-12,1731.8505278300865
2011-08-13,1758.8195495170091
2011-08-14,1492.0706858297337
2011-08-15,1683.0281104469252
2011-08-16,1794.0308898507908
2011-08-17,1378.149525926491
2011-08-18,1370.979115434736
2011-08-19,1407.0970754904024
2011-08-20,1407.0970754904024
2011-08-21,1427.7638407196591
2011-08-22,917.8972416092647
2011-08-23,943.847957295209
2011-08-24,1385.5132879013652
2011-08-25,1549.5135376013338
2011-08-26,1717.3309869907932
2011-08-27,1850.65194933962
2011-08-28,1841.6578425790576
2011-08-29,1901.4948928726453
2011-08-30,1892.2597084487068
2011-08-31,1883.9821988521962
2011-09-01,2129.3503637478443
2011-09-02,1915.5598789166743
2011-09-03,2023.2967024614506
2011-09-04,1821.346057038449
2011-09-05,1821.3460570384489
2011-09-06,1467.2938859555866
2011-09-07,1691.7164218067346
2011-09-08,1634.2539629300236
2011-09-09,1597.1838945214515
2011-09-10,1829.9410409346212
2011-09-11,1851.1767633873267
2011-09-12,1969.1510859413736
2011-09-13,1962.4046168177013
2011-09-14,1957.7639444348617
2011-09-15,1705.0905944603046
2011-09-16,1749.4608720295944
2011-09-17,1789.1445029415456
2011-09-18,1785.7210126208026
2011-09-19,1164.5058996380126
2011-09-20,1301.1812627695024
2011-09-21,1301.1812627695022
2011-09-22,1440.3919732532954
2011-09-23,1426.7628850786923
2011-09-24,1469.41351075943
2011-09-25,1317.3232930245324
2011-09-26,1645.1665612477577
2011-09-27,1799.363400261664
2011-09-28,2259.126112645709
2011-09-29,2549.8105782772805
2011-09-30,2598.961753019558
2011-10-01,2755.689105957311
2011-10-02,2684.6392430864453
2011-10-03,2932.4227282293623
2011-10-04,2781.9887872496574
2011-10-05,2704.3281336118134
2011-10-06,2779.4582380682614
2011-10-07,2736.9366685812265
2011-10-08,2592.6685876536308
2011-10-09,2596.18713426162
2011-10-10,2586.761946744437
2011-10-11,2660.2443216577485
2011-10-12,2637.3244319497558
2011-10-13,2464.68306851452
2011-10-14,2589.2824354399568
2011-10-15,2612.9968930324003
2011-10-16,2512.7713839824423
2011-10-17,2406.6967852361145
2011-10-18,2404.115178272301
2011-10-19,2310.8000420415196
2011-10-20,2235.054478376408
2011-10-21,2216.0632487442685
2011-10-22,2336.9856236824694
2011-10-23,2290.6757778229494
2011-10-24,2289.8526662954437
2011-10-25,2268.1546960660257
2011-10-26,2361.9583441729665
2011-10-27,2425.429470520063
2011-10-28,2571.9756928229244
2011-10-29,2490.432761912781
2011-10-30,2510.267311793379
2011-10-31,2459.4944366654645
2011-11-01,2329.9363882961025
2011-11-02,2311.237670788534
2011-11-03,2218.9988268320108
2011-11-04,2116.81653410301
2011-11-05,2284.939117787276
2011-11-06,2273.2863981423584
2011-11-07,2155.7594263879455
2011-11-08,2085.4188617778286
2011-11-09,2156.5345090754286
2011-11-10,2127.6118828004187
2011-11-11,2097.141572951906
2011-11-12,2071.6363398787125
2011-11-13,1947.717317470665
2011-11-14,1861.8418774683857
2011-11-15,1688.5179507565067
2011-11-16,1607.7805988634643
2011-11-17,1526.3745548219242
2011-11-18,1493.7021836338797
2011-11-19,1475.2750357835523
2011-11-20,1533.8788219960813
2011-11-21,1493.5899969976183
2011-11-22,1441.958867479331
2011-11-23,1471.1392864694421
2011-11-24,1620.899159250431
2011-11-25,1627.4167592692354
2011-11-26,1511.2784112683978
2011-11-27,1500.7983662245997
2011-11-28,1695.3257807490481
2011-11-29,1570.8829240722312
2011-11-30,1673.556999169357
2011-12-01,1683.0347046485138
2011-12-02,1683.0347046485138
2011-12-03,1578.0438391204193
2011-12-04,1612.8299732935282
2011-12-05,1522.7329886912487
2011-12-06,1526.2047158894845
2011-12-07,1507.037310905053
2011-12-08,1451.2164016147913
2011-12-09,1481.9115600099094
2011-12-10,1447.614058867016
2011-12-11,1444.3882560726172
2011-12-12,1448.838480931474
2011-12-13,1445.8143008052593
2011-12-14,1523.586695905614
2011-12-15,1448.9186223375516
2011-12-16,1470.7005933951461
2011-12-17,1560.5520371979205
2011-12-18,1606.033040148917
2011-12-19,1548.926168640097
2011-12-20,1627.740521453147
2011-12-21,1666.9100125681523
2011-12-22,1536.2906272766654
2011-12-23,1515.349472891356
2011-12-24,1506.1364652315863
2011-12-25,1553.6536269705275
2011-12-26,1454.3346422236627
2011-12-27,1477.8091720117486
2011-12-28,1581.30131741297
2011-12-29,1449.866937814995
2011-12-30,1389.9956792786638
2011-12-31,1368.965127926422
2012-01-01,1338.7215947745847
2012-01-02,1309.6717003782974
2012-01-03,1560.0566564438755
2012-01-04,1534.942914303442
2012-01-05,1580.206032384221
2012-01-06,1659.6163094303095
2012-01-07,1714.872478783645
2012-01-08,1641.560740143246
2012-01-09,1614.3697466303652
2012-01-10,1476.1027213078219
2012-01-11,1786.6190694698762
2012-01-12,1760.6917267239157
2012-01-13,1775.50997912813
2012-01-14,1786.127720943735
2012-01-15,2065.6135199100218
2012-01-16,1901.3397508499306
2012-01-17,1801.938314923922
2012-01-18,1700.6939675224125
2012-01-19,1816.9480090271359
2012-01-20,1722.000500640328
2012-01-21,1752.5350858870638
2012-01-22,1716.78548214148
2012-01-23,1692.0818818927532
2012-01-24,1657.7723139422558
2012-01-25,1790.009777707235
2012-01-26,1683.2301607764048
2012-01-27,1690.7385393449858
2012-01-28,1618.2227559195567
2012-01-29,1661.4163917244814
2012-01-30,1635.1500070814998
2012-01-31,1674.0117795055476
2012-02-01,1551.1398923114764
2012-02-02,1393.138940141959
2012-02-03,1385.875416969549
2012-02-04,1331.1401592962632
2012-02-05,1265.1640096573483
2012-02-06,1367.5030150082077
2012-02-07,1301.639014375369
2012-02-08,1256.5155767787692
2012-02-09,1208.59640975802
2012-02-10,1285.112362777285
2012-02-11,1302.602387742857
2012-02-12,1361.0299923366179
2012-02-13,1317.2909172736354
2012-02-14,1292.0729836947517
2012-02-15,1303.2294531319105
2012-02-16,1193.0262393339026
2012-02-17,1212.8995130131823
2012-02-18,1297.1088110407027
2012-02-19,1288.2065790735705
2012-02-20,1245.1348971438829
2012-02-21,1247.9028291190455
2012-02-22,1269.4340487699933
2012-02-23,1267.6713133998526
2012-02-24,1317.2194221291315
2012-02-25,1388.393528900265
2012-02-26,1368.1576234070924
2012-02-27,1432.5995349473276
2012-02-28,1418.1325826126647
2012-02-29,1415.9642905992546
2012-03-01,1424.7449741321673
2012-03-02,1407.491386390084
2012-03-03,1432.485636796982
2012-03-04,1405.1768500111043
2012-03-05,1332.5337145670512
2012-03-06,1266.5908607845356
2012-03-07,1308.1142027106712
2012-03-08,1345.925862145196
2012-03-09,1294.9908576382672
2012-03-10,1357.4383767584675
2012-03-11,1365.2341480198909
2012-03-12,1384.3677207494845
2012-03-13,1424.4497356985053
2012-03-14,1756.1755118114959
2012-03-15,1859.917640747656
2012-03-16,1790.3659002942595
2012-03-17,1677.4948230753891
2012-03-18,1631.7751710328034
2012-03-19,1604.7249282719947
2012-03-20,1524.5811457656293
2012-03-21,1305.086509451401
2012-03-22,1364.4454374358838
2012-03-23,1355.1923196656703
2012-03-24,1270.9815098892086
2012-03-25,1344.897314359484
2012-03-26,1366.8064987678747
2012-03-27,1414.3715503193005
2012-03-28,1332.203675584848
2012-03-29,1423.6791392542896
2012-03-30,1441.3587682522802
2012-03-31,1390.0977062665095
2012-04-01,1345.8734430748411
2012-04-02,1341.6515139260675
2012-04-03,1331.1990343488508
2012-04-04,1318.1031722502087
2012-04-05,1243.4755885848012
2012-04-06,1285.4101279348015
2012-04-07,1242.0981039949056
2012-04-08,1111.280544219958
2012-04-09,1116.4726253646688
2012-04-10,1151.4430489799947
2012-04-11,1145.2142210439806
2012-04-12,1203.3199196870698
2012-04-13,1302.0781068302504
2012-04-14,1282.6945477009144
2012-04-15,1236.7053149399742
2012-04-16,1277.7340685023403
2012-04-17,1420.9234717086247
2012-04-18,1443.2195898465666
2012-04-19,1420.3200652555774
2012-04-20,1471.6018994790147
2012-04-21,1483.0004312603542
2012-04-22,1479.8348623322993
2012-04-23,1490.470959228436
2012-04-24,1529.7737767780468
2012-04-25,1485.3579863854966
2012-04-26,1490.9642187059842
2012-04-27,1371.0613296110516
2012-04-28,1471.7217948752443
2012-04-29,1436.1754970297598
2012-04-30,1364.8011430355073
2012-05-01,1351.6566997228508
2012-05-02,1457.3514792792841
2012-05-03,1429.3032395477971
2012-05-04,1616.2197317715725
2012-05-05,1988.6438242579752
2012-05-06,2022.0880822447439
2012-05-07,1903.849324747694
2012-05-08,1760.601500825591
2012-05-09,1887.2655373098903
2012-05-10,1771.7748320180633
2012-05-11,1578.9727630348245
2012-05-12,1450.5965071442545
2012-05-13,1462.1272461671035
2012-05-14,1439.685601932023
2012-05-15,1323.4590803152591
2012-05-16,1340.0359240338678
2012-05-17,1345.2022946670843
2012-05-18,1289.583162757693
2012-05-19,1785.0802753360588
2012-05-20,1893.1584627775208
2012-05-21,1917.1935736262174
2012-05-22,1914.1942710990902
2012-05-23,1887.2422760296258
2012-05-24,1994.9170727160092
2012-05-25,1926.4290996325553
2012-05-26,1719.9600917449766
2012-05-27,1636.3362407758564
2012-05-28,1665.2040666595067
2012-05-29,1719.9184825483637
2012-05-30,1717.075323326222
2012-05-31,1555.8970392180356
2012-06-01,1633.2162597847973
2012-06-02,1775.9816354215423
2012-06-03,1668.0616413112546
2012-06-04,1802.00989337869
2012-06-05,1784.2580534168007
2012-06-06,1634.756330960341
2012-06-07,1520.6502093820452
2012-06-08,1456.7973436501647
2012-06-09,1414.625065861425
2012-06-10,1360.5049701980854
2012-06-11,1293.302727936474
2012-06-12,1438.6801465238293
2012-06-13,1370.5594187603683
2012-06-14,1327.7473462775379
2012-06-15,1375.1069789593619
2012-06-16,1335.1797615495063
2012-06-17,1271.0362475448355
2012-06-18,1169.4241095010998
2012-06-19,1241.4131067068936
2012-06-20,1351.196543221887
2012-06-21,1501.977083011254
2012-06-22,1492.294268326607
2012-06-23,1725.966744451993
2012-06-24,1771.6722500661713
2012-06-25,2130.088195375201
2012-06-26,2340.373236622775
2012-06-27,2509.440228099057
2012-06-28,2417.312034493769
2012-06-29,2248.6322581237655
2012-06-30,2452.931523176008
2012-07-01,2487.5004128908668
2012-07-02,2371.9805606910263
2012-07-03,2227.5248585121326
2012-07-04,2241.1420043779467
2012-07-05,2087.261639812488
2012-07-06,1985.4792452187617
2012-07-07,1849.3135788045602
2012-07-08,2123.51035938499
2012-07-09,2277.5235574745757
2012-07-10,2280.5144712617816
2012-07-11,2392.886929176619
2012-07-12,2256.7228611227783
2012-07-13,2118.2784779060144
2012-07-14,1831.0834239572814
2012-07-15,2023.9229250088415
2012-07-16,2094.415985527384
2012-07-17,2070.562621262373
2012-07-18,2237.8532399059377
2012-07-19,2011.9319223918008
2012-07-20,2267.4581591902215
2012-07-21,2511.122275030869
2012-07-22,2526.275086173978
2012-07-23,2503.0726298879513
2012-07-24,2122.4309703022222
2012-07-25,2174.3944967222956
2012-07-26,2740.202236114941
2012-07-27,2834.9415983842637
2012-07-28,2645.107778576586
2012-07-29,2613.073780622087
2012-07-30,2749.80700643406
2012-07-31,2696.793129352004
2012-08-01,2502.1085458256985
2012-08-02,2121.7654712795925
2012-08-03,1956.4658973184244
2012-08-04,2091.459115930507
2012-08-05,2530.1564114753623
2012-08-06,2899.4000535410696
2012-08-07,2961.4390749619865
2012-08-08,3025.0749543130255
2012-08-09,2927.415808241147
2012-08-10,2855.8645356144716
2012-08-11,2702.9857766716273
2012-08-12,2386.1332076476997
2012-08-13,2210.383394202052
2012-08-14,2135.3601898769193
2012-08-15,2083.1009497009554
2012-08-16,2091.8119837932636
2012-08-17,2058.5201802282922
2012-08-18,2204.9718748558594
2012-08-19,2294.3795552480374
2012-08-20,2252.0466759609926
2012-08-21,2351.008165063314
2012-08-22,2306.499459326888
2012-08-23,2553.231296659688
2012-08-24,2576.3128413478466
2012-08-25,2577.9836795331025
2012-08-26,2591.1729005404277
2012-08-27,2174.7742359203658
2012-08-28,2233.5927027881057
2012-08-29,2261.288033686836
2012-08-30,2368.8832300066283
2012-08-31,2411.21066113515
2012-09-01,2575.7155420426334
2012-09-02,2483.515569501324
2012-09-03,2561.843310428927
2012-09-04,2479.7692790679293
2012-09-05,2562.090404939942
2012-09-06,2370.07033971609
2012-09-07,2452.722549134247
2012-09-08,2512.2533451650374
2012-09-09,2527.9722711421336
2012-09-10,2357.4474976743804
2012-09-11,2360.9724124184713
2012-09-12,2251.954789723728
2012-09-13,2635.809786130496
2012-09-14,2518.0916707810925
2012-09-15,2382.4086505184628
2012-09-16,2225.342169414792
2012-09-17,2131.451972909403
2012-09-18,2449.927800198157
2012-09-19,3254.2843646482643
2012-09-20,3632.61638699095
2012-09-21,3570.187779349517
2012-09-22,3540.2704519533777
2012-09-23,3368.9299536898466
2012-09-24,3492.5682363143337
2012-09-25,3387.107083967844
2012-09-26,3231.5117702084735
2012-09-27,3177.0507552483223
2012-09-28,3237.6159316473004
2012-09-29,3174.3140680853344
2012-09-30,3014.718645820665
2012-10-01,3105.542932663157
2012-10-02,2970.318310293411
2012-10-03,2749.14099089056
2012-10-04,2785.1962755798368
2012-10-05,2889.7594769107527
2012-10-06,2896.9751380507373
2012-10-07,2687.880841805865
2012-10-08,2614.41948099566
2012-10-09,2652.1160877923135
2012-10-10,2562.5698800174096
2012-10-11,2543.4841608924557
2012-10-12,2650.3913632796857
2012-10-13,2685.360037883638
2012-10-14,2436.9448273494017
2012-10-15,2530.5814119610172
2012-10-16,2571.646977474175
2012-10-17,2519.693485016027
2012-10-18,2643.125701672498
2012-10-19,2610.0399850670633
2012-10-20,2545.8788264716854
2012-10-21,2442.2247510453503
2012-10-22,2423.895123697282
2012-10-23,2583.384768868232
2012-10-24,2518.4203252455495
2012-10-25,2473.286333322374
2012-10-26,2431.1051373457217
2012-10-27,2490.647671403722
2012-10-28,2602.895134505614
2012-10-29,2455.2069977766373
2012-10-30,2522.425334836261
2012-10-31,2562.4852442625174
2012-11-01,2593.2516712089036
2012-11-02,2669.6982187741664
2012-11-03,2614.174332639002
2012-11-04,2636.886032778246
2012-11-05,2530.4141206093996
2012-11-06,2437.935035682318
2012-11-07,2391.1789574573213
2012-11-08,2419.4654746755637
2012-11-09,2275.184299056931
2012-11-10,2313.5372520178075
2012-11-11,2238.3261654709754
2012-11-12,2081.0052095306346
2012-11-13,2092.374727705789
2012-11-14,2045.5130210941586
2012-11-15,2226.272112644777
2012-11-16,2123.581118614412
2012-11-17,2072.3726621877045
2012-11-18,2147.643221909295
2012-11-19,2176.548184835856
2012-11-20,2140.0021992110787
2012-11-21,2054.6393615953025
2012-11-22,1932.2386169301012
2012-11-23,1965.5500134469949
2012-11-24,1772.5511821114185
2012-11-25,1669.8242873232825
2012-11-26,1732.2179622622562
2012-11-27,1735.4776745211407
2012-11-28,1651.7643718877896
2012-11-29,1641.1639128243116
2012-11-30,1478.5084662001213
2012-12-01,1471.4964711116875
2012-12-02,1495.9604814713684
2012-12-03,1446.9654195178284
2012-12-04,1492.2692139285725
2012-12-05,1434.1710978186509
2012-12-06,1526.8759321903176
2012-12-07,1500.6971014007293
2012-12-08,1482.7417939545617
2012-12-09,1566.7256861304013
2012-12-10,1654.0817143495176
2012-12-11,1617.9609324590901
2012-12-12,1568.1405913484105
2012-12-13,1488.852838299394
2012-12-14,1572.3487647981178
2012-12-15,1629.3795446155798
2012-12-16,1590.8455892731401
2012-12-17,1573.3464308510358
2012-12-18,1654.4213353777245
2012-12-19,1629.7600785744512
2012-12-20,1751.2483286409047
2012-12-21,1765.739513970798
2012-12-22,1766.8371530420086
2012-12-23,1720.3409870524288
2012-12-24,1729.755140993333
2012-12-25,1629.679173892884
2012-12-26,1640.3323973477275
2012-12-27,1698.5144146135924
2012-12-28,1693.1691846063586
2012-12-29,1693.1691846063588
2012-12-30,1591.6231198689277
2012-12-31,1619.9943233391741
2013-01-01,1625.6719256992803
2013-01-02,1745.2588883774558
2013-01-03,1731.5513173910465
2013-01-04,1618.0153370112375
2013-01-05,1511.2353238168264
2013-01-06,1590.8747412017622
2013-01-07,1460.9573697306046
2013-01-08,1589.045652171787
2013-01-09,1603.7386759040517
2013-01-10,1654.8714067353726
2013-01-11,1725.5718067250793
2013-01-12,1601.9277005079393
2013-01-13,1571.105097409093
2013-01-14,1492.2463432766685
2013-01-15,1502.0463060659115
2013-01-16,1460.7188264535312
2013-01-17,1367.963026368081
2013-01-18,1352.4299027911986
2013-01-19,1344.1198117749482
2013-01-20,1461.527668960091
2013-01-21,1432.5499500385802
2013-01-22,1410.9187798547528
2013-01-23,1325.6917276469524
2013-01-24,1421.0839018997435
2013-01-25,1382.8678874056861
2013-01-26,1370.383263939676
2013-01-27,1398.7164246096818
2013-01-28,1419.0620514023394
2013-01-29,1380.8008553472232
2013-01-30,1391.6177753861368
2013-01-31,1607.698726409262
2013-02-01,1625.89011575032
2013-02-02,1498.8804644570043
2013-02-03,1511.5013175509239
2013-02-04,1464.5573256132407
2013-02-05,1358.3669551813803
2013-02-06,1289.8372980977965
2013-02-07,1399.4777513060649
2013-02-08,1477.1772301086924
2013-02-09,1456.4585608620453
2013-02-10,1436.5275175600573
2013-02-11,1362.3392372168144
2013-02-12,1443.6598215762594
2013-02-13,1414.317495654282
2013-02-14,1421.582284880764
2013-02-15,1456.9154238218562
2013-02-16,1458.4519122633983
2013-02-17,1452.8694427370247
2013-02-18,1352.4614407026434
2013-02-19,1404.7076143394438
2013-02-20,1408.3771734541767
2013-02-21,1404.7056479510727
2013-02-22,1384.5710611658822
2013-02-23,1367.8644653332678
2013-02-24,1381.0293722950369
2013-02-25,1321.9208713840992
2013-02-26,1289.99295111508
2013-02-27,1401.7875223037179
2013-02-28,1464.3221258379679
2013-03-01,1452.975806122633
2013-03-02,1475.1751555987053
2013-03-03,1492.860463426978
2013-03-04,1445.5284992053546
2013-03-05,1397.2613196314237
2013-03-06,1393.5171944940737
2013-03-07,1287.2159028188548
2013-03-08,1309.1605833414542
2013-03-09,1330.1848741070025
2013-03-10,1319.4879578999657
2013-03-11,1292.2221903361983
2013-03-12,1220.8523966093678
2013-03-13,1212.549059615461
2013-03-14,1221.6283335694743
2013-03-15,1204.7461749304593
2013-03-16,1308.7705960192634
2013-03-17,1295.312283778964
2013-03-18,1340.2518743001758
2013-03-19,1256.9485503569197
2013-03-20,1294.0109465051214
2013-03-21,1286.1597835568916
2013-03-22,1280.4794056685123
2013-03-23,1346.6580965403764
2013-03-24,1329.4843605236954
2013-03-25,1402.7865027759137
2013-03-26,1427.5851935372941
2013-03-27,1430.1401248275522
2013-03-28,1527.5381660846508
2013-03-29,1543.0527045035572
2013-03-30,1433.2355592628253
2013-03-31,1334.4816239668812
2013-04-01,1381.8716468458795
2013-04-02,1378.1740324569914
2013-04-03,1342.136409428052
2013-04-04,1269.8132585986964
2013-04-05,1269.8132585986964
2013-04-06,1341.6274464132525
2013-04-07,1283.620527191595
2013-04-08,1540.903847395289
2013-04-09,1618.6222390737648
2013-04-10,1563.1166565582794
2013-04-11,1466.130206428344
2013-04-12,1450.0799708979391
2013-04-13,1480.426590111917
2013-04-14,1338.0727269092629
2013-04-15,1318.4275711374435
2013-04-16,1230.2117475068294
2013-04-17,1183.843341114297
2013-04-18,1105.5493290715674
2013-04-19,1129.859273134502
2013-04-20,1174.3978576804702
2013-04-21,1106.5017711767357
2013-04-22,1258.4188244764466
2013-04-23,1266.2905164564709
2013-04-24,1721.410172908556
2013-04-25,1802.4146487339929
2013-04-26,1769.3181225127482
2013-04-27,1852.8313596986463
2013-04-28,1852.0273987029939
2013-04-29,1928.4629990586018
2013-04-30,1918.9003873656825
2013-05-01,1898.7085955338
2013-05-02,1901.1316393281393
2013-05-03,1926.4105994469692
2013-05-04,1919.3845334325
2013-05-05,1966.4584861401806
2013-05-06,1897.9999999999998
2013-05-07,
2013-05-08,
2013-05-09,
2013-05-10,
2013-05-11,
2013-05-12,
2013-05-13,
2013-05-14,
2013-05-15,
2013-05-16,
2013-05-17,1221.0
2013-05-18,1067.201465493949
2013-05-19,972.4900978722194
2013-05-20,1141.6737097164425
2013-05-21,1497.2050576013673
2013-05-22,1519.7585535204435
2013-05-23,1756.207875198867
2013-05-24,1854.0509106091808
2013-05-25,1791.5635061800351
2013-05-26,3755.742757789001
2013-05-27,3428.1895016097274
2013-05-28,3017.874656742928
2013-05-29,2707.3923710088484
2013-05-30,2341.2901150011353
2013-05-31,2081.4531092308875
2013-06-01,1938.7304109021516
2013-06-02,1668.6333701755134
2013-06-03,1716.097034014317
2013-06-04,1674.2109793074549
2013-06-05,1579.1145742756162
2013-06-06,1590.93459856213
2013-06-07,1595.767792606669
2013-06-08,1568.65357344873
2013-06-09,1563.2404141145246
2013-06-10,1587.1313894698997
2013-06-11,1623.5219105000206
2013-06-12,1601.432368018881
2013-06-13,1628.2862419686448
2013-06-14,1560.117212064877
2013-06-15,1633.9113254363756
2013-06-16,1574.6103470242492
2013-06-17,1592.0218967651203
2013-06-18,2040.5155904718472
2013-06-19,2316.3567425531437
2013-06-20,2663.7419979389674
2013-06-21,2752.7283832610083
2013-06-22,2565.137911098649
2013-06-23,3115.5724630165405
2013-06-24,2642.4511047255373
2013-06-25,2696.7776172115596
2013-06-26,2454.228772964434
2013-06-27,2330.4983228287047
2013-06-28,2155.1345694272372
2013-06-29,2048.717462713526
2013-06-30,1980.504618989472
2013-07-01,1778.8132949251496
2013-07-02,1638.18853166275
2013-07-03,1633.6202896793168
2013-07-04,1603.0139348938703
2013-07-05,1500.9760651109964
2013-07-06,1438.6174607881992
2013-07-07,1638.5675931882893
2013-07-08,1479.2360246907301
2013-07-09,1830.2031993889411
2013-07-10,1935.0427210980147
2013-07-11,2130.2328366469565
2013-07-12,2371.1183215476044
2013-07-13,2591.371686988771
2013-07-14,2614.28094214228
2013-07-15,2605.759182507895
2013-07-16,2427.2950019749455
2013-07-17,2533.0464961997855
2013-07-18,2335.5750059121224
2013-07-19,2178.538937930159
2013-07-20,2129.7315965800494
2013-07-21,2393.3292390115253
2013-07-22,2631.3178323254438
2013-07-23,3108.274822852862
2013-07-24,3218.3716571746145
2013-07-25,3764.9446423814848
2013-07-26,4071.5233717688498
2013-07-27,4286.444082062133
2013-07-28,3963.6377020376
2013-07-29,3799.362969455574
2013-07-30,3530.3938975353162
2013-07-31,3271.73919652058
2013-08-01,3183.5179539549654
2013-08-02,2963.18481549715
2013-08-03,2560.5914155045652
2013-08-04,2510.5879149309667
2013-08-05,2579.6005036149536
2013-08-06,2378.2104816058477
2013-08-07,2127.0747012001225
2013-08-08,2112.7937205230833
2013-08-09,2241.3414773238733
2013-08-10,2264.5598506182378
2013-08-11,2292.7422457067396
2013-08-12,2386.540578571693
2013-08-13,2451.918530129056
2013-08-14,2471.0107743440985
2013-08-15,2773.9986690493633
2013-08-16,2417.927377151366
2013-08-17,2295.13732424134
2013-08-18,2410.126039507202
2013-08-19,2296.612968435919
2013-08-20,2280.707425860457
2013-08-21,2354.3876627766103
2013-08-22,2414.168969176836
2013-08-23,2377.7062831547446
2013-08-24,2501.2797283928335
2013-08-25,2345.41009684903
2013-08-26,2163.7195242791913
2013-08-27,2054.126735073504
2013-08-28,2159.5144532690624
2013-08-29,2154.24489748978
2013-08-30,2231.5549658638397
2013-08-31,2350.0644311460846
2013-09-01,1969.2442603224006
2013-09-02,1960.7643228254658
2013-09-03,1881.4712091101394
2013-09-04,2052.160848707295
2013-09-05,2272.045556388299
2013-09-06,1973.476483927804
2013-09-07,2185.0963758100315
2013-09-08,2384.9442919642815
2013-09-09,2419.2050407043453
2013-09-10,2352.9773047903955
2013-09-11,2448.971334410234
2013-09-12,2584.6697589228943
2013-09-13,2509.8370225049566
2013-09-14,2390.352209818426
2013-09-15,2363.9750934117365
2013-09-16,2347.2688131977425
2013-09-17,2346.3347439357754
2013-09-18,2353.9256388414597
2013-09-19,2247.1829918255744
2013-09-20,2170.8930856755837
2013-09-21,2232.4914404137953
2013-09-22,2211.5465442413206
2013-09-23,2263.979869394326
2013-09-24,2191.843521378645
2013-09-25,2231.9539406302097
2013-09-26,2165.7018605662033
2013-09-27,2209.703320751089
2013-09-28,2188.431980404973
2013-09-29,2046.1600944318764
2013-09-30,2256.9795563558323
2013-10-01,2103.811197548586
2013-10-02,1906.451891200047
2013-10-03,1846.178745878259
2013-10-04,1774.2254612506651
2013-10-05,1603.9788042556497
2013-10-06,1735.0084631028255
2013-10-07,1951.4389846573486
2013-10-08,2183.8223826453695
2013-10-09,2260.9445558960247
2013-10-10,2132.908584703893
2013-10-11,2267.559971591019
2013-10-12,2194.504652719566
2013-10-13,1761.95672630065
2013-10-14,1523.7761509939005
2013-10-15,1790.5606646169638
2013-10-16,2155.928460850859
2013-10-17,2150.7457123838585
2013-10-18,2331.5054977330647
2013-10-19,2401.7123613300228
2013-10-20,2546.8990309879227
2013-10-21,2682.394732581068
2013-10-22,2787.4748591618168
2013-10-23,2848.984223851401
2013-10-24,2749.5257106845447
2013-10-25,2812.390595290214
2013-10-26,2833.502239634113
2013-10-27,2850.946476633864
2013-10-28,2813.4352571091204
2013-10-29,2894.6332172975312
2013-10-30,2842.41893202224
2013-10-31,2754.7331371463415
2013-11-01,2771.4439229019454
2013-11-02,2707.9844947315564
2013-11-03,2673.9648313267617
2013-11-04,2573.3887823160303
2013-11-05,2582.339714633616
2013-11-06,2752.9394464067013
2013-11-07,2732.2425796345956
2013-11-08,2756.5920688418682
2013-11-09,2731.7377932360137
2013-11-10,2854.000833072307
2013-11-11,2835.4803146766026
2013-11-12,2654.452762717821
2013-11-13,2615.328955137379
2013-11-14,2316.755707765923
2013-11-15,2336.701701897847
2013-11-16,2367.1343781748565
2013-11-17,2448.0690766522407
2013-11-18,2324.9988296211473
2013-11-19,2307.465972867898
2013-11-20,2257.992893369303
2013-11-21,2242.3360213708675
2013-11-22,2194.1706943319814
2013-11-23,2079.4577901877174
2013-11-24,2067.1079564936986
2013-11-25,1920.2478009119948
2013-11-26,1928.6319316378285
2013-11-27,1970.5012175147779
2013-11-28,1993.4151545613217
2013-11-29,2005.522721379565
2013-11-30,1993.6173316459187
2013-12-01,1991.440853049029
2013-12-02,2012.9188144550628
2013-12-03,2040.3147224118609
2013-12-04,1955.6393475179116
2013-12-05,1908.9119806020244
2013-12-06,1860.5967415776204
2013-12-07,1820.2414493777176
2013-12-08,1849.6289654712753
2013-12-09,1813.1074897821875
2013-12-10,1857.7964936526278
2013-12-11,1757.7324671157564
2013-12-12,1868.0778597405942
2013-12-13,1792.3086504837604
2013-12-14,1742.6064387752601
2013-12-15,1802.6022051344066
2013-12-16,1849.2173046333994
2013-12-17,1789.8286983685834
2013-12-18,1690.7183227456976
2013-12-19,1711.4797186687592
2013-12-20,1766.941852885958
2013-12-21,1716.2250210546852
2013-12-22,1656.554490271026
2013-12-23,1621.2012375289698
2013-12-24,1728.17383131459
2013-12-25,1714.6437867844365
2013-12-26,1749.2594807375717
2013-12-27,1601.7722318198928
2013-12-28,1674.0263777170153
2013-12-29,1599.9744987161896
2013-12-30,1613.7043300328921
2013-12-31,1633.4918687506722
2014-01-01,1595.5501596377344
2014-01-02,1721.5607507123038
2014-01-03,1618.3143627876873
2014-01-04,1630.2620849035338
2014-01-05,1553.2117261484448
2014-01-06,1502.444867300978
2014-01-07,1435.6861805147787
2014-01-08,1423.9530763869193
2014-01-09,1427.483636959947
2014-01-10,1362.1695599484492
2014-01-11,1377.3315917463813
2014-01-12,1421.236241111083
2014-01-13,1403.9157051679579
2014-01-14,1427.8329035194427
2014-01-15,1463.393865234491
2014-01-16,1506.9440932550865
2014-01-17,1590.0223936647205
2014-01-18,1608.9914796171577
2014-01-19,1515.4547658593922
2014-01-20,1588.9823467101876
2014-01-21,1593.5210429392198
2014-01-22,1531.2935829747807
2014-01-23,1493.4860483886064
2014-01-24,1447.4412673394925
2014-01-25,1455.3749490688842
2014-01-26,1447.6835872044362
2014-01-27,1561.7753374327588
2014-01-28,1402.40173066183
2014-01-29,1501.5344940966704
2014-01-30,1430.1409019479784
2014-01-31,1386.380127992291
2014-02-01,1448.3692201711383
2014-02-02,1449.8664681192256
2014-02-03,1463.1757378946086
2014-02-04,1444.0938091066334
2014-02-05,1503.2474433363755
2014-02-06,1410.8824959329218
2014-02-07,1364.2119323517281
2014-02-08,1301.274754320787
2014-02-09,1398.3677919850043
2014-02-10,1470.8392172769343
2014-02-11,1440.2701756866932
2014-02-12,1485.3221425626703
2014-02-13,1402.3571415120227
2014-02-14,1420.694839932258
2014-02-15,1357.9331100772424
2014-02-16,1268.8359497919628
2014-02-17,1249.0526461895508
2014-02-18,1241.4867013935477
2014-02-19,1384.0838825131138
2014-02-20,1444.8387446349757
2014-02-21,1435.7506520821987
2014-02-22,1313.4216991392916
2014-02-23,1340.8178692882643
2014-02-24,1407.2927273507646
2014-02-25,1421.204507278693
2014-02-26,1399.7814733559499
2014-02-27,1365.495945817279
2014-02-28,1362.2333559673448
2014-03-01,1362.7553145906393
2014-03-02,1415.9856396877044
2014-03-03,1379.4772388569797
2014-03-04,1400.2387483057507
2014-03-05,1425.8012826712175
2014-03-06,1480.3637277192104
2014-03-07,1527.8607376745022
2014-03-08,1533.5830600158058
2014-03-09,1555.98879339111
2014-03-10,1525.122516389887
2014-03-11,1464.8724701069166
2014-03-12,1450.640016071225
2014-03-13,1438.4100923438568
2014-03-14,1463.2028745608002
2014-03-15,1489.7629069784803
2014-03-16,1475.0287451949891
2014-03-17,1466.8513803317999
2014-03-18,1429.7496057720286
2014-03-19,1437.000547649665
2014-03-20,1451.4915851044777
2014-03-21,1389.7803390889862
2014-03-22,1387.675565351302
2014-03-23,1388.2697398790028
2014-03-24,1323.6763614689191
2014-03-25,1339.7565302980865
2014-03-26,1307.8504984142894
2014-03-27,1348.4269754431082
2014-03-28,1407.0830970574734
2014-03-29,1434.6131537438534
2014-03-30,1554.8815247668454
2014-03-31,1671.874084792813
2014-04-01,1728.0064908006998
2014-04-02,1742.2716839145312
2014-04-03,1750.3336813935325
2014-04-04,1656.5763956691308
2014-04-05,1568.4272625254519
2014-04-06,1486.4213639402167
2014-04-07,1443.1800372649686
2014-04-08,1498.140821000132
2014-04-09,1488.304873960146
2014-04-10,1578.801014721647
2014-04-11,1582.1374011909609
2014-04-12,1558.4070369077715
2014-04-13,1531.9272596156254
2014-04-14,1525.9722946896795
2014-04-15,1572.5926994421363
2014-04-16,1544.5020595107196
2014-04-17,1551.9181080566902
2014-04-18,1514.827741035426
2014-04-19,1545.2972350108864
2014-04-20,1492.1681191558907
2014-04-21,1528.006922986169
2014-04-22,1540.1160298429568
2014-04-23,1547.712126982827
2014-04-24,1480.1890991661546
2014-04-25,1487.7530535955377
2014-04-26,1546.6076740216336
2014-04-27,1587.9837885298887
2014-04-28,1540.3236563040714
2014-04-29,1539.5812320460466
2014-04-30,1520.3174686269065
2014-05-01,1426.9167088538727
2014-05-02,1328.6619962205912
2014-05-03,1269.5181568680428
2014-05-04,1258.694282854631
2014-05-05,1493.1586452396523
2014-05-06,1751.5388053126578
2014-05-07,1867.9340429403455
2014-05-08,1927.6872545577123
2014-05-09,1948.574386094933
2014-05-10,1976.6506155709628
2014-05-11,1917.8189609596798
2014-05-12,1823.640409741264
2014-05-13,1703.4539350252742
2014-05-14,1713.6497331791077
2014-05-15,1707.7369889531292
2014-05-16,1648.7432215660326
2014-05-17,1565.1751903902034
2014-05-18,1544.995285674253
2014-05-19,1628.7950646311824
2014-05-20,1618.3610843484164
2014-05-21,1582.1191219641364
2014-05-22,1568.09252022837
2014-05-23,1531.2495359297063
2014-05-24,1415.4853187088659
2014-05-25,1230.2060072579538
2014-05-26,1264.9245100240603
2014-05-27,1313.0555773546396
2014-05-28,1356.3971779740677
2014-05-29,1382.9952595551927
2014-05-30,1537.972513428822
2014-05-31,1951.8782503621273
2014-06-01,1941.6534884516366
2014-06-02,1938.5350090749364
2014-06-03,1839.9475225380916
2014-06-04,1810.0728104314087
2014-06-05,1711.4659477939463
2014-06-06,1676.2767591709762
2014-06-07,1523.6890509126595
2014-06-08,1483.963808227343
2014-06-09,1539.7544763195613
2014-06-10,1664.8892265227212
2014-06-11,1722.9100647676516
2014-06-12,1750.3428601434653
2014-06-13,1719.166865176901
2014-06-14,1653.05246657356
2014-06-15,1566.4330978787623
2014-06-16,1458.9552333306294
2014-06-17,1789.879105309891
2014-06-18,1723.299922489826
2014-06-19,1630.2939700859731
2014-06-20,1321.0805912038463
2014-06-21,1201.0644726021446
2014-06-22,1222.412830865332
2014-06-23,1198.9238384540854
2014-06-24,1338.327694509636
2014-06-25,1551.1106367309867
2014-06-26,1818.6687671139853
2014-06-27,1942.0498576859088
2014-06-28,1958.0153524903358
2014-06-29,1923.5937296169413
2014-06-30,2171.7451740077486
2014-07-01,1943.4478927985665
2014-07-02,1627.7147789721557
2014-07-03,1472.3834614017524
2014-07-04,1356.8489997077645
2014-07-05,1324.4446356958267
2014-07-06,1186.6662874418657
2014-07-07,1130.632907787141
2014-07-08,1155.012405619446
2014-07-09,1050.8444955859984
2014-07-10,1072.822147824509
2014-07-11,1058.7713218609429
2014-07-12,1056.9677342941154
2014-07-13,1238.829251384266
2014-07-14,1231.5721972613303
2014-07-15,1236.3107808469485
2014-07-16,1305.907001375123
2014-07-17,1485.9555799990064
2014-07-18,1318.8242782818681
2014-07-19,1319.0207532969519
2014-07-20,1581.8897177995423
2014-07-21,1808.3638346335756
2014-07-22,1745.2909394484575
2014-07-23,1652.2611774727172
2014-07-24,1578.273771639257
2014-07-25,1470.7693485907153
2014-07-26,1561.858973592397
2014-07-27,1620.7536021807807
2014-07-28,1552.503056835643
2014-07-29,1723.0965494774937
2014-07-30,1703.504302662109
2014-07-31,1749.4414872105801
2014-08-01,1674.3077036292705
2014-08-02,1712.8978317229635
2014-08-03,1675.75798775913
2014-08-04,1631.3658012150734
2014-08-05,1794.4659555711994
2014-08-06,1781.0889276917917
2014-08-07,1955.857771194213
2014-08-08,1878.2620748611985
2014-08-09,2348.4787958122793
2014-08-10,2239.776723960296
2014-08-11,2129.156195304037
2014-08-12,1935.901789941058
2014-08-13,1827.7548041116095
2014-08-14,1576.4322427396562
2014-08-15,1909.0076098939517
2014-08-16,3087.5522329317473
2014-08-17,3111.3144855862515
2014-08-18,3385.7330839255665
2014-08-19,3351.2629564885165
2014-08-20,2988.156699405955
2014-08-21,2739.908594650302
2014-08-22,2544.4662496932174
2014-08-23,2410.8519140369804
2014-08-24,2248.2695126785557
2014-08-25,2266.2997622715993
2014-08-26,2158.7355376107976
2014-08-27,2146.6575648856465
2014-08-28,2231.538716744931
2014-08-29,2285.355625323871
2014-08-30,2369.2111172857526
2014-08-31,2249.597871235516
2014-09-01,2337.7451315056505
2014-09-02,2244.7083818235637
2014-09-03,2317.1100870271107
2014-09-04,2208.95712032432
2014-09-05,2190.2449452460764
2014-09-06,2220.1354847901566
2014-09-07,2147.0744134756396
2014-09-08,2145.1144052771024
2014-09-09,2078.9062350728846
2014-09-10,2157.67996092836
2014-09-11,2073.066726295762
2014-09-12,2147.408046871443
2014-09-13,1969.6292325900488
2014-09-14,1914.4463916375323
2014-09-15,1818.0142638795523
2014-09-16,1860.3916764520748
2014-09-17,1973.5500942255685
2014-09-18,1941.9690808577948
2014-09-19,1908.214278181631
2014-09-20,1862.9698767751788
2014-09-21,1913.765148175327
2014-09-22,2075.2591850687645
2014-09-23,2044.6928572798258
2014-09-24,2031.3387466137235
2014-09-25,1909.851351366162
2014-09-26,2281.8072746723346
2014-09-27,2188.675060251475
2014-09-28,2178.904840169927
2014-09-29,2127.2850536363894
2014-09-30,2067.723351413688
2014-10-01,2159.5469614114927
2014-10-02,2132.864123399355
2014-10-03,2157.1052977555273
2014-10-04,2119.0355377283227
2014-10-05,2149.43277342468
2014-10-06,2091.5375900935537
2014-10-07,2077.695080211978
2014-10-08,2105.418632733892
2014-10-09,2178.4256153078886
2014-10-10,2293.7853656307493
2014-10-11,2286.0462425926085
2014-10-12,2320.4357142928843
2014-10-13,2038.5762201176399
2014-10-14,1987.1448749966626
2014-10-15,2052.09044795546
2014-10-16,2181.0945555948956
2014-10-17,2405.9652581425235
2014-10-18,2459.6232345204808
2014-10-19,2731.2252844831573
2014-10-20,2731.8929334789586
2014-10-21,2704.6765878697515
2014-10-22,2617.0662259950914
2014-10-23,2653.5599245286876
2014-10-24,2618.479094766655
2014-10-25,2567.969482513024
2014-10-26,2525.0576676480428
2014-10-27,2487.82306428878
2014-10-28,2600.1974423056304
2014-10-29,2470.3487927081514
2014-10-30,2386.329481540281
2014-10-31,2369.67867682342
2014-11-01,2370.7266504717013
2014-11-02,2429.223470794146
2014-11-03,2429.3028204545667
2014-11-04,2536.8513418683065
2014-11-05,2380.2759509762564
2014-11-06,2413.1069219548963
2014-11-07,2362.541101871883
2014-11-08,2221.178086010794
2014-11-09,2263.868453346959
2014-11-10,2192.678706655324
2014-11-11,2277.8006495770514
2014-11-12,2310.743611550984
2014-11-13,2399.2072628776505
2014-11-14,2330.3511662183337
2014-11-15,2291.7476414081802
2014-11-16,2155.7081339991255
2014-11-17,2150.764592223235
2014-11-18,2176.8322404247
2014-11-19,2030.4857946852392
2014-11-20,1986.385185489384
2014-11-21,1980.5132603356767
2014-11-22,1887.7226037108906
2014-11-23,1962.8064939822827
2014-11-24,2004.5502547601845
2014-11-25,1983.426861772463
2014-11-26,1875.863528221932
2014-11-27,2043.9101028277553
2014-11-28,1825.3674014069115
2014-11-29,1866.3321602847598
2014-11-30,1742.5214980718465
2014-12-01,1688.7330046165553
2014-12-02,1562.7521241546306
2014-12-03,1563.7203216014627
2014-12-04,1525.5610632523312
2014-12-05,1474.7828855010696
2014-12-06,1563.5300671852387
2014-12-07,1550.9490576255946
2014-12-08,1559.3039271302193
2014-12-09,1585.824119705247
2014-12-10,1683.95630262303
2014-12-11,1970.3851453819168
2014-12-12,2016.2669459674637
2014-12-13,1850.9668150364926
2014-12-14,1716.1173187523768
2014-12-15,1617.4843673556168
2014-12-16,1838.5616373314338
2014-12-17,1911.6307159444432
2014-12-18,1871.2806015919678
2014-12-19,2019.0711245407451
2014-12-20,2109.875712512745
2014-12-21,2091.050279204606
2014-12-22,2173.6174421139394
2014-12-23,2022.625173503223
2014-12-24,2003.5087366476803
2014-12-25,1923.3273358672768
2014-12-26,1883.8776474646122
2014-12-27,1973.3837608726085
2014-12-28,1902.7462624202205
2014-12-29,1842.5036176635247
2014-12-30,1867.1883077495052
2014-12-31,1847.4537096862982
2015-01-01,1676.8896759601082
2015-01-02,1618.5946255575768
2015-01-03,1622.8451085891963
2015-01-04,1812.4215144455522
2015-01-05,1943.8946583929342
2015-01-06,1922.7328291834997
2015-01-07,2044.47028444212
2015-01-08,1902.0815284374924
2015-01-09,1978.4337271386034
2015-01-10,1913.0255085217818
2015-01-11,1923.1848941618987
2015-01-12,1922.7289415815937
2015-01-13,1814.7735318626508
2015-01-14,1875.412320798739
2015-01-15,1936.074198571201
2015-01-16,1981.0733117253112
2015-01-17,1954.1116924269081
2015-01-18,1917.908177506844
2015-01-19,1891.5030391207831
2015-01-20,1810.9181408215652
2015-01-21,1911.1847034499149
2015-01-22,1798.1478228041829
2015-01-23,1691.0950566364363
2015-01-24,1565.959046704944
2015-01-25,1425.443832804831
2015-01-26,1459.2351257600521
2015-01-27,1457.5798014648076
2015-01-28,1509.0254050510816
2015-01-29,1610.0226887551873
2015-01-30,1626.9750452748217
2015-01-31,1563.8048155293247
2015-02-01,1597.0187530514327
2015-02-02,1591.4658248808498
2015-02-03,1597.2753083661041
2015-02-04,1621.7068411433895
2015-02-05,1603.033247418644
2015-02-06,1647.049059283745
2015-02-07,1562.416861852607
2015-02-08,1572.8155518808621
2015-02-09,1557.050622144625
2015-02-10,1546.0570356040519
2015-02-11,1565.6971846192794
2015-02-12,1534.188538940436
2015-02-13,1545.1997605882289
2015-02-14,1505.7847816889553
2015-02-15,1457.406697743288
2015-02-16,1478.197708656613
2015-02-17,1468.832799451598
2015-02-18,1461.083726702872
2015-02-19,1447.379260528353
2015-02-20,1364.1276011933548
2015-02-21,1373.638044550156
2015-02-22,1398.9351890314613
2015-02-23,1323.7085122956114
2015-02-24,1372.2871455154461
2015-02-25,1323.09889336727
2015-02-26,1597.3607325655935
2015-02-27,1639.9142483986275
2015-02-28,1724.8406685053317
2015-03-01,1706.797255563635
2015-03-02,1542.0147974954118
2015-03-03,1723.1190500935472
2015-03-04,1718.4987814587626
2015-03-05,1800.1864804371903
2015-03-06,1812.7775714638708
2015-03-07,1801.7985809037934
2015-03-08,1803.3035783593484
2015-03-09,1846.9331704366664
2015-03-10,1899.0950743792237
2015-03-11,1883.7419216265048
2015-03-12,1954.8307214880165
2015-03-13,1901.5523034982202
2015-03-14,1788.7804710875018
2015-03-15,1640.9306480999155
2015-03-16,1597.0390163139302
2015-03-17,1643.843849727026
2015-03-18,1607.5544350365142
2015-03-19,1633.723408824705
2015-03-20,1629.2566918433652
2015-03-21,1675.1726275444896
2015-03-22,1647.066184141576
2015-03-23,1679.9851332524438
2015-03-24,1661.2898016542813
2015-03-25,1693.5879300905424
2015-03-26,1512.4041442341756
2015-03-27,1507.0535652668239
2015-03-28,1481.4717770292568
2015-03-29,1477.4398353356119
2015-03-30,1922.4655346664263
2015-03-31,1990.055416463807
2015-04-01,2004.1680080716476
2015-04-02,2201.4822889408274
2015-04-03,2076.0536762886727
2015-04-04,2111.04324407297
2015-04-05,2077.9246780049975
2015-04-06,2054.3851402995388
2015-04-07,1893.3187881933961
2015-04-08,1882.3918797158885
2015-04-09,1840.7367381264944
2015-04-10,1815.7918904841283
2015-04-11,1789.1658401144439
2015-04-12,1596.3009873822532
2015-04-13,1630.4225933038388
2015-04-14,1646.1636935188064
2015-04-15,1630.6005135544822
2015-04-16,1681.8998267189268
2015-04-17,1585.521924214948
2015-04-18,1534.005026253219
2015-04-19,1537.7593157002461
2015-04-20,1542.789088896087
2015-04-21,1584.802241625378
2015-04-22,1670.178761536516
2015-04-23,1681.187098660074
2015-04-24,1656.5865845200588
2015-04-25,1329.117939725287
2015-04-26,1312.4053389686273
2015-04-27,1286.2300939282495
2015-04-28,1319.3533306152692
2015-04-29,1374.3561946311936
2015-04-30,1395.4581094658759
2015-05-01,1424.7233284477659
2015-05-02,1479.979954503643
2015-05-03,1575.425541410865
2015-05-04,1658.5309980890238
2015-05-05,1692.9144411933812
2015-05-06,1718.1009885435417
2015-05-07,1673.0465592155012
2015-05-08,1664.618814636842
2015-05-09,1628.0186357603197
2015-05-10,1610.0005815721656
2015-05-11,1544.9278759599365
2015-05-12,1873.4568726800173
2015-05-13,2101.2425517168617
2015-05-14,2188.859454755519
2015-05-15,2237.3063744350566
2015-05-16,2274.9423857867887
2015-05-17,2361.9139249641153
2015-05-18,2284.764925473802
2015-05-19,2283.697451741989
2015-05-20,2321.301790491598
2015-05-21,2528.213586017353
2015-05-22,2550.49592728265
2015-05-23,2627.6741910518576
2015-05-24,2499.9638037396194
2015-05-25,2292.1856235426226
2015-05-26,2254.7663959479473
2015-05-27,2121.3393272914564
2015-05-28,2019.0984167925048
2015-05-29,1871.8429630339733
2015-05-30,1784.5649439838667
2015-05-31,1853.4587863988245
2015-06-01,1801.1932380346227
2015-06-02,1866.9753900337282
2015-06-03,1796.6477240543213
2015-06-04,1780.4394730133124
2015-06-05,1851.5933077160832
2015-06-06,1805.1189007707608
2015-06-07,1911.7284971530694
2015-06-08,1914.7563696332536
2015-06-09,1798.4278540948499
2015-06-10,1830.3957996074773
2015-06-11,2027.25113526449
2015-06-12,2122.792870309629
2015-06-13,2178.815224335553
2015-06-14,2338.3543449406434
2015-06-15,2410.3182221810303
2015-06-16,2481.7104755762425
2015-06-17,2541.4014508650607
2015-06-18,2438.8981883846127
2015-06-19,2384.8605712494304
2015-06-20,2276.042226840881
2015-06-21,2174.085616118826
2015-06-22,2039.382690667248
2015-06-23,1939.125433922145
2015-06-24,1810.5579007325114
2015-06-25,1767.268364884188
2015-06-26,1619.2095003905936
2015-06-27,1586.9846074552688
2015-06-28,1247.9117156586422
2015-06-29,1393.436070476267
2015-06-30,1877.4988557704057
2015-07-01,1853.2950897566227
2015-07-02,1858.4757022492777
2015-07-03,2682.961323827424
2015-07-04,2520.457609147863
2015-07-05,2181.438774311785
2015-07-06,2086.9954817147664
2015-07-07,1862.9221302845624
2015-07-08,1772.4528444469763
2015-07-09,1699.4518536878668
2015-07-10,1427.693445267387
2015-07-11,1464.8535086271347
2015-07-12,1367.880163489631
2015-07-13,1338.7925476543626
2015-07-14,1218.7382434369747
2015-07-15,1315.2926240399015
2015-07-16,1650.591860673945
2015-07-17,1557.956379967386
2015-07-18,1607.0165264623893
2015-07-19,1403.2128977889408
2015-07-20,1354.481480757967
2015-07-21,1179.6329954349571
2015-07-22,1114.1773252788953
2015-07-23,1027.7117274327702
2015-07-24,1074.7007757576962
2015-07-25,1013.4320853419764
2015-07-26,981.2262652782827
2015-07-27,1087.5409690299373
2015-07-28,1106.7588976669856
2015-07-29,1184.5511988447108
2015-07-30,1157.8174734957415
2015-07-31,1502.3967512977679
2015-08-01,1687.9000680433821
2015-08-02,1606.0976183835721
2015-08-03,1641.6388839923147
2015-08-04,1583.9538173204824
2015-08-05,1569.2685246603564
2015-08-06,1384.4924647207874
2015-08-07,1360.1983658819395
2015-08-08,1330.081396078525
2015-08-09,1355.9572079570712
2015-08-10,1078.009201075062
2015-08-11,1026.5810210203736
2015-08-12,1405.1362331371374
2015-08-13,1322.9300406176053
2015-08-14,1408.617368776529
2015-08-15,1364.1623922990732
2015-08-16,1377.5820842034757
2015-08-17,1491.9582659672644
2015-08-18,1537.833538247079
2015-08-19,1502.9564564326467
2015-08-20,1428.515553802955
2015-08-21,1511.616077036054
2015-08-22,1642.8629737658007
2015-08-23,1852.7796839897735
2015-08-24,1964.483551417501
2015-08-25,1913.9824163523674
2015-08-26,1861.3175668019426
2015-08-27,1806.4137667969414
2015-08-28,1629.379296842467
2015-08-29,1562.1387967218911
2015-08-30,1575.1271115815089
2015-08-31,1524.9488982526425
2015-09-01,1588.8541707945417
2015-09-02,1698.9995079130879
2015-09-03,1741.7465055236296
2015-09-04,1851.4852376911606
2015-09-05,1831.7790784028402
2015-09-06,1842.92946422497
2015-09-07,1872.3582448663215
2015-09-08,1925.50717229225
2015-09-09,1909.19041052936
2015-09-10,1744.9163899247826
2015-09-11,1688.1851192546083
2015-09-12,1874.3073132632485
2015-09-13,1927.6266116394295
2015-09-14,1788.8648098247652
2015-09-15,1886.7265387044063
2015-09-16,1826.554450161372
2015-09-17,1822.455663336577
2015-09-18,1923.7839740781515
2015-09-19,1863.511628712195
2015-09-20,1857.9177699334703
2015-09-21,1623.251511565214
2015-09-22,1621.4276754190182
2015-09-23,1676.5296548169642
2015-09-24,1839.2621072898241
2015-09-25,1901.172280768193
2015-09-26,1906.7720008614194
2015-09-27,1995.7566386372775
2015-09-28,2040.5288352115203
2015-09-29,2123.0209879952163
2015-09-30,2085.0113412585793
2015-10-01,2129.099899706701
2015-10-02,2001.4057602204657
2015-10-03,2125.6653859733715
2015-10-04,2132.4093606404276
2015-10-05,2092.4421468725454
2015-10-06,2123.4031976188985
2015-10-07,2086.165935248659
2015-10-08,2026.902222271663
2015-10-09,2040.4777153478653
2015-10-10,2022.8430461579371
2015-10-11,1898.389205488473
2015-10-12,2007.0169090693237
2015-10-13,2011.8804168920892
2015-10-14,1978.0540056633
2015-10-15,2089.602027147029
2015-10-16,2028.7689541424688
2015-10-17,2047.689927699988
2015-10-18,1980.181126237686
2015-10-19,1996.587934943518
2015-10-20,1990.9401984004774
2015-10-21,1964.1588915743885
2015-10-22,2148.62934315606
2015-10-23,2178.875574805322
2015-10-24,2165.9854665696294
2015-10-25,2113.9342160944934
2015-10-26,2145.7623553691183
2015-10-27,2053.793599637322
2015-10-28,1980.4678890308644
2015-10-29,2109.395209081566
2015-10-30,2151.4211125752227
2015-10-31,2265.6065119196733
2015-11-01,2081.543061396542
2015-11-02,2035.7124051845783
2015-11-03,2009.205021729943
2015-11-04,2008.450742520322
2015-11-05,2038.1877746847483
2015-11-06,2002.0519717687246
2015-11-07,2018.8148392833725
2015-11-08,1884.4460185350094
2015-11-09,1875.7793114493375
2015-11-10,1849.3383919500798
2015-11-11,1764.6809741302723
2015-11-12,1771.066440083596
2015-11-13,1736.9017862164
2015-11-14,1746.759474496231
2015-11-15,1665.4054875867153
2015-11-16,1726.1259811029151
2015-11-17,1624.1059182642155
2015-11-18,1647.307089483704
2015-11-19,1552.7427969152081
2015-11-20,1620.237576837878
2015-11-21,1595.4207480357145
2015-11-22,1635.5504191265452
2015-11-23,1675.0837405921898
2015-11-24,1514.304504807126
2015-11-25,1510.9058418973707
2015-11-26,1495.9753467252528
2015-11-27,1374.9578202451223
2015-11-28,1330.444022290368
2015-11-29,1278.5400100984443
2015-11-30,1341.11701971562
2015-12-01,1310.566324705899
2015-12-02,1486.0501295496902
2015-12-03,1436.3089441782117
2015-12-04,1397.5784228952866
2015-12-05,1336.2517580717008
2015-12-06,1350.3044937181332
2015-12-07,1311.2419615336935
2015-12-08,1323.8667763218843
2015-12-09,1304.4779223750347
2015-12-10,1277.3652768917364
2015-12-11,1254.7611057240488
2015-12-12,1301.4434181344952
2015-12-13,1350.1314867843653
2015-12-14,1466.0446910813978
2015-12-15,1425.515010506187
2015-12-16,1552.0228465843927
2015-12-17,1597.5943013932003
2015-12-18,1584.215298648429
2015-12-19,1578.2319837459702
2015-12-20,1617.7664103506377
2015-12-21,1588.6941892532518
2015-12-22,1516.4564155734427
2015-12-23,1524.712949124366
2015-12-24,1501.6981216516197
2015-12-25,1514.8251790027048
2015-12-26,1464.6169191814367
2015-12-27,1486.036920177923
2015-12-28,1495.238224580977
2015-12-29,1501.0437641747146
2015-12-30,1436.0882774783797
2015-12-31,1442.4003911527998
2016-01-01,1439.465442705113
2016-01-02,1477.5848090077009
2016-01-03,1476.9281387259125
2016-01-04,1439.226120719721
2016-01-05,1397.185679229181
2016-01-06,1360.8166877769652
2016-01-07,1287.2559531227455
2016-01-08,1343.6469676929216
2016-01-09,1342.4075469479592
2016-01-10,1248.2219326217057
2016-01-11,1128.8868120111392
2016-01-12,1195.2639250106342
2016-01-13,1231.7699258926448
2016-01-14,1172.2895163405274
2016-01-15,1207.6599266152139
2016-01-16,1157.2986648120757
2016-01-17,1193.8767515422192
2016-01-18,1177.1320465385234
2016-01-19,1276.7444449899556
2016-01-20,1239.4388478562046
2016-01-21,1247.7825300409954
2016-01-22,1214.7276725966378
2016-01-23,1251.480972164665
2016-01-24,1244.0429071406497
2016-01-25,1276.9893896651718
2016-01-26,1294.9516335838932
2016-01-27,1282.6906428956052
2016-01-28,1291.4384476878017
2016-01-29,1221.5541550517094
2016-01-30,1223.1834289895667
2016-01-31,1270.3490598485985
2016-02-01,1219.271232352912
2016-02-02,1317.6418397760133
2016-02-03,1285.1824887713183
2016-02-04,1300.470433105404
2016-02-05,1317.8400634303146
2016-02-06,1272.6673330323897
2016-02-07,1183.9899792885308
2016-02-08,1117.377560210335
2016-02-09,1177.0385147571649
2016-02-10,1183.0203851550968
2016-02-11,1180.554591916719
2016-02-12,1228.8210774495783
2016-02-13,1225.139177090388
2016-02-14,1189.2571768200094
2016-02-15,1224.5686457489098
2016-02-16,1186.3863163663161
2016-02-17,1207.8547177042537
2016-02-18,1247.9963703046637
2016-02-19,1202.2312873370934
2016-02-20,1163.5948547008081
2016-02-21,1227.832815942817
2016-02-22,1176.6996746142354
2016-02-23,1172.7078387078195
2016-02-24,1201.6550126926645
2016-02-25,1188.945221654459
2016-02-26,1225.206838397796
2016-02-27,1224.5395162049642
2016-02-28,1151.784070982733
2016-02-29,1149.9466643008138
2016-03-01,1176.4005311792248
2016-03-02,1191.8549113588113
2016-03-03,1161.9947865345753
2016-03-04,1147.2139046922239
2016-03-05,1152.1719653682958
2016-03-06,1163.1596045443137
2016-03-07,1202.4861867243237
2016-03-08,1228.6539245223696
2016-03-09,1259.646381697501
2016-03-10,1302.7522815758832
2016-03-11,1310.660841087384
2016-03-12,1309.743061826285
2016-03-13,1228.9168699705472
2016-03-14,1325.7727809257328
2016-03-15,1332.927756809979
2016-03-16,1388.9762517892993
2016-03-17,1454.2056841205783
2016-03-18,1462.2672623186802
2016-03-19,1546.4105712445216
2016-03-20,1530.022643886531
2016-03-21,1556.6166800999279
2016-03-22,1563.178699894882
2016-03-23,1514.4854926986338
2016-03-24,1509.3404869850067
2016-03-25,1445.2598194497305
2016-03-26,1410.3154355740414
2016-03-27,1298.6646136446413
2016-03-28,1213.457998864429
2016-03-29,1219.807769493688
2016-03-30,1202.677035667653
2016-03-31,1137.6693363431439
2016-04-01,1156.0305583151371
2016-04-02,1123.7576056459607
2016-04-03,1117.3598370696411
2016-04-04,1142.9109062523096
2016-04-05,1116.5601013796818
2016-04-06,1146.694458874221
2016-04-07,1128.8350707976153
2016-04-08,1129.1804531315047
2016-04-09,1227.8318641294195
2016-04-10,1255.4103954152333
2016-04-11,1313.9989063427408
2016-04-12,1320.1405924736387
2016-04-13,1392.5491217013137
2016-04-14,1353.2958364851813
2016-04-15,1468.9970140849316
2016-04-16,1470.3722849892288
2016-04-17,1361.7734565545559
2016-04-18,1391.721846327306
2016-04-19,1342.10892897134
2016-04-20,1373.1161195049667
2016-04-21,1342.7777998945323
2016-04-22,1324.5778522047963
2016-04-23,1295.5168247499514
2016-04-24,1321.9175937120192
2016-04-25,1382.1124752338555
2016-04-26,1380.3170921730232
2016-04-27,1344.4472286434984
2016-04-28,1380.191752293503
2016-04-29,1356.7902130033767
2016-04-30,1374.466727639193
2016-05-01,1317.669085263282
2016-05-02,1345.9612878059772
2016-05-03,1269.1748711148177
2016-05-04,1624.034696870675
2016-05-05,1482.067693510146
2016-05-06,1373.325752369555
2016-05-07,1292.3342683681922
2016-05-08,1223.9957525848736
2016-05-09,1190.1631209022414
2016-05-10,1147.876197353964
2016-05-11,1536.7162702104818
2016-05-12,1775.6950903827108
2016-05-13,2176.8969034353
2016-05-14,2198.175673292026
2016-05-15,1919.9613928349042
2016-05-16,1911.1910516022106
2016-05-17,1748.778032105902
2016-05-18,1714.435977964907
2016-05-19,1543.5321506927542
2016-05-20,2012.5754013252836
2016-05-21,1843.0249639378671
2016-05-22,1871.465864065096
2016-05-23,2152.504089140087
2016-05-24,2210.2071453816834
2016-05-25,2425.984491618641
2016-05-26,2517.246553498776
2016-05-27,2687.990568582178
2016-05-28,2681.979945972087
2016-05-29,2349.8704454345793
2016-05-30,2293.603148179921
2016-05-31,2252.81048693935
2016-06-01,2012.0537284563018
2016-06-02,1941.8194909117267
2016-06-03,1858.4917852362312
2016-06-04,1804.8636810986113
2016-06-05,1841.8029390215302
2016-06-06,1650.7373919015427
2016-06-07,1616.888365578304
2016-06-08,1613.4214089156526
2016-06-09,1621.054391506592
2016-06-10,1661.7861538892469
2016-06-11,1558.8788239911016
2016-06-12,1547.4390748327644
2016-06-13,1755.1701765463033
2016-06-14,1744.7021743861999
2016-06-15,1795.4059677510263
2016-06-16,2023.5314156562201
2016-06-17,2010.7694237646742
2016-06-18,2082.650046311397
2016-06-19,2093.140964343835
2016-06-20,1993.3939090083834
2016-06-21,1772.8650164223352
2016-06-22,1807.2638722211884
2016-06-23,1981.3852761841392
2016-06-24,1855.7847451989232
2016-06-25,1762.0076512437624
2016-06-26,1894.0411284888912
2016-06-27,1922.1767281750583
2016-06-28,2049.857652717949
2016-06-29,2162.003604845493
2016-06-30,2153.8445610874633
2016-07-01,2064.3488490278933
2016-07-02,2108.247034778875
2016-07-03,2096.5356637313953
2016-07-04,2010.3499926847965
2016-07-05,1662.524961342957
2016-07-06,1548.8071344181185
2016-07-07,1614.6433924340765
2016-07-08,1663.3374623484665
2016-07-09,1775.3069873372215
2016-07-10,1614.6010381274432
2016-07-11,1565.144896505055
2016-07-12,1855.114403488221
2016-07-13,1701.8737654474407
2016-07-14,1645.013923047115
2016-07-15,1421.204121870344
2016-07-16,1376.3386081420053
2016-07-17,1465.094169044382
2016-07-18,1766.7131558797844
2016-07-19,1568.717373780057
2016-07-20,1515.4787846272764
2016-07-21,1444.8238551831937
2016-07-22,1586.88280058449
2016-07-23,1238.7453805799867
2016-07-24,1912.795255867262
2016-07-25,2042.546838231687
2016-07-26,2270.1800677024767
2016-07-27,2668.413684751947
2016-07-28,2842.3380995694665
2016-07-29,3081.53299685957
2016-07-30,2967.980800861005
2016-07-31,2943.3716407102697
2016-08-01,2801.3740894789094
2016-08-02,2811.0468719419337
2016-08-03,2569.9014983315724
2016-08-04,2663.99903751353
2016-08-05,2460.9490051017597
2016-08-06,2387.386976742199
2016-08-07,2270.8033088300876
2016-08-08,2133.366774495093
2016-08-09,2225.6409979627206
2016-08-10,2126.14996589411
2016-08-11,1945.6110766886288
2016-08-12,1829.6262263752571
2016-08-13,1836.7958017980877
2016-08-14,1761.9871583430836
2016-08-15,1690.5963992210866
2016-08-16,2359.692316927535
2016-08-17,2294.4544368648367
2016-08-18,2150.738377112588
2016-08-19,1984.8501643292166
2016-08-20,1939.0981279963603
2016-08-21,1880.0042664386267
2016-08-22,1634.4255734124736
2016-08-23,1607.3908504430397
2016-08-24,1720.7625850257264
2016-08-25,1737.7980604551876
2016-08-26,1746.4831683956202
2016-08-27,1715.5373970782437
2016-08-28,1636.755592521792
2016-08-29,1634.774409553756
2016-08-30,1440.246981542243
2016-08-31,1471.2687764191412
2016-09-01,1528.649141067151
2016-09-02,1466.4898096158436
2016-09-03,1810.5759043336304
2016-09-04,1768.1778609611172
2016-09-05,1811.357615615882
2016-09-06,1851.728241183956
2016-09-07,1919.2711772457683
2016-09-08,1914.41925169116
2016-09-09,1945.8477178471055
2016-09-10,2010.688874297301
2016-09-11,2094.5225640780113
2016-09-12,2113.231955013445
2016-09-13,2186.352853257612
2016-09-14,2222.027152121818
2016-09-15,2022.3944574092873
2016-09-16,1957.9351309637088
2016-09-17,1859.1271517742703
2016-09-18,1943.4886179154453
2016-09-19,1989.0170848354594
2016-09-20,2251.034758586045
2016-09-21,2230.183220920444
2016-09-22,2276.7938737108416
2016-09-23,2251.484978464753
2016-09-24,2229.2277920751503
2016-09-25,1950.162787160317
2016-09-26,1863.0933261582272
2016-09-27,1773.5107594006236
2016-09-28,1643.3312252689086
2016-09-29,1794.8644486955495
2016-09-30,1914.024452721003
2016-10-01,2039.1529414744189
2016-10-02,2079.0906905143224
2016-10-03,2047.647719646268
2016-10-04,2000.4312862736629
2016-10-05,1977.4816105043842
2016-10-06,1870.0660362858875
2016-10-07,1910.8952065253793
2016-10-08,1942.9680687026882
2016-10-09,2014.2248561454014
2016-10-10,2100.510894887563
2016-10-11,2170.109227912654
2016-10-12,2388.6181691132997
2016-10-13,2415.1200228161033
2016-10-14,2426.400316277616
2016-10-15,2407.475389901038
2016-10-16,2394.9499429081898
2016-10-17,2390.5561687495288
2016-10-18,2450.61394666648
2016-10-19,2458.749665323891
2016-10-20,2433.8734581192416
2016-10-21,2388.0595940779376
2016-10-22,2322.945611241901
2016-10-23,2292.125629321563
2016-10-24,2271.5089416466776
2016-10-25,2221.363498747485
2016-10-26,2178.1253382406667
2016-10-27,2238.9861260852613
2016-10-28,2273.9728131138577
2016-10-29,2328.475204806876
2016-10-30,2338.3209770566914
2016-10-31,2205.4731624993237
2016-11-01,2173.698949627972
2016-11-02,2305.6299463864316
2016-11-03,2284.940686642045
2016-11-04,2137.80068333343
2016-11-05,2143.1648865070747
2016-11-06,2188.6119841313703
2016-11-07,2224.6771315203946
2016-11-08,2228.320673842633
2016-11-09,2151.664240417202
2016-11-10,2168.9273217025475
2016-11-11,2071.1816662524466
2016-11-12,1989.5270482535602
2016-11-13,1912.1767153152462
2016-11-14,1948.1326841046869
2016-11-15,1974.8513431761548
2016-11-16,1865.255476976113
2016-11-17,1864.5435740260664
2016-11-18,1807.8478342041328
2016-11-19,1806.8369849805952
2016-11-20,1746.675458601814
2016-11-21,1695.7427389669542
2016-11-22,1670.2955488137154
2016-11-23,1643.8053870590782
2016-11-24,1612.3020482477723
2016-11-25,1695.2158390446643
2016-11-26,1662.8961388230064
2016-11-27,1540.4839570979539
2016-11-28,1563.1764674688222
2016-11-29,1549.8052230203912
2016-11-30,1513.1007100897807
2016-12-01,1530.860303338538
2016-12-02,1580.7693395734013
2016-12-03,1598.9995803959152
2016-12-04,1639.8385540158702
2016-12-05,1649.910398590863
2016-12-06,1715.7730795793595
2016-12-07,1780.8643434085036
2016-12-08,1680.758341520834
2016-12-09,1695.2133612660164
2016-12-10,1711.8642959017936
2016-12-11,1676.2598264593032
2016-12-12,1623.318183305586
2016-12-13,1576.8263599783334
2016-12-14,1688.647910150165
2016-12-15,1629.0899496082925
2016-12-16,1602.7302617756102
2016-12-17,1628.9942506417303
2016-12-18,1640.9567900090021
2016-12-19,1663.2547756762215
2016-12-20,1660.7018401932648
2016-12-21,1711.5195562594204
2016-12-22,1668.9585750547865
2016-12-23,1735.5362440716183
2016-12-24,1711.9647415430013
2016-12-25,1634.6446979822906
2016-12-26,1507.5475118597194
2016-12-27,1423.9551845833932
2016-12-28,1452.061493742246
2016-12-29,1503.9036709771053
2016-12-30,1569.3836110729344
2016-12-31,1450.4497601193862
2017-01-01,1417.6547888525556
2017-01-02,1472.8904276060084
2017-01-03,1330.1672140671997
2017-01-04,1415.2460859711107
2017-01-05,1422.221057692649
2017-01-06,1383.0412873321568
2017-01-07,1324.5931634190047
2017-01-08,1303.9486200297965
2017-01-09,1290.3469470406826
2017-01-10,1292.8894484275054
2017-01-11,1331.5313666605848
2017-01-12,1328.142630701876
2017-01-13,1301.3894880641594
2017-01-14,1296.5172618988342
2017-01-15,1372.460315297629
2017-01-16,1300.8347222066718
2017-01-17,1454.071123847986
2017-01-18,1476.835057759346
2017-01-19,1426.958959423211
2017-01-20,1402.4363524155935
2017-01-21,1411.2315739497722
2017-01-22,1389.1845968001583
2017-01-23,1353.8281430405134
2017-01-24,1320.950343468083
2017-01-25,1318.8049595016669
2017-01-26,1345.9991239986864
2017-01-27,1414.5742461326367
2017-01-28,1462.3177914680234
2017-01-29,1460.2092547964628
2017-01-30,1367.286270691819
2017-01-31,1390.864407545706
2017-02-01,1393.3873591104411
2017-02-02,1491.2299186136706
2017-02-03,1399.1006338198615
2017-02-04,1396.8356524894357
2017-02-05,1413.0892890437726
2017-02-06,1380.7226124668425
2017-02-07,1380.3993664422771
2017-02-08,1383.413092390333
2017-02-09,1405.7298481232392
2017-02-10,1350.8515230430266
2017-02-11,1347.2446151412123
2017-02-12,1350.3485370187411
2017-02-13,1315.662708421429
2017-02-14,1312.7162065795146
2017-02-15,1203.0958420352913
2017-02-16,1176.7743119107852
2017-02-17,1217.4010188514035
2017-02-18,1211.7397262600978
2017-02-19,1189.5472193561131
2017-02-20,1207.9372207550846
2017-02-21,1232.0254043526365
2017-02-22,1298.5155363929632
2017-02-23,1355.6686546289275
2017-02-24,1271.991631342037
2017-02-25,1321.5918913427374
2017-02-26,1332.5518157937645
2017-02-27,1392.2360378073142
2017-02-28,1387.2341729714137
2017-03-01,1410.5987162357335
2017-03-02,1399.3280006606178
2017-03-03,1371.4171877304154
2017-03-04,1366.67776401188
2017-03-05,1354.6598454752286
2017-03-06,1467.0043311542213
2017-03-07,1475.4140359930418
2017-03-08,1420.1000489890619
2017-03-09,1421.0058347523657
2017-03-10,2342.822044569345
2017-03-11,2476.9523134718
2017-03-12,2543.3936156990885
2017-03-13,2580.647310632271
2017-03-14,2528.4432081076366
2017-03-15,2437.056521596497
2017-03-16,2330.2227249790903
2017-03-17,2188.4919418435425
2017-03-18,2149.98484634696
2017-03-19,1965.9106566283767
2017-03-20,1917.0189973997394
2017-03-21,1878.4291526489064
2017-03-22,1789.071542882782
2017-03-23,1729.0107723425722
2017-03-24,1684.917517095661
2017-03-25,1700.1642319526698
2017-03-26,1683.233242069263
2017-03-27,1703.2153178561084
2017-03-28,1630.481386687009
2017-03-29,1602.4888373089416
2017-03-30,1605.630129989894
2017-03-31,1564.4397514203467
2017-04-01,1514.886632895879
2017-04-02,1473.2220451078706
2017-04-03,1426.9153319627055
2017-04-04,1335.7401461808067
2017-04-05,1336.8238776405458
2017-04-06,1306.4681826210597
2017-04-07,1250.6212426587867
2017-04-08,1306.2694610984377
2017-04-09,1299.433505949914
2017-04-10,1304.856308276406
2017-04-11,1364.1650914034255
2017-04-12,1350.1445869269437
2017-04-13,1341.9572442502226
2017-04-14,1383.4378439379057
2017-04-15,1397.749696938683
2017-04-16,1332.584712760401
2017-04-17,1326.7590964795004
2017-04-18,1227.1164395716903
2017-04-19,1253.4764610957568
2017-04-20,1245.1454739471403
2017-04-21,1235.2587570271398
2017-04-22,1214.971423335304
2017-04-23,1538.429551752387
2017-04-24,1600.0909600150605
2017-04-25,1767.9612790591373
2017-04-26,1708.7826414127194
2017-04-27,1735.2624213944964
2017-04-28,1739.765755264907
2017-04-29,1685.94482476144
2017-04-30,1601.8590729124442
2017-05-01,1734.7566753491756
2017-05-02,1701.4387973919313
2017-05-03,1660.820259707785
2017-05-04,1614.6199770745889
2017-05-05,1624.3522826927974
2017-05-06,1591.7847890839073
2017-05-07,1555.6321884216195
2017-05-08,1500.6307990017315
2017-05-09,1320.6732938515554
2017-05-10,1184.9096969128664
2017-05-11,1091.1770743545499
2017-05-12,1143.36284964953
2017-05-13,1131.4605554573066
2017-05-14,1152.2399133084518
2017-05-15,1106.7595306211535
2017-05-16,1170.8348236080815
2017-05-17,1248.7978673285602
2017-05-18,1485.8567484319276
2017-05-19,1636.847790236125
2017-05-20,1615.2620043764362
2017-05-21,1583.5878291111267
2017-05-22,1540.8041525386743
2017-05-23,1490.2748248110347
2017-05-24,1448.230200124049
2017-05-25,2287.3024920631487
2017-05-26,1989.2164467802374
2017-05-27,1801.274188367281
2017-05-28,1837.1136005193982
2017-05-29,1957.6094795107222
2017-05-30,1933.353655259511
2017-05-31,1871.9863823224732
2017-06-01,1557.756111837109
2017-06-02,1547.0060275802716
2017-06-03,1584.544182717072
2017-06-04,1438.3934555285346
2017-06-05,3791.1059718108163
2017-06-06,3110.8154545504544
2017-06-07,2464.425376044442
2017-06-08,2176.403593025391
2017-06-09,1873.25707364544
2017-06-10,1565.5268394653872
2017-06-11,1399.1429658269992
2017-06-12,1081.8757315763246
2017-06-13,1234.4591005412221
2017-06-14,1258.8540482340654
2017-06-15,1234.4008906694928
2017-06-16,1070.9385467164286
2017-06-17,913.8113266282526
2017-06-18,943.731772997267
2017-06-19,907.8184780003079
2017-06-20,995.3568480308536
2017-06-21,1048.7037398348302
2017-06-22,1178.0382480906962
2017-06-23,1135.6081641907342
2017-06-24,1255.5473074318074
2017-06-25,1166.2668890228256
2017-06-26,1068.2309047429899
2017-06-27,1081.651993006431
2017-06-28,1045.7252166465933
2017-06-29,1230.1929908154345
2017-06-30,1182.2968053647048
2017-07-01,1226.4565279568685
2017-07-02,1140.30291231305
2017-07-03,1401.3078114656812
2017-07-04,1362.727888594662
2017-07-05,1350.6674807476727
2017-07-06,1243.9011538365312
2017-07-07,985.3709688526977
2017-07-08,915.1401669280447
2017-07-09,771.3395853651953
2017-07-10,649.6169936157835
2017-07-11,835.1274412412017
2017-07-12,1098.8278813445565
2017-07-13,1102.1813186146053
2017-07-14,1079.1770077947726
2017-07-15,1080.8050193152885
2017-07-16,1133.7268266285037
2017-07-17,1090.7268800637794
2017-07-18,989.6721628985852
2017-07-19,1013.7186905134985
2017-07-20,1003.2110719847592
2017-07-21,1021.3808254153706
2017-07-22,948.291842698811
2017-07-23,1092.1771543663335
2017-07-24,1347.7194229858756
2017-07-25,1215.7083222448314
2017-07-26,1151.0192528898
2017-07-27,1106.0335948202337
2017-07-28,1121.6415585048135
2017-07-29,970.1253200517046
2017-07-30,1039.900942436493
2017-07-31,1097.8379801863466
2017-08-01,1123.5675374569876
2017-08-02,1108.569309254942
2017-08-03,1094.0461950418644
2017-08-04,1119.2941785107332
2017-08-05,1397.5381540715093
2017-08-06,1452.4815162186442
2017-08-07,1555.6402335146472
2017-08-08,1494.4027650780206
2017-08-09,1523.7012289022493
2017-08-10,1417.0153201138194
2017-08-11,1386.5562590950603
2017-08-12,1153.3920294942993
2017-08-13,1363.8584272452567
2017-08-14,2061.0655828481
2017-08-15,2911.0067407119573
2017-08-16,3090.0481214246884
2017-08-17,3179.589373369544
2017-08-18,3175.498831454861
2017-08-19,3084.9838209948516
2017-08-20,2747.065213637679
2017-08-21,2690.2152434806785
2017-08-22,2427.844671965908
2017-08-23,2397.9696580057457
2017-08-24,2141.384618799917
2017-08-25,2222.0295255006868
2017-08-26,2244.5557192242704
2017-08-27,2220.644087159274
2017-08-28,2237.7908844994113
2017-08-29,2288.4923910151124
2017-08-30,2291.8076203021237
2017-08-31,2295.8102509461455
2017-09-01,2131.1111105951845
2017-09-02,1784.9062542371003
2017-09-03,1830.4988589966556
2017-09-04,1973.7431540251039
2017-09-05,1970.5300900896711
2017-09-06,2157.104111847379
2017-09-07,2074.4099139419814
2017-09-08,2200.371216580131
2017-09-09,2174.1210377288207
2017-09-10,2120.5225748661096
2017-09-11,2080.2719294365675
2017-09-12,2042.3583943181268
2017-09-13,1936.809591713414
2017-09-14,2076.048970449786
2017-09-15,2101.7525376386434
2017-09-16,2093.7885849132153
2017-09-17,2062.6973990141214
2017-09-18,1851.7887557836348
2017-09-19,1892.7518686330038
2017-09-20,1781.3522390474075
2017-09-21,1745.5310157992424
2017-09-22,1850.05647798488
2017-09-23,1721.9520957876623
2017-09-24,1846.4599229039634
2017-09-25,1939.1233005388756
2017-09-26,2192.99699123208
2017-09-27,2115.078479308947
2017-09-28,2132.3854231815453
2017-09-29,1952.4099247489414
2017-09-30,1929.2266128840708
2017-10-01,1902.5906661270374
2017-10-02,1868.9008591136756
2017-10-03,2002.8342632839665
2017-10-04,2132.027174773502
2017-10-05,2191.6613675971685
2017-10-06,2138.0697559676605
2017-10-07,2054.426718954196
2017-10-08,1967.465319075645
2017-10-09,1807.5423870163042
2017-10-10,1782.2013236621808
2017-10-11,1749.034979165743
2017-10-12,1776.7856318332804
2017-10-13,1853.4686096701626
2017-10-14,2021.5815295604573
2017-10-15,2047.5683494129
2017-10-16,2094.014605685963
2017-10-17,2085.0481097095862
2017-10-18,1907.3431634041744
2017-10-19,1843.9485115098726
2017-10-20,1812.2562486524034
2017-10-21,1735.3211370179029
2017-10-22,1711.8883420796617
2017-10-23,1760.822918732303
2017-10-24,1841.9965363959968
2017-10-25,1889.5920951033224
2017-10-26,2005.8656266026517
2017-10-27,2006.1112614238596
2017-10-28,1957.1539374751499
2017-10-29,1858.7009464091084
2017-10-30,1850.671609265482
2017-10-31,1785.5000094531001
2017-11-01,1716.3381051347408
2017-11-02,1757.6759826670936
2017-11-03,1720.4695661327332
2017-11-04,1741.0486836996124
2017-11-05,1740.0704141167455
2017-11-06,1843.7963803359191
2017-11-07,1799.4827072613791
2017-11-08,1797.161983423026
2017-11-09,1741.9022418524387
2017-11-10,1662.7792659173879
2017-11-11,1634.3387994984305
2017-11-12,1603.5043382710664
2017-11-13,1705.9293957761183
2017-11-14,1636.2730262481302
2017-11-15,1678.8586319028873
2017-11-16,1596.5461219885606
2017-11-17,1415.2829839004135
2017-11-18,1409.7139931191095
2017-11-19,1338.822983952742
2017-11-20,1272.710188887395
2017-11-21,1412.0841101118556
2017-11-22,1441.5141847622215
2017-11-23,1470.50301677531
2017-11-24,1555.3673326664252
2017-11-25,1511.5272113121187
2017-11-26,1518.738679311965
2017-11-27,1586.90081851848
2017-11-28,1471.2390656786088
2017-11-29,1465.557031282816
2017-11-30,1394.9578880795755
2017-12-01,1442.9387217206383
2017-12-02,1458.016146847075
2017-12-03,1474.8180382707776
2017-12-04,1507.7652234990437
2017-12-05,1464.0939742845922
2017-12-06,1459.7943700631977
2017-12-07,1393.1956474713138
2017-12-08,1390.6782482761541
2017-12-09,1375.6047245991967
2017-12-10,1420.4249344329287
2017-12-11,1477.5461435552184
2017-12-12,1408.6738761297972
2017-12-13,1336.5748167085617
2017-12-14,1420.4045065101811
2017-12-15,1408.250965257918
2017-12-16,1534.5063864040594
2017-12-17,1498.3241794656242
2017-12-18,1499.8550125351992
2017-12-19,1343.4839654747186
2017-12-20,1400.6400518798453
2017-12-21,1327.4070829282211
2017-12-22,1393.7966156245623
2017-12-23,1282.7758245923421
2017-12-24,1373.5000186234995
2017-12-25,1346.4342919952435
2017-12-26,1489.6994024295775
2017-12-27,1448.0537167018465
2017-12-28,1405.160600033072
2017-12-29,1432.2747690664721
2017-12-30,1405.870624256957
2017-12-31,1447.5448306170224
2018-01-01,1430.8027760413618
2018-01-02,1484.9820743828525
2018-01-03,1403.125467629321
2018-01-04,1366.7849741256086
2018-01-05,1380.85188079806
2018-01-06,1206.2025672212892
2018-01-07,1421.191633752755
2018-01-08,1356.7783716180757
2018-01-09,1463.5529588032414
2018-01-10,1405.743661244506
2018-01-11,1387.799939808547
2018-01-12,1348.7473591145292
2018-01-13,1409.8718137470369
2018-01-14,1309.1619968538985
2018-01-15,1264.3546141135093
2018-01-16,1231.4169730389385
2018-01-17,1290.5248374141156
2018-01-18,1345.165528415854
2018-01-19,1262.1096890074118
2018-01-20,1143.3256793674286
2018-01-21,1177.5712095755464
2018-01-22,1229.4991845709503
2018-01-23,1248.3254169192771
2018-01-24,1318.2747219680302
2018-01-25,1301.9857139028993
2018-01-26,1268.4663406494844
2018-01-27,1252.3573853250048
2018-01-28,1330.7333451852185
2018-01-29,1319.5177122365715
2018-01-30,1297.743596180146
2018-01-31,1232.389883162836
2018-02-01,1281.0132360055231
2018-02-02,1222.4569583564244
2018-02-03,1223.2311311089045
2018-02-04,1204.313747298719
2018-02-05,1164.3830245660245
2018-02-06,1200.6726221718768
2018-02-07,1225.8839228400275
2018-02-08,1282.3899016143775
2018-02-09,1294.8986624594388
2018-02-10,1414.2680595906363
2018-02-11,1335.9413603852558
2018-02-12,1338.2316237494822
2018-02-13,1256.8159902945802
2018-02-14,1210.5808214140263
2018-02-15,1182.9309084578954
2018-02-16,1151.359740923244
2018-02-17,1187.628994625032
2018-02-18,1131.9725294676323
2018-02-19,1165.5265991084834
2018-02-20,1157.160581911384
2018-02-21,1093.8500511114682
2018-02-22,1127.8727031652033
2018-02-23,1032.573676380015
2018-02-24,1047.5926380202002
2018-02-25,1070.0185160215572
2018-02-26,1146.5650924548684
2018-02-27,1112.675863929975
2018-02-28,1113.618270046203
2018-03-01,1166.1435194326493
2018-03-02,1190.416766404951
2018-03-03,1178.0410110827813
2018-03-04,1206.3154915280709
2018-03-05,1228.4450244312811
2018-03-06,1242.9224405096606
2018-03-07,1297.2089426399668
2018-03-08,1290.4567970730718
2018-03-09,1429.6268941853984
2018-03-10,1392.3244138859095
2018-03-11,1275.3347103233202
2018-03-12,1259.4321206913003
2018-03-13,1143.2545933792323
2018-03-14,1233.5519044496143
2018-03-15,1193.8200543535916
2018-03-16,1296.3344093603846
2018-03-17,1435.6970575704051
2018-03-18,1459.5147637432087
2018-03-19,1535.835357319652
2018-03-20,1515.7105025183348
2018-03-21,1543.987350652592
2018-03-22,1429.096720565966
2018-03-23,1471.8026893893166
2018-03-24,1495.1219462165136
2018-03-25,1377.1907594638853
2018-03-26,1397.734611539756
2018-03-27,1415.3678136458827
2018-03-28,1389.227990127667
2018-03-29,1410.6767773231206
2018-03-30,1432.0227788056013
2018-03-31,1608.880201679628
2018-04-01,1758.8717277625633
2018-04-02,1700.1540280743318
2018-04-03,1631.6022642374633
2018-04-04,1591.9572003684916
2018-04-05,1543.4448113391395
2018-04-06,1568.0091306553713
2018-04-07,1523.819245901646
2018-04-08,1745.8228539363092
2018-04-09,1681.7063945026537
2018-04-10,1406.7179230995976
2018-04-11,1293.1988963516412
2018-04-12,1235.537255507595
2018-04-13,1317.3016379040519
2018-04-14,1353.0530248135678
2018-04-15,1322.5919576136073
2018-04-16,1240.0561761995582
2018-04-17,1259.2575195670959
2018-04-18,1273.9612244173627
2018-04-19,1175.9508881012314
2018-04-20,1184.8738654379101
2018-04-21,1259.836675786077
2018-04-22,1307.8044606005774
2018-04-23,1298.1935562758395
2018-04-24,1440.9597351282314
2018-04-25,1411.473319301023
2018-04-26,1220.7947711130655
2018-04-27,1203.9817486115733
2018-04-28,1210.3410282205823
2018-04-29,1247.7687069223514
2018-04-30,1335.201819035915
2018-05-01,1416.4011040721941
2018-05-02,1566.3816582950917
2018-05-03,1502.6304083818782
2018-05-04,1305.722277062609
2018-05-05,1294.3823639472091
2018-05-06,1264.3174981806883
2018-05-07,1173.6635920761496
2018-05-08,1256.1264626706263
2018-05-09,1137.7179089225242
2018-05-10,1261.3980374321573
2018-05-11,1207.4605624485334
2018-05-12,1091.9598225331283
2018-05-13,2112.8471832372875
2018-05-14,1711.9761433511642
2018-05-15,1684.484636133087
2018-05-16,1395.9110118294973
2018-05-17,1289.0358234550213
2018-05-18,1175.1624589974958
2018-05-19,1196.1485498662137
2018-05-20,1001.6917407388504
2018-05-21,926.933883311587
2018-05-22,975.7792730688907
2018-05-23,930.7780189347968
2018-05-24,1029.2579965389252
2018-05-25,1023.9169874855033
2018-05-26,1196.8928688394558
2018-05-27,1171.3237007565115
2018-05-28,1166.2363407008306
2018-05-29,1225.1043593089255
2018-05-30,1263.9141891821316
2018-05-31,1133.221074103757
2018-06-01,1013.2128945780239
2018-06-02,1000.8335792910834
2018-06-03,1008.0549435722335
2018-06-04,1033.408854204617
2018-06-05,995.9584774226906
2018-06-06,966.6965777593703
2018-06-07,969.807615950598
2018-06-08,1009.5708622569908
2018-06-09,1054.2866077944261
2018-06-10,1116.0873204029888
2018-06-11,1123.7999628681337
2018-06-12,1128.049858911388
2018-06-13,1037.2876061637287
2018-06-14,1110.341235935355
2018-06-15,1056.0923636630798
2018-06-16,1126.5377464913174
2018-06-17,1146.81214379418
2018-06-18,1231.864366991058
2018-06-19,1234.9982282166116
2018-06-20,1321.7140286852627
2018-06-21,1382.6059801239126
2018-06-22,1850.2979178365676
2018-06-23,2008.8330707848895
2018-06-24,2184.7195080090705
2018-06-25,2477.8251215305186
2018-06-26,2311.1651348221794
2018-06-27,2262.291794145251
2018-06-28,2015.7662638110007
2018-06-29,1904.7594974377355
2018-06-30,1887.1791578351913
2018-07-01,1493.622376450017
2018-07-02,1246.2752836554546
2018-07-03,1215.3486727521301
2018-07-04,1904.2541765169094
2018-07-05,1936.957756382336
2018-07-06,1726.8974902743391
2018-07-07,2019.63857449212
2018-07-08,2081.888450033203
2018-07-09,2324.7054168556297
2018-07-10,2276.904767254888
2018-07-11,2245.7169348384155
2018-07-12,2327.9125608234913
2018-07-13,2322.6321345972024
2018-07-14,2316.3283520992027
2018-07-15,2336.5829415707462
2018-07-16,2327.3379531593027
2018-07-17,2227.855486188233
2018-07-18,2227.855486188233
2018-07-19,1785.9033724486922
2018-07-20,2482.492625546555
2018-07-21,2482.4926255465543
2018-07-22,1671.5884521951705
2018-07-23,1498.1978161929458
2018-07-24,1462.3581688791307
2018-07-25,1009.23878786523
2018-07-26,1042.933037375209
2018-07-27,906.3263057446953
2018-07-28,840.4338482107463
2018-07-29,843.6001590533238
2018-07-30,863.8775902321802
2018-07-31,933.6778474116455
2018-08-01,961.6986551133418
2018-08-02,766.0066508822177
2018-08-03,1182.3781618031355
2018-08-04,1206.6657006668688
2018-08-05,1136.9920747962424
2018-08-06,1151.046950934383
2018-08-07,1626.4028114975445
2018-08-08,1847.5239623415728
2018-08-09,1923.4000441592564
2018-08-10,1716.444455299872
2018-08-11,1554.3869275044335
2018-08-12,1583.2860390184778
2018-08-13,1533.2812026237582
2018-08-14,1278.9000219194243
2018-08-15,1228.172517840584
2018-08-16,1597.6237674994486
2018-08-17,1605.1171732736784
2018-08-18,1851.8822854866676
2018-08-19,1846.9490550863025
2018-08-20,1869.211319223922
2018-08-21,1643.4032995178784
2018-08-22,1643.4032995178782
2018-08-23,1555.833298054526
2018-08-24,1611.1208118153145
2018-08-25,1584.2786753130406
2018-08-26,1732.5385785648677
2018-08-27,1803.9992704892052
2018-08-28,1832.2996546691586
2018-08-29,1596.3903832916512
2018-08-30,1602.0380618762754
2018-08-31,1527.0232122923346
2018-09-01,1682.289104550214
2018-09-02,1668.3756219097997
2018-09-03,2054.4273720640317
2018-09-04,2369.5560407126886
2018-09-05,2430.5118181299945
2018-09-06,2382.6716631089603
2018-09-07,2490.3936689717943
2018-09-08,2524.3653432036417
2018-09-09,2205.905596269265
2018-09-10,2187.26785561808
2018-09-11,2106.249247462332
2018-09-12,2287.162158687428
2018-09-13,2284.9095630297033
2018-09-14,2323.2239628679304
2018-09-15,1963.1352032654747
2018-09-16,1971.270002467415
2018-09-17,2156.5924316536402
2018-09-18,2160.8804664724353
2018-09-19,2022.6029448456034
2018-09-20,1903.1973311411698
2018-09-21,1874.1570335031276
2018-09-22,2026.806521157359
2018-09-23,1998.6966240180573
2018-09-24,1976.7189293900176
2018-09-25,2019.9203571479554
2018-09-26,2026.0602996914909
2018-09-27,1726.53405376669
2018-09-28,1857.922870201892
2018-09-29,1840.7132761885441
2018-09-30,1822.8452798482308
2018-10-01,2010.1551632307853
2018-10-02,2006.5905293396363
2018-10-03,2110.1537574057234
2018-10-04,2058.1426221048137
2018-10-05,2059.0154177458967
2018-10-06,1970.1399899722692
2018-10-07,1980.2821003044717
2018-10-08,1835.2474692254466
2018-10-09,1826.4260466774522
2018-10-10,1802.1024626359879
2018-10-11,1767.3921055225399
2018-10-12,1767.3921055225399
2018-10-13,1966.9641246840947
2018-10-14,2018.045570347471
2018-10-15,2035.4914170549305
2018-10-16,2156.731111995664
2018-10-17,2173.752073279727
2018-10-18,2198.6951855501084
2018-10-19,1957.1656516330813
2018-10-20,1824.3979984036496
2018-10-21,1809.0891392343635
2018-10-22,1872.9795881210462
2018-10-23,1847.3516744511892
2018-10-24,1955.9784595884064
2018-10-25,1953.4963513591456
2018-10-26,1970.6118370797396
2018-10-27,1875.292454516
2018-10-28,1760.0073591584799
2018-10-29,1749.0564982298645
2018-10-30,1798.4526142819675
2018-10-31,1779.0661472258837
2018-11-01,1765.5140455307128
2018-11-02,1800.1753444073886
2018-11-03,1803.6386901917374
2018-11-04,1636.1044337584779
2018-11-05,1543.0426144086325
2018-11-06,1524.8889927063672
2018-11-07,1617.888455319725
2018-11-08,1608.0097002747436
2018-11-09,1646.476248001486
2018-11-10,1647.5240472734372
2018-11-11,1660.1166829488316
2018-11-12,1491.3493106473309
2018-11-13,1491.3493106473306
2018-11-14,1435.6535466807563
2018-11-15,1353.177518249573
2018-11-16,1332.1134469825975
2018-11-17,1313.8335375653717
2018-11-18,1313.8335375653714
2018-11-19,1316.6279275079075
2018-11-20,1468.7309614582537
2018-11-21,1493.5241803145698
2018-11-22,1511.0567664570945
2018-11-23,1436.6471676276535
2018-11-24,1444.678756784344
2018-11-25,1499.779118925911
2018-11-26,1233.7435121437568
2018-11-27,1213.4870635602829
2018-11-28,1234.8739967086506
2018-11-29,1244.5891273247933
2018-11-30,1237.8793975605322
2018-12-01,1344.938932924115
2018-12-02,1331.3371639766208
2018-12-03,1103.1790617248816
2018-12-04,1285.366637965538
2018-12-05,1285.2693992199154
2018-12-06,1280.5731695746183
2018-12-07,1383.02652083981
2018-12-08,1377.7829602783959
2018-12-09,1476.2714238236708
2018-12-10,1507.165254758964
2018-12-11,1505.157437777587
2018-12-12,1558.135069940917
2018-12-13,1576.7754691019456
2018-12-14,1341.3988953309236
2018-12-15,1506.4730184003465
2018-12-16,1501.2027522481226
2018-12-17,1493.853908728443
2018-12-18,1454.8524892799849
2018-12-19,1445.2183837885732
2018-12-20,1560.7390167573576
2018-12-21,1579.653048937728
2018-12-22,1570.4685547765182
2018-12-23,1584.3118293820985
2018-12-24,1590.804233636257
2018-12-25,1401.0628532504938
2018-12-26,1359.5192369018987
2018-12-27,1339.2494365674152
2018-12-28,1348.4061914288282
2018-12-29,1348.4061914288284
2018-12-30,1395.7635189061311
2018-12-31,1405.4107298790032
2019-01-01,1417.6989550447138
2019-01-02,1364.861597032133
2019-01-03,1259.8170748500656
2019-01-04,1252.8899302328755
2019-01-05,1316.8707025513943
2019-01-06,1307.1215347916311
2019-01-07,1295.8893277022396
2019-01-08,1446.6559080614745
2019-01-09,1459.666127481335
2019-01-10,1222.8229112606698
2019-01-11,1191.3675509805732
2019-01-12,1178.2111614071596
2019-01-13,1198.397327243455
2019-01-14,1198.3973272434548
2019-01-15,1243.878053058754
2019-01-16,1287.9372549171749
2019-01-17,1303.7692655412782
2019-01-18,1315.7736424116626
2019-01-19,1150.3620928273622
2019-01-20,1146.348279274218
2019-01-21,1270.4248137640784
2019-01-22,1267.053141319713
2019-01-23,1429.7801308002868
2019-01-24,1342.6846204443275
2019-01-25,1344.3922985045697
2019-01-26,1337.2510747367855
2019-01-27,1271.5126474000772
2019-01-28,1262.9540824957849
2019-01-29,1170.025771216834
2019-01-30,1026.978139974433
2019-01-31,1128.4924559985739
2019-02-01,1068.434232750489
2019-02-02,1057.819662417979
2019-02-03,1173.9040163792702
2019-02-04,1141.0085000499573
2019-02-05,1145.4367597227567
2019-02-06,1119.4248287011885
2019-02-07,1106.4431900088787
2019-02-08,1570.068602924036
2019-02-09,1521.0494456308516
2019-02-10,1531.8278405105323
2019-02-11,1475.5064197277406
2019-02-12,1666.1742200550118
2019-02-13,1701.1130974395915
2019-02-14,1545.0886423781126
2019-02-15,1513.8834474321768
2019-02-16,1517.4503067779465
2019-02-17,1435.6322620996316
2019-02-18,1439.7921529376902
2019-02-19,1432.0750166788825
2019-02-20,1537.9135507675774
2019-02-21,1548.6838554347012
2019-02-22,1504.1819770745033
2019-02-23,1572.1621196316526
2019-02-24,1585.716474454863
2019-02-25,1528.261907856733
2019-02-26,1531.809221843392
2019-02-27,1489.6611958109258
2019-02-28,1630.9614311177845
2019-03-01,1641.5559876007221
2019-03-02,1577.500843913637
2019-03-03,1689.24502775925
2019-03-04,1702.5159695564114
2019-03-05,1674.1705791738457
2019-03-06,1766.8722556758064
2019-03-07,1537.604054239173
2019-03-08,1503.859103386638
2019-03-09,1503.463743579109
2019-03-10,1181.0013194797193
2019-03-11,1263.7036350649926
2019-03-12,1243.629329218485
2019-03-13,1414.688677628226
2019-03-14,1387.7906346377413
2019-03-15,1384.8390116915004
2019-03-16,1529.5499211228348
2019-03-17,1578.2240730884903
2019-03-18,1492.6977771559064
2019-03-19,1508.1847354470658
2019-03-20,1497.7774793199792
2019-03-21,1451.48714418614
2019-03-22,1451.4871441861396
2019-03-23,1542.0447033343457
2019-03-24,1494.2809941954959
2019-03-25,1500.3105434462104
2019-03-26,1454.3290593105146
2019-03-27,1466.2770417766171
2019-03-28,1470.9617157578973
2019-03-29,1409.315260658717
2019-03-30,1409.2980172348139
2019-03-31,1408.2777042870932
2019-04-01,1494.7531755147013
2019-04-02,1500.4245712515215
2019-04-03,1307.7220928641243
2019-04-04,1315.3106268409356
2019-04-05,1314.1384617558547
2019-04-06,996.9355205000045
2019-04-07,923.6731850842073
2019-04-08,884.7484667437928
2019-04-09,1103.4063244037186
2019-04-10,1102.3215306716554
2019-04-11,1061.1126747432238
2019-04-12,1047.7802881869457
2019-04-13,1070.3301695439006
2019-04-14,1037.6902269563243
2019-04-15,1015.2647210658678
2019-04-16,994.9912825461707
2019-04-17,1214.445865785322
2019-04-18,1146.464756840429
2019-04-19,1153.2352307412898
2019-04-20,1308.6483397911484
2019-04-21,1330.2641201191013
2019-04-22,1412.927823845912
2019-04-23,1412.9278238459117
2019-04-24,1239.667148539679
2019-04-25,1177.0976705262028
2019-04-26,1177.0976705262028
2019-04-27,1139.8919451537513
2019-04-28,1124.6335042083997
2019-04-29,1105.3611735624113
2019-04-30,1094.768974655156
2019-05-01,1257.407562230547
2019-05-02,1267.8059551141175
2019-05-03,1346.7873456235147
2019-05-04,1360.8942117384217
2019-05-05,1594.9924075782753
2019-05-06,1659.3477176808854
2019-05-07,1693.7188899447049
2019-05-08,1752.7769519475478
2019-05-09,1679.1757864189176
2019-05-10,1692.8462056583398
2019-05-11,1658.4567476738155
2019-05-12,1649.4650051785923
2019-05-13,1571.0200807682445
2019-05-14,1470.1241671251792
2019-05-15,1450.6643074659962
2019-05-16,1408.5245637456924
2019-05-17,1369.2530829442508
2019-05-18,1354.9733612552734
2019-05-19,1433.8788480802652
2019-05-20,1556.3848299989156
2019-05-21,1569.5485530802205
2019-05-22,1493.1268872342737
2019-05-23,1500.8493057012583
2019-05-24,1303.7684555398466
2019-05-25,1362.4042920043955
2019-05-26,1352.4863697496228
2019-05-27,1226.1446124996735
2019-05-28,1396.018592089103
2019-05-29,1395.7314719931915
2019-05-30,1392.225942231214
2019-05-31,1380.7883938406414
2019-06-01,1377.0873432844744
2019-06-02,1450.9536351396393
2019-06-03,1472.0010084830535
2019-06-04,1377.861463435534
2019-06-05,1240.0808098763566
2019-06-06,1231.2747545146303
2019-06-07,1443.1734613685203
2019-06-08,1297.7350599098872
2019-06-09,1283.7713102875052
2019-06-10,3217.670330628635
2019-06-11,3342.774474545154
2019-06-12,2643.319351450083
2019-06-13,2343.430261313029
2019-06-14,2382.9261752974408
2019-06-15,2036.204865424378
2019-06-16,2036.2048654243779
2019-06-17,1614.5904407309026
2019-06-18,1656.6931760367709
2019-06-19,1651.4360165026467
2019-06-20,1373.8860732150517
2019-06-21,1430.7102481070508
2019-06-22,1424.4686062849178
2019-06-23,1402.9458468106657
2019-06-24,1393.4630872329872
2019-06-25,1236.4145502538445
2019-06-26,1552.6059510899013
2019-06-27,1579.3722881212893
2019-06-28,1585.2052817933675
2019-06-29,1718.6630218097914
2019-06-30,1747.0048701790204
2019-07-01,2123.0304465746262
2019-07-02,2203.0911488052884
2019-07-03,1647.5508358658233
2019-07-04,1548.332875307917
2019-07-05,1548.3328753079165
2019-07-06,1210.7889958971507
2019-07-07,1105.7737089556128
2019-07-08,1028.9863935414253
2019-07-09,1228.9465465677886
2019-07-10,998.7118930142059
2019-07-11,974.3142680756441
2019-07-12,1581.288293116179
2019-07-13,1627.3957582905268
2019-07-14,2230.8337562984248
2019-07-15,1932.3917988686949
2019-07-16,1959.9193142386926
2019-07-17,1976.6900216006145
2019-07-18,1976.690021600614
2019-07-19,1763.9097074372144
2019-07-20,1480.797699834988
2019-07-21,1405.3574976513994
2019-07-22,1383.7656553108793
2019-07-23,1073.3914534443395
2019-07-24,1027.5915337870374
2019-07-25,1536.5031985864582
2019-07-26,1563.5683823541603
2019-07-27,1591.32518577255
2019-07-28,1635.1585513731009
2019-07-29,1652.427633146921
2019-07-30,1137.3264005095566
2019-07-31,1631.249389828663
2019-08-01,1600.3666721212464
2019-08-02,1986.7094852281684
2019-08-03,1720.2503456309646
2019-08-04,1722.1092021021432
2019-08-05,1744.2767980358406
2019-08-06,1823.0704750800917
2019-08-07,2036.745969202874
2019-08-08,1857.0805695369259
2019-08-09,1824.6994794770567
2019-08-10,1923.6078534008047
2019-08-11,2022.020408397928
2019-08-12,2036.4888087024583
2019-08-13,1923.8214000651476
2019-08-14,1899.7521192616448
2019-08-15,1695.2277140848144
2019-08-16,1781.9047922265656
2019-08-17,1770.0520811588415
2019-08-18,1647.0469135198946
2019-08-19,1806.4904776513138
2019-08-20,1807.556238137438
2019-08-21,1873.5019514960568
2019-08-22,1999.0276549600217
2019-08-23,2004.5048914952395
2019-08-24,1938.5314613257885
2019-08-25,1963.6697928911462
2019-08-26,1748.8242881747144
2019-08-27,1708.2100685568594
2019-08-28,1693.6370189986537
2019-08-29,1817.0549922020273
2019-08-30,1880.2540737861518
2019-08-31,1881.4791233731667
2019-09-01,1757.9342567108592
2019-09-02,1771.593109493543
2019-09-03,1639.897553386994
2019-09-04,1639.9400866813053
2019-09-05,1618.9214133090948
2019-09-06,1680.0979278299462
2019-09-07,1680.097927829946
2019-09-08,1928.2280942606883
2019-09-09,1853.401856951015
2019-09-10,1874.381354332605
2019-09-11,2080.8120437492157
2019-09-12,1932.7003982328897
2019-09-13,1941.5017961048597
2019-09-14,1880.5172837506477
2019-09-15,1742.1086061176768
2019-09-16,1741.7690359385624
2019-09-17,1369.1704136463109
2019-09-18,1309.6912809613677
2019-09-19,1850.005924480722
2019-09-20,1956.2883191498306
2019-09-21,1965.175882705267
2019-09-22,2081.9424668647434
2019-09-23,2052.167094831682
2019-09-24,2117.4233297497394
2019-09-25,1992.5435293144628
2019-09-26,1965.1873866740293
2019-09-27,1951.050292187347
2019-09-28,1694.5330807841626
2019-09-29,1653.3726041492328
2019-09-30,2136.390870545373
2019-10-01,2118.194703097008
2019-10-02,2136.12729548111
2019-10-03,2236.5405404420867
2019-10-04,2236.5405404420862
2019-10-05,2435.5520566445307
2019-10-06,2600.977766145419
2019-10-07,2606.3939345593562
2019-10-08,1798.2968785728756
2019-10-09,1798.2968785728754
2019-10-10,1832.7775568917893
2019-10-11,1827.887807208044
2019-10-12,1784.422125813877
2019-10-13,1916.6808080565547
2019-10-14,2071.8422839724353
2019-10-15,2140.307544517771
2019-10-16,2076.6906454886885
2019-10-17,2134.9189758639022
2019-10-18,2153.012745350514
2019-10-19,1896.8300939140056
2019-10-20,1879.6256437647135
2019-10-21,1984.1156703510276
2019-10-22,2169.2357916053743
2019-10-23,2179.3108856402787
2019-10-24,2127.6731602912732
2019-10-25,2126.1940412025115
2019-10-26,2157.214653746839
2019-10-27,2066.888659117796
2019-10-28,2063.024318652008
2019-10-29,1598.8016319155
2019-10-30,1654.1022926722835
2019-10-31,1629.0450400652794
2019-11-01,1584.1954746152646
2019-11-02,1880.66423651078
2019-11-03,1874.2490310527246
2019-11-04,2004.1724803492018
2019-11-05,1987.5792826154168
2019-11-06,2004.173370212215
2019-11-07,2049.0134233464432
2019-11-08,2049.0134233464432
2019-11-09,1742.926353053276
2019-11-10,1587.6814000137429
2019-11-11,1556.4076709583255
2019-11-12,1713.6106196674868
2019-11-13,1849.4715767786515
2019-11-14,1835.2044487121625
2019-11-15,1878.1857369629934
2019-11-16,1905.9817981637727
2019-11-17,1560.637112122541
2019-11-18,1754.259423138426
2019-11-19,1744.7496065812823
2019-11-20,1590.9231202747203
2019-11-21,1618.3365202682317
2019-11-22,1600.3727538404687
2019-11-23,1646.9050139480983
2019-11-24,1677.7552977378336
2019-11-25,1429.7138109243679
2019-11-26,1378.3509032007744
2019-11-27,1373.728228856557
2019-11-28,1416.5306622490104
2019-11-29,1416.5306622490104
2019-11-30,1437.2285879897513
2019-12-01,1533.0391579799689
2019-12-02,1551.43714901709
2019-12-03,1630.8331418936611
2019-12-04,1595.8669145778645
2019-12-05,1601.9689080727117
2019-12-06,1418.3517959400385
2019-12-07,1316.5475804851862
2019-12-08,1296.290445513614
2019-12-09,1336.0588691634164
2019-12-10,1312.7895997676994
2019-12-11,1318.277940162891
2019-12-12,1353.8676145605332
2019-12-13,1363.206395398418
2019-12-14,1671.0722224102267
2019-12-15,1438.6950670248023
2019-12-16,1441.8476000377495
2019-12-17,1603.7842103924072
2019-12-18,1620.6365764662146
2019-12-19,1840.5731596216044
2019-12-20,1780.5499673727415
2019-12-21,1768.5570668001087
2019-12-22,2057.3523999022314
2019-12-23,1835.7348619540805
2019-12-24,1837.8521985135876
2019-12-25,1607.5867331348206
2019-12-26,1579.841171337591
2019-12-27,1742.5637556356191
2019-12-28,1752.7090785791193
2019-12-29,1720.0677410736314
2019-12-30,1474.9643859073672
2019-12-31,1552.696539958332
2020-01-01,1565.5323994293408
2020-01-02,1395.715516670063
2020-01-03,1362.0293466288094
2020-01-04,1287.6100463458333
2020-01-05,1067.729082881059
2020-01-06,1060.3308773129568
2020-01-07,1079.0453846091625
2020-01-08,1360.099820803034
2020-01-09,1369.8464542119168
2020-01-10,1299.1840520173978
2020-01-11,1302.0725369951545
2020-01-12,1238.3290104770133
2020-01-13,1194.1838409711559
2020-01-14,1196.3379692254114
2020-01-15,1045.3138589628086
2020-01-16,1150.6904109722434
2020-01-17,1147.0413511885592
2020-01-18,1246.7728887912187
2020-01-19,1339.0407003113871
2020-01-20,1350.9741831327792
2020-01-21,1353.2529407382915
2020-01-22,1380.2689081933886
2020-01-23,1231.143627093101
2020-01-24,1381.792598774433
2020-01-25,1382.6732447787992
2020-01-26,1354.8689581111355
2020-01-27,1531.6995494873242
2020-01-28,1541.8265803193292
2020-01-29,1488.402784123056
2020-01-30,1515.1016777951206
2020-01-31,1115.9172578876066
2020-02-01,1005.5150038713431
2020-02-02,986.0188789694072
2020-02-03,1075.2045056641946
2020-02-04,1180.6250923844977
2020-02-05,1166.5973660735872
2020-02-06,1241.5926394767803
2020-02-07,1274.514467775026
2020-02-08,1112.0697291617118
2020-02-09,1120.3442835895844
2020-02-10,1112.6850382924347
2020-02-11,1152.0840312387595
2020-02-12,1152.0840312387597
2020-02-13,1165.5482459737716
2020-02-14,1223.445157566942
2020-02-15,1241.8673189286624
2020-02-16,1192.0099830747602
2020-02-17,1235.4957236260911
2020-02-18,1236.6194248241293
2020-02-19,1192.3577629608415
2020-02-20,1130.863661175676
2020-02-21,1120.8267312154571
2020-02-22,1105.0359292962764
2020-02-23,1103.534677821429
2020-02-24,1209.040941163817
2020-02-25,1257.1842680423233
2020-02-26,1264.220117862728
2020-02-27,1419.0492446008066
2020-02-28,1489.4989340736354
2020-02-29,1512.7559438836665
2020-03-01,1393.6196678638023
2020-03-02,1049.949750342243
2020-03-03,1034.0963098140096
2020-03-04,1177.3303264205178
2020-03-05,1152.117585450721
2020-03-06,1077.8673460424525
2020-03-07,998.2087799024606
2020-03-08,983.2189234685376
2020-03-09,962.1302037778426
2020-03-10,945.5677712379454
2020-03-11,922.2569678688953
2020-03-12,1040.0271583841984
2020-03-13,1039.4405684941444
2020-03-14,1319.4353314697871
2020-03-15,1388.5888531001117
2020-03-16,1417.9140860691616
2020-03-17,1333.9948099891258
2020-03-18,1333.9948099891258
2020-03-19,1193.4703687260287
2020-03-20,1255.5513651457672
2020-03-21,1236.5336679733928
2020-03-22,1314.920912180005
2020-03-23,1560.589370099584
2020-03-24,1581.603697129979
2020-03-25,1459.3625786132698
2020-03-26,1486.5818353068598
2020-03-27,1308.2104884043995
2020-03-28,1271.587680147865
2020-03-29,1262.5736687139815
2020-03-30,1291.6483261026606
2020-03-31,1541.856062443145
2020-04-01,1555.1045849241484
2020-04-02,1568.2060664560345
2020-04-03,1649.9762446903837
2020-04-04,1674.7593628014706
2020-04-05,1537.0317104582132
2020-04-06,1546.8398724999167
2020-04-07,1300.464350414178
2020-04-08,1068.603795130048
2020-04-09,1037.9207748301476
2020-04-10,1086.303651631866
2020-04-11,1180.006507881847
2020-04-12,1168.997959544435
2020-04-13,1141.3408506793667
2020-04-14,1144.1742122746602
2020-04-15,1294.6533507733222
2020-04-16,1519.8222360440197
2020-04-17,1538.564510372245
2020-04-18,1407.0426434526225
2020-04-19,1487.5620653003741
2020-04-20,1509.4393936667373
2020-04-21,1628.9405120048416
2020-04-22,1773.9721499604777
2020-04-23,1770.339329145128
2020-04-24,1775.172988116836
2020-04-25,1809.8324781786541
2020-04-26,1818.9055126045364
2020-04-27,1811.8867628187286
2020-04-28,1814.2018037943712
2020-04-29,1696.8111104476363
2020-04-30,1671.5181460566982
2020-05-01,1665.2077934481456
2020-05-02,1303.2920833946066
2020-05-03,1135.6814978848356
2020-05-04,1022.2408057224202
2020-05-05,1075.5457777774054
2020-05-06,1050.75574633061
2020-05-07,1030.9105588343268
2020-05-08,1030.9105588343268
2020-05-09,1256.485705856734
2020-05-10,1194.0402084295986
2020-05-11,1211.7834003255102
2020-05-12,1192.6993076011888
2020-05-13,1130.4045312379903
2020-05-14,1134.4048933890538
2020-05-15,1170.9475524251636
2020-05-16,1150.1552150316415
2020-05-17,1315.542269862671
2020-05-18,1294.9735474511576
2020-05-19,1302.4731155061259
2020-05-20,1393.3705617722662
2020-05-21,1311.8793832816825
2020-05-22,1317.4633503683485
2020-05-23,1207.9813575617418
2020-05-24,1093.9432012294576
2020-05-25,1084.026132511356
2020-05-26,1213.236246024932
2020-05-27,1196.7774608276331
2020-05-28,1137.1519388348802
2020-05-29,1215.9721479470902
2020-05-30,1224.3050930023705
2020-05-31,1097.4049283548454
2020-06-01,1000.5979582352146
2020-06-02,979.363875129073
2020-06-03,1263.9406177422354
2020-06-04,1084.744054447023
2020-06-05,1070.7808232548543
2020-06-06,1311.6411194382008
2020-06-07,1336.2636283713862
2020-06-08,1330.2671117595846
2020-06-09,1330.2671117595844
2020-06-10,1244.4551610468366
2020-06-11,1194.1084719067865
2020-06-12,1194.1084719067862
2020-06-13,1185.0935134437257
2020-06-14,1108.143410246604
2020-06-15,1098.3531579296741
2020-06-16,1051.9451722743117
2020-06-17,1256.2570325926272
2020-06-18,1266.012727428503
2020-06-19,790.8328638569593
2020-06-20,763.1033925915165
2020-06-21,1095.525936863433
2020-06-22,1089.079952728918
2020-06-23,1094.6212703639903
2020-06-24,1008.6329644929817
2020-06-25,1121.1293115679423
2020-06-26,1173.1841882607
2020-06-27,848.0054229516336
2020-06-28,809.3697867934172
2020-06-29,722.5829659219528
2020-06-30,811.1884283686239
2020-07-01,802.1506483265676
2020-07-02,771.1076185770199
2020-07-03,536.3001119488937
2020-07-04,540.9284773140454
2020-07-05,737.2876070085574
2020-07-06,1022.677992104329
2020-07-07,1027.673967911086
2020-07-08,943.9408713746299
2020-07-09,954.3314602490138
2020-07-10,824.1009749490375
2020-07-11,1505.776751364224
2020-07-12,1537.4349527691816
2020-07-13,3735.8562046619595
2020-07-14,3442.760907746521
2020-07-15,3592.606817684321
2020-07-16,3802.7141030157104
2020-07-17,4010.519125776612
2020-07-18,3433.811300062518
2020-07-19,3658.4994334911594
2020-07-20,3514.400064275101
2020-07-21,4308.8782124441095
2020-07-22,4849.3277975418505
2020-07-23,4895.053896948681
2020-07-24,5231.913382190973
2020-07-25,5395.669406020371
2020-07-26,5538.299651655795
2020-07-27,6081.828760909254
2020-07-28,6166.313934810755
2020-07-29,5112.2396822269075
2020-07-30,5124.295258563735
2020-07-31,5090.941766875948
2020-08-01,5100.630928715794
2020-08-02,5100.630928715793
2020-08-03,5181.88793327893
2020-08-04,4753.058466225717
2020-08-05,4778.720618070598
2020-08-06,4706.428264135465
2020-08-07,4743.302642536542
2020-08-08,4722.109176265602
2020-08-09,4509.8636102596765
2020-08-10,3812.253174994421
2020-08-11,3792.8436461176425
2020-08-12,4183.300887754054
2020-08-13,4151.875699226831
2020-08-14,4800.166522524193
2020-08-15,5493.439991157296
2020-08-16,5567.227423136514
2020-08-17,5176.441969247758
2020-08-18,4519.89075759462
2020-08-19,4512.160923131988
2020-08-20,4512.160923131988
2020-08-21,4388.628656352792
2020-08-22,3942.5583038608015
2020-08-23,3942.5583038608015
2020-08-24,3546.0
2020-08-25,
2020-08-26,
2020-08-27,
2020-08-28,3703.0
2020-08-29,3702.9999999999995
2020-08-30,3718.1973964816134
2020-08-31,3918.159233739173
2020-09-01,3918.159233739173
2020-09-02,3691.048058092606
2020-09-03,3691.0480580926055
2020-09-04,3512.3976318567798
2020-09-05,3247.7659346866776
2020-09-06,3219.2952835731044
2020-09-07,2420.283007474548
2020-09-08,3053.9920371301205
2020-09-09,3031.2820711701534
2020-09-10,3040.675795442002
2020-09-11,3395.923183318843
2020-09-12,3425.9483322390824
2020-09-13,3123.0936158035315
2020-09-14,3219.134034153933
2020-09-15,3154.392710500077
2020-09-16,2870.249821573912
2020-09-17,2859.4297100529798
2020-09-18,2875.670677592257
2020-09-19,3206.8086899765945
2020-09-20,3232.677279021512
2020-09-21,3096.8004858929203
2020-09-22,3374.0042717161787
2020-09-23,3426.1095796617424
2020-09-24,2936.376669675686
2020-09-25,2932.2827366695496
2020-09-26,4655.911421290715
2020-09-27,5000.128448029659
2020-09-28,5123.190557401225
2020-09-29,5255.497239638737
2020-09-30,4999.996007866849
2020-10-01,5152.967939087561
2020-10-02,4887.737395398083
2020-10-03,4789.2017203718815
2020-10-04,4072.643444419329
2020-10-05,3681.6964274059696
2020-10-06,3587.2592075355046
2020-10-07,3737.7282936910433
2020-10-08,3719.3142886568517
2020-10-09,3670.3974508474644
2020-10-10,3789.9175864957774
2020-10-11,3812.270081731728
2020-10-12,3312.1372913494024
2020-10-13,3244.406731767991
2020-10-14,3199.483621452942
2020-10-15,3113.3826163924664
2020-10-16,3113.382616392466
2020-10-17,3474.562820587869
2020-10-18,3495.50308726163
2020-10-19,3539.1111054888106
2020-10-20,3433.186937528971
2020-10-21,3413.782878496378
2020-10-22,3433.6555921775944
2020-10-23,3117.784705705096
2020-10-24,3066.4520986145876
2020-10-25,3665.2046701530717
2020-10-26,3588.3122818904035
2020-10-27,3606.5479341411296
2020-10-28,3208.4824931584744
2020-10-29,3176.476246893552
2020-10-30,3201.8069293865415
2020-10-31,2772.51482657171
2020-11-01,2545.2105972475406
2020-11-02,2491.3308853716235
2020-11-03,2767.7611987932323
2020-11-04,2768.2032049075237
2020-11-05,2650.602323580188
2020-11-06,2762.4495610996955
2020-11-07,2792.659494811424
2020-11-08,2751.0113682042424
2020-11-09,2570.2021377006013
2020-11-10,2539.607828649991
2020-11-11,2418.2716576469966
2020-11-12,2408.2218322627773
2020-11-13,2148.3649711556322
2020-11-14,2069.330153828335
2020-11-15,2033.927745371665
2020-11-16,2273.558424125609
2020-11-17,2290.6489238737577
2020-11-18,2044.2892141159923
2020-11-19,1880.9480493224796
2020-11-20,1877.740259352033
2020-11-21,1947.3601637600966
2020-11-22,1996.6225360723472
2020-11-23,1966.7813913234017
2020-11-24,1956.513547041191
2020-11-25,2054.9063349299186
2020-11-26,2083.0284474303958
2020-11-27,1872.6331262931026
2020-11-28,1861.1687051463257
2020-11-29,1838.638330799181
2020-11-30,1955.8678967747023
2020-12-01,1954.550308934271
2020-12-02,1905.5950001468482
2020-12-03,1933.543211495576
2020-12-04,1951.672960889403
2020-12-05,1863.4062170078926
2020-12-06,1865.0671211762117
2020-12-07,1806.6277149737798
2020-12-08,1628.6721123819882
2020-12-09,1614.0670367435011
2020-12-10,1607.2717485502012
2020-12-11,1632.1286640657488
2020-12-12,1624.931287221416
2020-12-13,1667.5830193374534
2020-12-14,1660.5607495176196
2020-12-15,1411.228227094835
2020-12-16,1412.794173711747
2020-12-17,1399.5656209705044
2020-12-18,1559.6039032928352
2020-12-19,1724.0580557158191
2020-12-20,1724.3495936641725
2020-12-21,1668.8750162055303
2020-12-22,1858.184381121152
2020-12-23,1883.7287943252431
2020-12-24,1849.392571859508
2020-12-25,1855.4326370795882
2020-12-26,1631.9468128114665
2020-12-27,1604.9825060097285
2020-12-28,1605.1600631814279
2020-12-29,1626.9060796652007
2020-12-30,1708.285859360618
2020-12-31,1702.538501558117
2021-01-01,1811.5662442881003
2021-01-02,1836.7068497522869
2021-01-03,1483.404836286341
2021-01-04,1389.407160299625
2021-01-05,1371.095272754757
2021-01-06,1369.4049808492757
2021-01-07,1369.4049808492753
2021-01-08,1627.798084006187
2021-01-09,1584.2885172229774
2021-01-10,1612.1670812178143
2021-01-11,1791.9947188484791
2021-01-12,1686.0912248418751
2021-01-13,1701.8893887691872
2021-01-14,1612.617693449619
2021-01-15,1396.5034640516267
2021-01-16,1389.2124133720495
2021-01-17,1387.3024613656946
2021-01-18,1350.516713722498
2021-01-19,1387.7392521086476
2021-01-20,1427.289153344939
2021-01-21,1422.6628028539783
2021-01-22,1496.5444070272501
2021-01-23,1645.3178818232905
2021-01-24,1660.322173086637
2021-01-25,1553.6246538904345
2021-01-26,1560.9873697581297
2021-01-27,1672.6799032134181
2021-01-28,1612.6123936711551
2021-01-29,1616.637554174734
2021-01-30,1723.4795273646057
2021-01-31,1675.3671566463959
2021-02-01,1689.7979046026524
2021-02-02,1650.8962428796615
2021-02-03,1642.9138408122622
2021-02-04,1574.868106279199
2021-02-05,1447.0488998728658
2021-02-06,1422.3456659173899
2021-02-07,1332.0338321954125
2021-02-08,1332.0338321954125
2021-02-09,1296.219553830667
2021-02-10,1217.6602853845143
2021-02-11,1200.9708548587587
2021-02-12,1241.3666105806512
2021-02-13,1330.6146016840705
2021-02-14,1335.0881786884615
2021-02-15,1281.5457710725927
2021-02-16,1305.2349455228118
2021-02-17,1316.6608792326485
2021-02-18,1646.4439964897383
2021-02-19,1669.680766261106
2021-02-20,1433.8392091759226
2021-02-21,1225.4880089308513
2021-02-22,1225.9933245460425
2021-02-23,1154.4312821095853
2021-02-24,1215.8681062840346
2021-02-25,1168.135956457247
2021-02-26,1106.8639092078538
2021-02-27,1101.6904722093298
2021-02-28,1011.0265663521467
2021-03-01,1142.6260789824566
2021-03-02,1145.8185938952083
2021-03-03,1134.4916750780362
2021-03-04,1259.9307719763547
2021-03-05,1273.0106855631618
2021-03-06,1350.0856075833503
2021-03-07,1413.661708311898
2021-03-08,1418.5991072052254
2021-03-09,1349.8624962901051
2021-03-10,1363.7127795923934
2021-03-11,1355.4514301118904
2021-03-12,1434.3766315256353
2021-03-13,1433.6269657259813
2021-03-14,1439.695680741834
2021-03-15,1623.6375879796615
2021-03-16,1646.7931243544563
2021-03-17,1612.1133399209846
2021-03-18,1612.1133399209843
2021-03-19,1342.9350874413224
2021-03-20,1471.2511781489034
2021-03-21,1472.6949206219922
2021-03-22,1438.6872409666414
2021-03-23,1592.247880210825
2021-03-24,1593.6786373440857
2021-03-25,1736.9727980361
2021-03-26,1789.918813778373
2021-03-27,1409.198989905687
2021-03-28,1519.9641865500516
2021-03-29,1519.9641865500516
2021-03-30,1366.1642567523247
2021-03-31,1366.1642567523243
2021-04-01,1415.6270660917344
2021-04-02,1474.7367791627998
2021-04-03,1497.0459387831602
2021-04-04,1482.1894993198396
2021-04-05,1572.6408394256732
2021-04-06,1601.8933267064426
2021-04-07,1404.9582964931776
2021-04-08,1257.985911356967
2021-04-09,1238.5067891985905
2021-04-10,1301.0586933895693
2021-04-11,1301.0586933895693
2021-04-12,1369.6686190662422
2021-04-13,1423.3638026114852
2021-04-14,1434.2799778270457
2021-04-15,1315.5470998079338
2021-04-16,1383.7828966272275
2021-04-17,1384.6925966306064
2021-04-18,1411.583189754413
2021-04-19,1407.829627410249
2021-04-20,1412.0665901813231
2021-04-21,1378.4097513867023
2021-04-22,1391.7099772560869
2021-04-23,1457.522622256658
2021-04-24,1353.0172824115225
2021-04-25,1347.7731893624136
2021-04-26,1324.7520975732684
2021-04-27,1230.7363624645975
2021-04-28,1224.9573325717338
2021-04-29,1221.8028056697844
2021-04-30,1201.1971273925772
2021-05-01,1190.5723736446964
2021-05-02,1190.5723736446967
2021-05-03,1123.6950233974376
2021-05-04,1210.136292569708
2021-05-05,1210.136292569708
2021-05-06,1185.5495201926947
2021-05-07,1698.7490222243182
2021-05-08,1728.6488561024748
2021-05-09,1737.422865879762
2021-05-10,1537.2924616467558
2021-05-11,1262.1577258330447
2021-05-12,1124.8707973512253
2021-05-13,1123.1647598645097
2021-05-14,1297.6463146553522
2021-05-15,1468.4233818080775
2021-05-16,1453.5087903740455
2021-05-17,1383.412351963607
2021-05-18,1329.974580550504
2021-05-19,1357.0054981056119
2021-05-20,1466.7283205348688
2021-05-21,1454.0933919289314
2021-05-22,1423.983816122208
2021-05-23,1241.3790159250627
2021-05-24,1238.7170046030415
2021-05-25,1379.0061759058972
2021-05-26,1146.9948702025806
2021-05-27,1117.6473712922448
2021-05-28,1145.834702640581
2021-05-29,985.2307607604503
2021-05-30,977.7510768872739
2021-05-31,1077.6142278752227
2021-06-01,1051.7663073913463
2021-06-02,1160.8475765406595
2021-06-03,1505.9214604620072
2021-06-04,1525.5626351021717
2021-06-05,1636.1505947977646
2021-06-06,1672.331419975528
2021-06-07,1699.67109687679
2021-06-08,1804.5580259658652
2021-06-09,1840.9424095579204
2021-06-10,1287.7116393601664
2021-06-11,1201.890090589514
2021-06-12,1173.4863637141495
2021-06-13,934.8276148829399
2021-06-14,1863.8866390689661
2021-06-15,1860.0183361770626
2021-06-16,1728.9744185222928
2021-06-17,2950.800380708773
2021-06-18,3058.5725756881234
2021-06-19,3109.094928038332
2021-06-20,3264.4295836887495
2021-06-21,2986.5632830690415
2021-06-22,2986.563283069042
2021-06-23,2962.8786349873308
2021-06-24,2489.3696329357485
2021-06-25,2489.369632935748
2021-06-26,2517.690128220362
2021-06-27,2493.2512472482003
2021-06-28,2480.4123783183127
2021-06-29,1823.2337409193804
2021-06-30,1279.0719070992645
2021-07-01,1234.521612857941
2021-07-02,1234.5216128579407
2021-07-03,1060.071085466116
2021-07-04,760.687424201486
2021-07-05,760.687424201486
2021-07-06,567.0
2021-07-07,3007.0
2021-07-08,1932.740539283492
2021-07-09,1932.7405392834917
2021-07-10,2429.3445731606303
2021-07-11,2429.34457316063
2021-07-12,2664.1773764808963
2021-07-13,2646.251200030872
2021-07-14,2624.7747850941146
2021-07-15,2664.856665177516
2021-07-16,2237.667754409993
2021-07-17,2201.394086815162
2021-07-18,2526.7640665882054
2021-07-19,2502.952533376971
2021-07-20,2525.639547736721
2021-07-21,2230.5996225867984
2021-07-22,2210.632272242494
2021-07-23,2404.4297061609673
2021-07-24,2404.429706160967
2021-07-25,2543.1309657741863
2021-07-26,2381.5734344192497
2021-07-27,2371.010720022024
2021-07-28,2623.601660518459
2021-07-29,2643.4935304849946
2021-07-30,2648.709427600227
2021-07-31,2585.8171313922503
2021-08-01,2873.933609115163
2021-08-02,2915.429389142941
2021-08-03,2778.7581710740096
2021-08-04,2774.7545522390187
2021-08-05,2793.1242420501358
2021-08-06,2548.534459744814
2021-08-07,2550.828527103913
2021-08-08,2731.0397520656975
2021-08-09,2544.5815303096883
2021-08-10,2540.580364769335
2021-08-11,2469.5851998998787
2021-08-12,2447.9193130518706
2021-08-13,2778.9317649598206
2021-08-14,2471.315262091148
2021-08-15,2439.960202911031
2021-08-16,2849.450356190897
2021-08-17,2849.4503561908964
2021-08-18,2896.1799460259936
2021-08-19,2771.375765879327
2021-08-20,2803.132961066739
2021-08-21,2855.4272887747047
2021-08-22,3260.346369013025
2021-08-23,3259.579976197761
2021-08-24,2811.1418443666666
2021-08-25,2873.774411169441
2021-08-26,2885.0126954937805
2021-08-27,3364.0245751675798
2021-08-28,4087.635973020009
2021-08-29,4111.5925416392565
2021-08-30,4382.009882268589
2021-08-31,4513.019877411848
2021-09-01,4665.8186574512065
2021-09-02,4515.60051950457
2021-09-03,4553.737313214655
2021-09-04,4181.968827142421
2021-09-05,4227.484555327741
2021-09-06,4199.788441492222
2021-09-07,3842.143563519444
2021-09-08,3788.480955012298
2021-09-09,3509.4867639133763
2021-09-10,3343.2145866543738
2021-09-11,3313.46092172945
2021-09-12,3131.523059550984
2021-09-13,3047.151692024828
2021-09-14,3026.1800785870655
2021-09-15,2520.5458398684746
2021-09-16,2470.243600007423
2021-09-17,2462.5193294825244
2021-09-18,2555.3029643251466
2021-09-19,2526.9238170122476
2021-09-20,2900.2091320517898
2021-09-21,2574.757079831524
2021-09-22,2613.0149378170977
2021-09-23,2514.1646989820406
2021-09-24,2171.7071389822063
2021-09-25,2142.0641508504536
2021-09-26,2290.7536733922784
2021-09-27,2222.291068803043
2021-09-28,2595.8336194214276
2021-09-29,2612.5097050082595
2021-09-30,2625.4586841259425
2021-10-01,2042.3071158369473
2021-10-02,1855.3385482757435
2021-10-03,1819.9104809242933
2021-10-04,2662.3875816981904
2021-10-05,2643.9774721071954
2021-10-06,3291.417669530445
2021-10-07,3473.0910065123835
2021-10-08,3600.9730501442023
2021-10-09,3842.594803346614
2021-10-10,3419.5381695604074
2021-10-11,3404.64085802264
2021-10-12,2974.0638225085872
2021-10-13,2912.48575588812
2021-10-14,2887.2225150831023
2021-10-15,2949.406414191679
2021-10-16,2892.5171761360566
2021-10-17,2791.6705743465536
2021-10-18,2809.118596079047
2021-10-19,2829.5294050489215
2021-10-20,3112.6708634941747
2021-10-21,3123.828288013537
2021-10-22,3498.5143968002844
2021-10-23,3218.4727388622855
2021-10-24,3250.8867689645626
2021-10-25,3364.6176912685205
2021-10-26,3619.2672763851374
2021-10-27,3628.7930082857442
2021-10-28,3650.650559388374
2021-10-29,3637.4875558173703
2021-10-30,3327.9065975530425
2021-10-31,3234.946128362974
2021-11-01,3222.3814835972153
2021-11-02,3170.454514721806
2021-11-03,3269.7341825297267
2021-11-04,3246.26005580386
2021-11-05,3270.1728946769
2021-11-06,3414.6857050143944
2021-11-07,3432.59311412799
2021-11-08,3339.3750592649567
2021-11-09,3349.140293439686
2021-11-10,2899.613185786826
2021-11-11,2852.0286320374084
2021-11-12,2825.4191393265905
2021-11-13,2747.0015909609747
2021-11-14,2899.617795255561
2021-11-15,2880.7480275699254
2021-11-16,2923.936261910649
2021-11-17,2939.1934712913608
2021-11-18,2046.2535209074163
2021-11-19,2146.0969875310043
2021-11-20,2117.3514239647566
2021-11-21,2054.2937510432957
2021-11-22,2213.2276874340687
2021-11-23,2172.536024902752
2021-11-24,2239.7200494727394
2021-11-25,2348.110965035962
2021-11-26,2348.6937443029515
2021-11-27,2274.9267096110048
2021-11-28,2288.4543211567416
2021-11-29,1908.508360904627
2021-11-30,1858.0611013613504
2021-12-01,1826.214648222881
2021-12-02,1854.0730361779479
2021-12-03,1854.073036177948
2021-12-04,1754.2400541570532
2021-12-05,1798.979312557349
2021-12-06,1813.2064392400218
2021-12-07,1837.0377184082804
2021-12-08,1832.5930171974876
2021-12-09,1826.7480867783822
2021-12-10,1699.9073965551609
2021-12-11,1700.5550819713146
2021-12-12,1670.4360429653916
2021-12-13,1881.994367043195
2021-12-14,1883.3037550520578
2021-12-15,2194.028203156056
2021-12-16,2165.0236725151244
2021-12-17,2200.645532700492
2021-12-18,1825.8358560904876
2021-12-19,1815.1794509806318
2021-12-20,1794.1517991804515
2021-12-21,1809.04551485345
2021-12-22,1762.5022545299612
2021-12-23,1698.2242596518986
2021-12-24,1802.7553061204671
2021-12-25,1828.2803442117045
2021-12-26,1889.1982630802465
2021-12-27,1827.50793178014
2021-12-28,1827.5372081261128
2021-12-29,1617.818030389196
2021-12-30,1352.8626276219888
2021-12-31,1318.4446191600455
2022-01-01,1687.7724952524684
2022-01-02,1670.6296535791962
2022-01-03,1957.53853223451
2022-01-04,1957.5385322345098
2022-01-05,1861.2805517550678
2022-01-06,1620.4985394980858
2022-01-07,1620.4985394980856
2022-01-08,1734.4036482389977
2022-01-09,1824.4420908446168
2022-01-10,1800.4323833545227
2022-01-11,1716.8088237670217
2022-01-12,1882.0174078684192
2022-01-13,1919.7715256469737
2022-01-14,1835.5407850251438
2022-01-15,1830.9345894702574
2022-01-16,1896.4233181338764
2022-01-17,1520.5139997431381
2022-01-18,1514.8294431698573
2022-01-19,1695.8806523190472
2022-01-20,1695.1233456610628
2022-01-21,1692.8825597382508
2022-01-22,1520.6398586858002
2022-01-23,1491.1326738936302
2022-01-24,1051.314634281234
2022-01-25,1220.160317361184
2022-01-26,1176.7703921609736
2022-01-27,1347.8058457577029
2022-01-28,1454.5950149370512
2022-01-29,1462.7563169216598
2022-01-30,1563.9773232052994
2022-01-31,1732.1517594330016
2022-02-01,1747.9534124738175
2022-02-02,1750.6949981059067
2022-02-03,1761.7886264729104
2022-02-04,1478.2730990201194
2022-02-05,1267.2507071926202
2022-02-06,1242.3213558889572
2022-02-07,1397.5064487303625
2022-02-08,1524.5503284033075
2022-02-09,1511.3252296171513
2022-02-10,1590.0711756695775
2022-02-11,1616.225399381337
2022-02-12,1318.3655534978177
2022-02-13,1402.0791776454141
2022-02-14,1388.7485262495438
2022-02-15,1568.8341137739135
2022-02-16,1699.7728779965375
2022-02-17,1700.6243622000254
2022-02-18,1706.2356050098645
2022-02-19,1754.4969653368091
2022-02-20,1554.2022585149857
2022-02-21,1435.7933502676997
2022-02-22,1414.5278097351284
2022-02-23,1574.8897517829212
2022-02-24,1574.8897517829212
2022-02-25,1650.5386620765505
2022-02-26,1621.6679332810115
2022-02-27,1638.5555022484398
2022-02-28,1670.5726567745285
2022-03-01,1679.6037659133822
2022-03-02,1673.0677949209737
2022-03-03,1607.2925488814396
2022-03-04,1598.8130634799747
2022-03-05,1604.364902655467
2022-03-06,1551.9013273594028
2022-03-07,1544.9301061595315
2022-03-08,1533.19739349904
2022-03-09,1580.6344967464415
2022-03-10,1583.6682619036865
2022-03-11,1495.857058985056
2022-03-12,1230.5969903028388
2022-03-13,1216.3370908640263
2022-03-14,1364.9028595667821
2022-03-15,1353.782941576751
2022-03-16,1466.4013236597975
2022-03-17,1511.4888021724125
2022-03-18,1518.7213804258893
2022-03-19,1394.2485404961587
2022-03-20,1244.3503933013678
2022-03-21,1227.0790866037144
2022-03-22,1353.544727817923
2022-03-23,1337.1714832134435
2022-03-24,1425.053221156144
2022-03-25,1425.053221156144
2022-03-26,1451.8048789282636
2022-03-27,1412.1592558244345
2022-03-28,1412.1592558244345
2022-03-29,1435.703588714791
2022-03-30,1585.6210126610065
2022-03-31,1588.6540006179152
2022-04-01,1533.9482226702964
2022-04-02,1539.1747519186904
2022-04-03,1431.3757601071839
2022-04-04,1388.4567069508012
2022-04-05,1383.602199889422
2022-04-06,1542.1605633611155
2022-04-07,1550.1495665942602
2022-04-08,1554.8845314599266
2022-04-09,1493.2730725236934
2022-04-10,1575.7776446128496
2022-04-11,1590.059137387291
2022-04-12,1439.0466627074488
2022-04-13,1418.5223002490434
2022-04-14,1469.1682631221431
2022-04-15,1687.4805661511516
2022-04-16,1703.4639874171721
2022-04-17,1744.432252342543
2022-04-18,1739.828679036046
2022-04-19,1767.6581238663925
2022-04-20,1633.1502470659748
2022-04-21,1639.7628359030377
2022-04-22,1338.5196712588372
2022-04-23,1563.3288817379807
2022-04-24,1550.0726288256049
2022-04-25,1656.9181115174263
2022-04-26,1601.380837003169
2022-04-27,1608.8957723577926
2022-04-28,1491.5097382300553
2022-04-29,1518.2809978387672
2022-04-30,1434.6763134474093
2022-05-01,1446.0204308146049
2022-05-02,1425.6018693577507
2022-05-03,1609.3262652844153
2022-05-04,1567.3158551185559
2022-05-05,1579.8415808332247
2022-05-06,1594.4225423353237
2022-05-07,1607.8518205598407
2022-05-08,1466.5884221589045
2022-05-09,1421.505200928187
2022-05-10,1398.0793223638075
2022-05-11,1321.5409388861813
2022-05-12,1196.8940748363452
2022-05-13,1462.6436500902673
2022-05-14,1703.008822613305
2022-05-15,1721.803771239643
2022-05-16,1819.7033349457283
2022-05-17,1848.2551383165326
2022-05-18,1880.1702928062264
2022-05-19,3030.48057319536
2022-05-20,3101.115830984842
2022-05-21,2286.04532814562
2022-05-22,2946.985447115747
2022-05-23,3008.422512666208
2022-05-24,2513.029554135883
2022-05-25,2513.029554135883
2022-05-26,2163.307179693541
2022-05-27,2089.2784584972273
2022-05-28,2129.836927058768
2022-05-29,2270.2311729089356
2022-05-30,2074.836843939215
2022-05-31,2086.3551084188234
2022-06-01,2040.3996487853228
2022-06-02,2042.9099846102004
2022-06-03,1930.3429766878232
2022-06-04,1923.1426026583326
2022-06-05,1883.4426613967635
2022-06-06,1753.5517819810946
2022-06-07,1702.1888518138578
2022-06-08,1685.8880859571855
2022-06-09,1811.9869184558595
2022-06-10,1811.7245675571642
2022-06-11,1765.157642623678
2022-06-12,1807.8552401879958
2022-06-13,1770.1266499709125
2022-06-14,1763.9722796678254
2022-06-15,1634.8420717282518
2022-06-16,1682.7845058826588
2022-06-17,2002.411584333712
2022-06-18,2030.3509678674009
2022-06-19,1906.1661934386782
2022-06-20,2161.654537532986
2022-06-21,1957.0897608957632
2022-06-22,1837.8553826531872
2022-06-23,1453.4909582004389
2022-06-24,1485.0500058764248
2022-06-25,1606.7560371723807
2022-06-26,1265.8685678738104
2022-06-27,1299.8203001215024
2022-06-28,1010.639107130593
2022-06-29,1056.7429926998236
2022-06-30,1282.5947868739777
2022-07-01,1413.919558819762
2022-07-02,1389.4761116158672
2022-07-03,1284.8328764854155
2022-07-04,1144.2145804139104
2022-07-05,1332.3836780651675
2022-07-06,1426.7996859994123
2022-07-07,1358.5268073090651
2022-07-08,1297.4959651368374
2022-07-09,1364.3339941705037
2022-07-10,1603.4421127434923
2022-07-11,1597.3987051651081
2022-07-12,1432.7421075949924
2022-07-13,1374.669605907104
2022-07-14,1460.8334211725887
2022-07-15,1186.2769772342888
2022-07-16,1176.3757253192475
2022-07-17,894.2412457926391
2022-07-18,893.8813403008027
2022-07-19,909.2849735563783
2022-07-20,1000.9852425117982
2022-07-21,1123.860592908865
2022-07-22,1080.7675031436404
2022-07-23,1222.3188095240632
2022-07-24,1203.7103145799758
2022-07-25,1102.1926105253108
2022-07-26,1241.7249140969168
2022-07-27,1219.6979906742085
2022-07-28,847.8982129707638
2022-07-29,985.6874285975375
2022-07-30,937.1463653710672
2022-07-31,992.0807151625255
2022-08-01,1220.9566205122067
2022-08-02,950.6130817416145
2022-08-03,1294.348399024129
2022-08-04,1531.5201170439948
2022-08-05,1411.4234366734984
2022-08-06,1410.3639558663358
2022-08-07,1230.5604119707227
2022-08-08,1394.46531160678
2022-08-09,1315.9691049047674
2022-08-10,1249.4837764767162
2022-08-11,1317.1390997059145
2022-08-12,1438.1184104730992
2022-08-13,1905.1359386754498
2022-08-14,1710.2177270229688
2022-08-15,1318.8273861762293
2022-08-16,1303.299010916073
2022-08-17,1288.2151944120842
2022-08-18,1188.7818237378342
2022-08-19,1276.1100383738076
2022-08-20,1179.9511083926975
2022-08-21,1305.5894762488313
2022-08-22,1276.4729458592642
2022-08-23,1148.012876371876
2022-08-24,1084.8468488325254
2022-08-25,1111.1730768354373
2022-08-26,1301.9252694223505
2022-08-27,1379.725634064942
2022-08-28,1460.6681444644714
2022-08-29,1297.185384697701
2022-08-30,1243.1369776699387
2022-08-31,1134.4325458653882
2022-09-01,1110.603120686566
2022-09-02,1199.6332356426285
2022-09-03,965.1555704509132
2022-09-04,1171.0029853408464
2022-09-05,1182.7748679220003
2022-09-06,1216.331903593489
2022-09-07,1170.2969987157537
2022-09-08,1333.3105267688861
2022-09-09,1312.1828961760305
2022-09-10,1421.432875936653
2022-09-11,1383.0473169598101
2022-09-12,1406.3869789560945
2022-09-13,1502.4020369195264
2022-09-14,1977.6057125209604
2022-09-15,1591.2937266137578
2022-09-16,1786.2585634793481
2022-09-17,1519.355096566195
2022-09-18,1541.1692341209862
2022-09-19,1253.2629131525307
2022-09-20,1503.2651540476495
2022-09-21,1501.1951464949263
2022-09-22,1614.4387311281894
2022-09-23,1644.7384072142634
2022-09-24,2595.2327166784507
2022-09-25,2162.7244426476136
2022-09-26,1916.1358142970628
2022-09-27,1768.5085593517272
2022-09-28,1657.7143973278585
2022-09-29,1712.5999840983216
2022-09-30,1620.0664057349086
2022-10-01,1533.9830040363754
2022-10-02,1584.3201083854594
2022-10-03,1373.7906893212028
2022-10-04,1348.2254664223133
2022-10-05,1216.2150689388754
2022-10-06,1509.032719696196
2022-10-07,1975.2850132429191
2022-10-08,2298.8352016854233
2022-10-09,3092.3018187470893
2022-10-10,2795.4463032127564
2022-10-11,2347.3326607912986
2022-10-12,2392.4784229820493
2022-10-13,2699.8634792385283
2022-10-14,2468.0068813450252
2022-10-15,2672.6827965087773
2022-10-16,2363.9588953518405
2022-10-17,2325.6397040638876
2022-10-18,2347.0751223401826
2022-10-19,2101.3638523891623
2022-10-20,2080.6978231216403
2022-10-21,1964.2985493218923
2022-10-22,2067.222797769334
2022-10-23,2053.966073006267
2022-10-24,2111.057572384926
2022-10-25,2131.7381982789493
2022-10-26,1926.8244851458526
2022-10-27,2085.303030362538
2022-10-28,2063.3179662933317
2022-10-29,1983.3215568606652
2022-10-30,1944.4863986270625
2022-10-31,2148.4919308553613
2022-11-01,2141.615772186811
2022-11-02,2101.4268859460567
2022-11-03,2003.2937015712253
2022-11-04,1790.8271975917598
2022-11-05,2048.6126137954207
2022-11-06,1821.1803380127863
2022-11-07,1776.5954120643166
2022-11-08,1671.4475755191086
2022-11-09,1536.8190320798778
2022-11-10,1592.2018322844679
2022-11-11,1539.7181906080552
2022-11-12,1635.0886856701595
2022-11-13,1636.2889771997804
2022-11-14,1565.0333252333328
2022-11-15,1491.139259420036
2022-11-16,1436.6452795624002
2022-11-17,1448.8377728505695
2022-11-18,1479.285412585528
2022-11-19,1400.2627003880898
2022-11-20,1364.065712733417
2022-11-21,1332.4906219430634
2022-11-22,1173.8484009285432
2022-11-23,1404.0399050141486
2022-11-24,1300.8171215754796
2022-11-25,1240.5126378624755
2022-11-26,1259.4529689893434
2022-11-27,1021.8646886047466
2022-11-28,1276.1844353153735
2022-11-29,1288.2607794260912
2022-11-30,1534.8599586940516
2022-12-01,1464.1562873824967
2022-12-02,1616.7329086502712
2022-12-03,1575.4831904103196
2022-12-04,1552.9224599389793
2022-12-05,1382.6856521886402
2022-12-06,1343.4924490636636
2022-12-07,1399.290886802043
2022-12-08,1200.7856501523083
2022-12-09,1219.8288380628294
2022-12-10,1176.3104156844802
2022-12-11,1266.0877708384253
2022-12-12,1249.7131453287907
2022-12-13,1194.323875460916
2022-12-14,1324.1349618490049
2022-12-15,1358.0849018031083
2022-12-16,1431.7096292224135
2022-12-17,1363.2991175462794
2022-12-18,1487.9198505642428
2022-12-19,1368.8780225499554
2022-12-20,1273.7051407606732
2022-12-21,1188.3519218682388
2022-12-22,1083.9314833102774
2022-12-23,1285.4592403795152
2022-12-24,1097.6077049320781
2022-12-25,1142.809087591678
2022-12-26,1194.0646731687325
2022-12-27,1547.2645473438754
2022-12-28,1500.2158051253668
2022-12-29,1280.6394162167865
2022-12-30,1252.205992609297
2022-12-31,1258.9779104092888
2023-01-01,1115.3222253196097
2023-01-02,1119.016686280263
2023-01-03,1144.7801924083487
2023-01-04,1047.9433826690918
2023-01-05,1088.7259759793883
2023-01-06,1203.5534830206475
2023-01-07,1114.4176245725814
2023-01-08,1189.281873742747
2023-01-09,1222.8739822645823
2023-01-10,1290.7082896559575
2023-01-11,1210.8015521147456
2023-01-12,1221.5650037800551
2023-01-13,1152.957269095976
2023-01-14,949.0846553810097
2023-01-15,1028.3956771571343
2023-01-16,997.3318926119223
2023-01-17,1002.0298350806678
2023-01-18,1006.0318096468353
2023-01-19,1102.2062679296496
2023-01-20,1200.8009103253426
2023-01-21,1180.0827862971812
2023-01-22,1033.8956048873972
2023-01-23,973.5481737420806
2023-01-24,988.44513999194
2023-01-25,890.2156952679718
2023-01-26,1021.6345733915822
2023-01-27,929.597011422999
2023-01-28,1058.3853311955336
2023-01-29,1156.7733989474261
2023-01-30,1027.2942491397578
2023-01-31,1048.809683766455
2023-02-01,994.2361088946144
2023-02-02,1045.1116100182956
2023-02-03,1076.802109305567
2023-02-04,1132.4941103889469
2023-02-05,1082.1056171108264
2023-02-06,1118.4209038367715
2023-02-07,1033.274103130858
2023-02-08,1037.5322918887955
2023-02-09,1015.4285864216356
2023-02-10,936.8031193346742
2023-02-11,1036.8834305585813
2023-02-12,1114.2522863077681
2023-02-13,1159.492084164808
2023-02-14,1192.7679623911567
2023-02-15,1071.6649545281107
2023-02-16,1066.3379278375041
2023-02-17,998.1925644566829
2023-02-18,1117.6686373030234
2023-02-19,1219.276841645938
2023-02-20,1176.7369008551996
2023-02-21,1164.686939874477
2023-02-22,1230.7805629350974
2023-02-23,1211.0476021709717
2023-02-24,1213.4885846400052
2023-02-25,1226.5931056790403
2023-02-26,1237.9138860689459
2023-02-27,1270.4422609020685
2023-02-28,1147.019208486609
2023-03-01,1114.8008486313724
2023-03-02,1184.7353382399258
2023-03-03,1143.8100349602546
2023-03-04,1110.3991821272332
2023-03-05,1107.7841415821886
2023-03-06,1199.4324262154546
2023-03-07,1238.984386460303
2023-03-08,1279.1902260575052
2023-03-09,1238.9520928570187
2023-03-10,1203.475055248746
2023-03-11,1131.7178662102
2023-03-12,1145.0638391038378
2023-03-13,1082.6518377998086
2023-03-14,1121.5609570656918
2023-03-15,1242.5059966455558
2023-03-16,1134.4540022445708
2023-03-17,1331.9377433729173
2023-03-18,1207.0426763931957
2023-03-19,1193.9396437654198
2023-03-20,1142.6108990119699
2023-03-21,1309.3611935569445
2023-03-22,1235.3853819428857
2023-03-23,1245.464160332605
2023-03-24,1305.277435004458
2023-03-25,1236.5994856471839
2023-03-26,1196.932232110168
2023-03-27,1144.601055781875
2023-03-28,1209.3561997689533
2023-03-29,1135.5038005002518
2023-03-30,1074.9020314475263
2023-03-31,1020.6688999349027
2023-04-01,992.033399352946
2023-04-02,1101.6523145487215
2023-04-03,1076.2386904395692
2023-04-04,1068.414388331168
2023-04-05,1054.5420723758884
2023-04-06,1094.848509898811
2023-04-07,1152.9133726106536
2023-04-08,1162.7148242243195
2023-04-09,1280.1378858579435
2023-04-10,1287.5713987018726
2023-04-11,1414.362446209789
2023-04-12,1295.767677016804
2023-04-13,1305.4906255923624
2023-04-14,1249.9012947255997
2023-04-15,1273.1615503597895
2023-04-16,1205.2484738897506
2023-04-17,1146.5740205520015
2023-04-18,1215.9579922396101
2023-04-19,1176.1454361265578
2023-04-20,1239.7382364912905
2023-04-21,1282.0247239484127
2023-04-22,1225.805132327255
2023-04-23,1585.7714950751624
2023-04-24,1610.6517212486558
2023-04-25,1621.7561448190647
2023-04-26,1563.247373362718
2023-04-27,1741.1757463945353
2023-04-28,1585.5993458523037
2023-04-29,1570.1864929832618
2023-04-30,1441.8115001832566
2023-05-01,1525.9983026487844
2023-05-02,1256.9729373804337
2023-05-03,1251.0067135740926
2023-05-04,1250.287007678904
2023-05-05,1119.9333860878542
2023-05-06,1171.0659120849048
2023-05-07,1249.164867032041
2023-05-08,1309.4815666167399
2023-05-09,1278.9553044706379
2023-05-10,1280.1068855536685
2023-05-11,1344.6820233727822
2023-05-12,1212.485828299798
2023-05-13,1144.4122668404366
2023-05-14,1039.036413537639
2023-05-15,1149.3624375401666
2023-05-16,1001.009441296435
2023-05-17,1058.765746401551
2023-05-18,1150.0747784217276
2023-05-19,1106.1597290225745
2023-05-20,1248.4009244211752
2023-05-21,1165.489750941372
2023-05-22,1188.5647964156285
2023-05-23,1016.5750245651043
2023-05-24,1373.5186652133334
2023-05-25,1584.5201874791962
2023-05-26,1399.6690574757815
2023-05-27,1632.1372791048916
2023-05-28,1489.7173090105305
2023-05-29,1522.7618621433705
2023-05-30,1505.3081962006038
2023-05-31,1436.9498917307267
2023-06-01,1354.0441046498188
2023-06-02,1516.1155176798034
2023-06-03,1443.266827239374
2023-06-04,1399.9024140834338
2023-06-05,1318.383986935948
2023-06-06,1245.8496155609432
2023-06-07,1281.590289173485
2023-06-08,1187.486182135099
2023-06-09,1260.3783757888946
2023-06-10,1403.3070537143487
2023-06-11,1135.6459177898068
2023-06-12,1174.973492869633
2023-06-13,1069.4923980326005
2023-06-14,1064.898900207972
2023-06-15,1123.7960357578002
2023-06-16,1065.242018532587
2023-06-17,1106.6393809450515
2023-06-18,1200.3420854198237
2023-06-19,1154.3801012111962
2023-06-20,1170.0688695511044
2023-06-21,1250.8305782283408
2023-06-22,1157.546783904791
2023-06-23,1260.3350697156795
2023-06-24,1033.5672992824668
2023-06-25,1101.6063364413264
2023-06-26,1065.6412444162245
2023-06-27,1178.0043573359353
2023-06-28,1171.9226268147474
2023-06-29,968.2919262983444
2023-06-30,1116.5660498888951
2023-07-01,1209.0243998759865
2023-07-02,827.3097107054108
2023-07-03,872.070851107415
2023-07-04,604.7577448540944
2023-07-05,722.5571262343454
2023-07-06,890.7592529022287
2023-07-07,810.1562449405881
2023-07-08,895.2284857389718
2023-07-09,797.7859568300812
2023-07-10,849.5996400110815
2023-07-11,663.9270747482082
2023-07-12,619.6634730221958
2023-07-13,700.4863283676268
2023-07-14,693.0581748729807
2023-07-15,707.5553836417806
2023-07-16,606.4030874165644
2023-07-17,657.3415870331169
2023-07-18,571.2225957409969
2023-07-19,767.0901317660895
2023-07-20,550.0010955894298
2023-07-21,586.9734761703912
2023-07-22,737.9996555238141
2023-07-23,817.1583740338057
2023-07-24,854.2061256644043
2023-07-25,750.9138346693796
2023-07-26,781.4004411577212
2023-07-27,816.0723496587557
2023-07-28,908.4001810735781
2023-07-29,860.7740988791984
2023-07-30,961.2832633254474
2023-07-31,1036.421306812181
2023-08-01,1203.74137717942
2023-08-02,1011.498995879936
2023-08-03,958.946279008186
2023-08-04,1049.5612737890501
2023-08-05,838.664744193878
2023-08-06,1004.178193330789
2023-08-07,852.8823480962789
2023-08-08,813.3018047082785
2023-08-09,949.9038559588445
2023-08-10,915.4088104346162
2023-08-11,1482.9810601988806
2023-08-12,1416.9940371564091
2023-08-13,1326.793492773636
2023-08-14,1587.151699392874
2023-08-15,2049.5563012316434
2023-08-16,2154.558733684784
2023-08-17,2079.5596657846913
2023-08-18,1997.8640807633822
2023-08-19,1855.3789748322638
2023-08-20,1994.8036957936386
2023-08-21,1543.3819399868992
2023-08-22,1469.6181628362506
2023-08-23,1246.5764107456414
2023-08-24,1375.59857896433
2023-08-25,1304.3424013347196
2023-08-26,972.9398883979331
2023-08-27,1794.5207523499157
2023-08-28,1869.139541933208
2023-08-29,2153.7606405420793
2023-08-30,2291.452871712312
2023-08-31,2397.8466243735757
2023-09-01,2295.3568399671526
2023-09-02,2389.7266424653526
2023-09-03,1956.547792936429
2023-09-04,1807.0250937128073
2023-09-05,1842.8067577993404
2023-09-06,1458.5374623593868
2023-09-07,1472.4417319454217
2023-09-08,1292.183731426586
2023-09-09,1302.6953272427963
2023-09-10,1377.806077694845
2023-09-11,1497.9302466343643
2023-09-12,1499.913012379829
2023-09-13,1321.2022366056165
2023-09-14,1384.2023755456507
2023-09-15,1592.445867574878
2023-09-16,1736.535125451713
2023-09-17,2628.3133994395193
2023-09-18,2231.1929808600134
2023-09-19,2075.329517095556
2023-09-20,1961.1909631312753
2023-09-21,1802.881293446478
2023-09-22,1577.6574556260384
2023-09-23,1641.034493224394
2023-09-24,1224.5394980690878
2023-09-25,1564.8427918737639
2023-09-26,1657.7777312228109
2023-09-27,1684.6181786771872
2023-09-28,1734.6343412264362
2023-09-29,1560.5474466761978
2023-09-30,1532.8936399903582
2023-10-01,1704.2446122887218
2023-10-02,1826.551812701825
2023-10-03,1703.5427640182797
2023-10-04,1531.2734915324825
2023-10-05,1674.3915658305343
2023-10-06,1970.5540521754795
2023-10-07,2122.257027694335
2023-10-08,2115.9041800411683
2023-10-09,2254.808492990707
2023-10-10,2213.4673157918487
2023-10-11,2312.9398974944916
2023-10-12,2284.986897759086
2023-10-13,2234.120021353243
2023-10-14,2237.264917780668
2023-10-15,1970.163652917866
2023-10-16,1874.2471080827265
2023-10-17,1883.1281041758689
2023-10-18,2066.775769866798
2023-10-19,2140.4785036224603
2023-10-20,1902.0953842387246
2023-10-21,1930.0649739322728
2023-10-22,1706.2640316023317
2023-10-23,1800.1887707881717
2023-10-24,1611.3065038474522
2023-10-25,1680.202867058292
2023-10-26,1775.422969962301
2023-10-27,1817.0875022610705
2023-10-28,1878.5050176873585
2023-10-29,1838.9144642582646
2023-10-30,1845.7532717333222
2023-10-31,1847.2904763180104
2023-11-01,1785.6876138395726
2023-11-02,1774.18248051179
2023-11-03,1881.7218321236326
2023-11-04,1850.1407450818376
2023-11-05,1616.2905919810728
2023-11-06,1713.6294458944928
2023-11-07,1482.7340090248026
2023-11-08,1489.3792894449261
2023-11-09,1249.1197887738113
2023-11-10,1456.0845125607614
2023-11-11,1384.0115119602046
2023-11-12,1396.0206513980559
2023-11-13,1443.6049369970397
2023-11-14,1432.1786844150545
2023-11-15,1434.15791556391
2023-11-16,1308.8163768061547
2023-11-17,1421.9855544942543
2023-11-18,1473.035183794229
2023-11-19,1524.47020121877
2023-11-20,1419.7195286769836
2023-11-21,1286.7453827912423
2023-11-22,1334.3699125933856
2023-11-23,1157.1216720900914
2023-11-24,1161.7801860432194
2023-11-25,1205.0151669968134
2023-11-26,1298.1749715755936
2023-11-27,1275.4288669232662
2023-11-28,1291.4861822305588
2023-11-29,1252.4844032949666
2023-11-30,1189.637939668438
2023-12-01,1071.4957550124182
2023-12-02,918.799030057329
2023-12-03,1124.9340044220353
2023-12-04,1120.8936018933894
2023-12-05,1322.1143494199362
2023-12-06,1138.1383360688337
2023-12-07,1088.1209779225776
2023-12-08,1246.6302227947724
2023-12-09,1332.3922009612143
2023-12-10,1531.1156811899386
2023-12-11,1347.128653006394
2023-12-12,1397.3402594980641
2023-12-13,1458.2186787181513
2023-12-14,1535.0533352279738
2023-12-15,1482.6058964634726
2023-12-16,1281.808227217285
2023-12-17,1326.901392594575
2023-12-18,1329.1402978589038
2023-12-19,1315.9238099526697
2023-12-20,1137.5707030859
2023-12-21,1267.5476463015373
2023-12-22,1315.5155460520905
2023-12-23,1232.5472142816716
2023-12-24,1141.9195119956873
2023-12-25,1059.6885286907068
2023-12-26,1099.3444075877737
2023-12-27,1063.147471053646
2023-12-28,1112.933116386262
2023-12-29,1162.9451985004655
2023-12-30,1206.0672195794784
2023-12-31,1234.608351779462
2024-01-01,1074.3025671758533
2024-01-02,1075.099452260257
2024-01-03,1074.4207004496798
2024-01-04,1069.782914350078
2024-01-05,1059.4355734287722
2024-01-06,1067.815534479101
2024-01-07,991.919934287174
2024-01-08,968.589622683717
2024-01-09,1114.2540061935767
2024-01-10,1023.1256429629614
2024-01-11,1006.2276726056239
2024-01-12,827.2280344152081
2024-01-13,932.4273724492427
2024-01-14,912.3911068756943
2024-01-15,801.92694444262
2024-01-16,760.9602107427522
2024-01-17,802.3218219152609
2024-01-18,796.5896198717214
2024-01-19,829.0407437813999
2024-01-20,853.8562912571655
2024-01-21,1043.821520585651
2024-01-22,1179.1767810564716
2024-01-23,1094.8547701503421
2024-01-24,1065.3600875378304
2024-01-25,1158.9914503833768
2024-01-26,1137.4941659597016
2024-01-27,1167.1166084367674
2024-01-28,1162.2453400987977
2024-01-29,1242.9149194337742
2024-01-30,1215.459895435315
2024-01-31,1250.9878634059332
2024-02-01,1134.0800893229448
2024-02-02,1107.0555504064125
2024-02-03,1096.5932147011729
2024-02-04,1059.9658854482716
2024-02-05,1107.5848236352597
2024-02-06,1149.7453933542586
2024-02-07,1165.4729565797268
2024-02-08,1129.8540441477014
2024-02-09,1075.7870702960859
2024-02-10,1096.007995685064
2024-02-11,1078.5752916255326
2024-02-12,1157.0206310396936
2024-02-13,1146.5491833465628
2024-02-14,1096.5789422431033
2024-02-15,1033.2830107543039
2024-02-16,1091.3216833308356
2024-02-17,1096.6144767000335
2024-02-18,1048.5378148165744
2024-02-19,1021.1378421928741
2024-02-20,959.6467081600848
2024-02-21,909.4281584742481
2024-02-22,927.524944836989
2024-02-23,980.2876894609946
2024-02-24,1008.1762930413814
2024-02-25,1043.248038791304
2024-02-26,1161.5652416174692
2024-02-27,1170.3564096774057
2024-02-28,1119.900820582214
2024-02-29,1115.5438307553252
2024-03-01,1090.033423150964
2024-03-02,1090.8952899151504
2024-03-03,1255.9992723507132
2024-03-04,1225.732823521754
2024-03-05,1124.2885125613166
2024-03-06,1142.8986934494778
2024-03-07,1146.3937648735214
2024-03-08,1265.1795646919663
2024-03-09,1362.0562978357714
2024-03-10,1354.2171614471933
2024-03-11,1329.7830694188026
2024-03-12,1424.0442274260151
2024-03-13,1267.9334529380549
2024-03-14,1331.531354493063
2024-03-15,1372.5825939285419
2024-03-16,1315.9327071700402
2024-03-17,1387.6923383165772
2024-03-18,1379.4639061023515
2024-03-19,1363.8670007633416
2024-03-20,1442.94733495667
2024-03-21,1387.5411305771272
2024-03-22,1404.3330530290684
2024-03-23,1448.1270741112146
2024-03-24,1539.5032041394263
2024-03-25,1342.6728838444874
2024-03-26,1325.2875295407057
2024-03-27,1283.8155108650412
2024-03-28,1314.8040335968028
2024-03-29,1241.6901372867505
2024-03-30,1257.962162565106
2024-03-31,1228.5868444049627
2024-04-01,1315.8092105132348
2024-04-02,1262.409354957321
2024-04-03,1295.6818578569087
2024-04-04,1233.855794713225
2024-04-05,1135.4796194743776
2024-04-06,1145.0632960631951
2024-04-07,1127.9382127941115
2024-04-08,1135.3161729479975
2024-04-09,1224.44710962239
2024-04-10,1186.1565352927369
2024-04-11,1125.7351385473871
2024-04-12,1041.4430315474833
2024-04-13,987.052929532117
2024-04-14,973.3304845454287
2024-04-15,1064.7230716467823
2024-04-16,1085.0722350826877
2024-04-17,1166.980101296719
2024-04-18,1198.235994485144
2024-04-19,1299.9082362008537
2024-04-20,1240.1453322071932
2024-04-21,1213.9661770879318
2024-04-22,1191.4104083027567
2024-04-23,1201.2193236843573
2024-04-24,1185.3512495083755
2024-04-25,1275.9066724806119
2024-04-26,1209.5535753840106
2024-04-27,1249.7578503338482
2024-04-28,1166.8708749676398
2024-04-29,1188.4873123810335
2024-04-30,1187.6889914818503
2024-05-01,1143.2743753756897
2024-05-02,1013.9666530221741
2024-05-03,1159.6660106513966
2024-05-04,1175.4864624155402
2024-05-05,1044.9166366818047
2024-05-06,992.1006752660716
2024-05-07,1183.524186881634
2024-05-08,1744.7954077733343
2024-05-09,1767.4955076513681
2024-05-10,1768.7193253653127
2024-05-11,1748.6006531442222
2024-05-12,1790.4150165468066
2024-05-13,1726.8217915153637
2024-05-14,1644.0879032623084
2024-05-15,1469.711244033512
2024-05-16,1697.5539237248483
2024-05-17,2041.580091495749
2024-05-18,1889.0825182011924
2024-05-19,1872.16518634032
2024-05-20,1835.3836545892386
2024-05-21,1652.279502590585
2024-05-22,1520.1323788874422
2024-05-23,1453.583681440192
2024-05-24,1524.855361571215
2024-05-25,1373.1774549929655
2024-05-26,1393.8980978625636
2024-05-27,1216.7203262406092
2024-05-28,877.8386905442529
2024-05-29,1023.4885388798735
2024-05-30,1221.354130498886
2024-05-31,1330.7410035382493
2024-06-01,1473.6813039238575
2024-06-02,1490.7626796911466
2024-06-03,1479.5582123474937
2024-06-04,1709.2242267944375
2024-06-05,1491.8349981620656
2024-06-06,1207.1642026549719
2024-06-07,1153.2106085311268
2024-06-08,861.3196779215568
2024-06-09,1037.0880537822984
2024-06-10,1060.4119661465547
2024-06-11,1091.9973723729095
2024-06-12,1016.494501806416
2024-06-13,1122.4406654279867
2024-06-14,1101.1145550524031
2024-06-15,1066.9978485843853
2024-06-16,1086.2626642371627
2024-06-17,920.1873409157503
2024-06-18,1027.8143165438257
2024-06-19,1067.7753916804313
2024-06-20,1056.850934930629
2024-06-21,1274.2631162955875
2024-06-22,1335.1747753536906
2024-06-23,1387.3224758491735
2024-06-24,1428.9117374355922
2024-06-25,1214.8880456697395
2024-06-26,1466.245631947253
2024-06-27,1466.2456319472526
2024-06-28,1965.660290195621
2024-06-29,1643.513495779585
2024-06-30,1594.56530516269
2024-07-01,1594.56530516269
2024-07-02,1387.1619436423357
2024-07-03,1153.5842477662675
2024-07-04,1153.5842477662675
2024-07-05,1038.8422418882146
2024-07-06,886.1154420445973
2024-07-07,1713.6103574665256
2024-07-08,1713.6103574665253
2024-07-09,1776.2414848451328
2024-07-10,2510.940763720575
2024-07-11,1978.0045698454458
2024-07-12,1978.0045698454462
2024-07-13,2092.658413586399
2024-07-14,3258.821399346137
2024-07-15,3391.222535458204
2024-07-16,3391.2225354582047
2024-07-17,2847.724141532389
2024-07-18,2452.081627697267
2024-07-19,2501.6332692372125
2024-07-20,2501.6332692372125
2024-07-21,2220.2767831004235
2024-07-22,2019.7020331163594
2024-07-23,2019.7020331163594
2024-07-24,2001.4984465353136
2024-07-25,2094.63939096855
2024-07-26,1952.550848546263
2024-07-27,1952.5508485462628
2024-07-28,1946.975645218684
2024-07-29,2072.259695389384
2024-07-30,1859.6000209804604
2024-07-31,1859.6000209804606
2024-08-01,1832.4723780642373
2024-08-02,1777.5402290482468
2024-08-03,1643.1282030112325
2024-08-04,1643.1282030112325
2024-08-05,1583.4208194840596
2024-08-06,1948.3705186777727
2024-08-07,2097.3514041957797
2024-08-08,2097.351404195779
2024-08-09,2295.581824228455
2024-08-10,2322.356770184677
2024-08-11,2322.3567701846764
2024-08-12,2382.796500190489
2024-08-13,2385.2673054036836
2024-08-14,2189.48462756004
2024-08-15,2189.48462756004
2024-08-16,2262.8492859063645
2024-08-17,2120.6021982011334
2024-08-18,2068.5588428424353
2024-08-19,2068.558842842435
2024-08-20,2962.31972219972
2024-08-21,2862.263140517638
2024-08-22,2862.263140517638
2024-08-23,2901.9416158009276
2024-08-24,2748.1122792426845
2024-08-25,2769.4474667061877
2024-08-26,2769.4474667061872
2024-08-27,2638.9073570926867
2024-08-28,2351.3144294868735
2024-08-29,2407.8775190886427
2024-08-30,2407.877519088643
2024-08-31,2176.649489189684
2024-09-01,2045.3299741256396
2024-09-02,1947.5340064361567
2024-09-03,1947.5340064361565
2024-09-04,1887.5329903899633
2024-09-05,1978.8245890255187
2024-09-06,1824.863593411068
2024-09-07,1818.348318198628
2024-09-08,2172.1274135164545
2024-09-09,2406.9064403170373
2024-09-10,2406.9064403170373
2024-09-11,2453.152366899723
2024-09-12,2173.9622805378594
2024-09-13,2138.0146434522007
2024-09-14,2138.0146434522007
2024-09-15,2090.6094314915676
2024-09-16,1944.3539496886806
2024-09-17,2287.2053379964887
2024-09-18,2287.2053379964887
2024-09-19,2192.563695812924
2024-09-20,2186.4800560484928
2024-09-21,2186.4800560484928
2024-09-22,2186.4800560484928
2024-09-23,2117.9627841320903
2024-09-24,1650.3562741319467
2024-09-25,1650.3562741319472
2024-09-26,1611.0914189004168
2024-09-27,1763.952283147741
2024-09-28,2259.5934582277855
2024-09-29,2259.593458227786
2024-09-30,3660.3438890526254
2024-10-01,4424.487978142828
2024-10-02,4599.148104971242
2024-10-03,4599.148104971241
2024-10-04,4447.51245257777
2024-10-05,4109.4867461608255
2024-10-06,4008.524597435181
2024-10-07,3955.3235084941866
2024-10-08,3489.9378347623633
2024-10-09,2999.1799668725657
2024-10-10,2999.179966872565
2024-10-11,2919.2363011465927
2024-10-12,2953.10863993933
2024-10-13,2720.9017611491367
2024-10-14,2720.901761149137
2024-10-15,2692.7536590418486
2024-10-16,2897.1560458110616
2024-10-17,2800.726513711383
2024-10-18,2800.7265137113836
2024-10-19,2567.7327501663185
2024-10-20,2543.6861448525024
2024-10-21,2520.3169045778955
2024-10-22,2520.316904577895
2024-10-23,2358.2959700976035
2024-10-24,2315.6184017340292
2024-10-25,2315.6184017340292
2024-10-26,2312.611396545501
2024-10-27,2366.630383005613
2024-10-28,2227.5245894424193
2024-10-29,2227.5245894424193
2024-10-30,2230.4361936043224
2024-10-31,2351.531136141119
2024-11-01,2369.266863205251
2024-11-02,2369.266863205251
2024-11-03,2044.5346314787432
2024-11-04,2060.043144023958
2024-11-05,2060.043144023958
2024-11-06,2060.0431440239577
2024-11-07,2062.754522538635
2024-11-08,2128.4583368938343
2024-11-09,2128.458336893834
2024-11-10,2167.4193521077254
2024-11-11,2058.726395293509
2024-11-12,2018.2809220673316
2024-11-13,2018.2809220673316
2024-11-14,2084.0825440129656
2024-11-15,2127.135529395029
2024-11-16,2136.777740278555
2024-11-17,2136.7777402785546
2024-11-18,2222.8354842003628
2024-11-19,2130.432935011942
2024-11-20,2011.7452696669222
2024-11-21,2004.3158768272438
2024-11-22,2026.9926558205448
2024-11-23,1991.432553746234
2024-11-24,1950.4664320678626
2024-11-25,1931.9233859344022
2024-11-26,1970.9396787702676
2024-11-27,2050.1804348854885
2024-11-28,2050.1804348854876
2024-11-29,2048.1839295315613
2024-11-30,1985.0386274930088
2024-12-01,2014.3309023246259
2024-12-02,2014.3309023246259
2024-12-03,2013.4086103119337
2024-12-04,2001.6775157650518
2024-12-05,1986.1507970660518
2024-12-06,1986.1507970660518
2024-12-07,1991.7929272326921
2024-12-08,1831.6473748384622
2024-12-09,1831.6473748384626
2024-12-10,1831.6473748384624
2024-12-11,1800.5482675856117
2024-12-12,1676.421778840498
2024-12-13,1676.4217788404978
2024-12-14,1676.421778840498
2024-12-15,1661.648520967031
2024-12-16,1945.3508398261097
2024-12-17,1945.3508398261097
2024-12-18,1904.4659222040189
2024-12-19,1897.1707697532358
2024-12-20,1962.3466758210689
2024-12-21,1962.346675821069
2024-12-22,1871.6393032603823
2024-12-23,1867.717984939403
2024-12-24,1838.7169033060677
2024-12-25,1838.1980937250457
2024-12-26,1787.8402531006248
2024-12-27,1694.2625292403989
2024-12-28,1694.2625292403984
2024-12-29,1691.70954211112
2024-12-30,1646.4274997132582
2024-12-31,1580.9771287810918
2025-01-01,1580.9771287810918
2025-01-02,1567.239430783838
2025-01-03,1670.6531713093968
2025-01-04,1674.5014023372394
2025-01-05,1674.5014023372394
2025-01-06,1678.5554211526355
2025-01-07,1376.9966661828728
2025-01-08,1371.4657100860286
2025-01-09,1371.4657100860286
2025-01-10,1242.0854811912232
2025-01-11,1277.2412651593293
2025-01-12,1495.6106775653818
2025-01-13,1495.6106775653816
2025-01-14,1286.801586363022
2025-01-15,1392.6855815704628
2025-01-16,1403.7988267862968
2025-01-17,1395.9962036396219
2025-01-18,1330.8644060698705
2025-01-19,1461.5182034966936
2025-01-20,1424.3142645016833
2025-01-21,1241.6179266731756
2025-01-22,1258.0093232299714
2025-01-23,1378.8311141962595
2025-01-24,1519.5825618379026
2025-01-25,1412.100702870127
2025-01-26,1614.611732885354
2025-01-27,1496.1823137391264
2025-01-28,1357.5374216844043
2025-01-29,1317.8649016471718
2025-01-30,1268.2843944424517
2025-01-31,1344.4794794266597
2025-02-01,1359.7880293934286
2025-02-02,1448.9730374490941
2025-02-03,1468.4679446948085
2025-02-04,1307.8158590491867
2025-02-05,1399.45346343792
2025-02-06,1345.6390067742655
2025-02-07,1363.8737102856448
2025-02-08,1363.4244285717843
2025-02-09,1342.5596163188532
2025-02-10,1302.2697802092737
2025-02-11,1276.2808032024136
2025-02-12,1366.3218009046495
2025-02-13,1283.9097958591815
2025-02-14,1287.6498893289913
2025-02-15,1208.026888555527
2025-02-16,1287.3183065466237
2025-02-17,1288.0709019854878
2025-02-18,1313.6049733873429
2025-02-19,1242.82849073131
2025-02-20,1156.388599962739
2025-02-21,1204.9856077066743
2025-02-22,1237.5050815463496
2025-02-23,1274.7226245205975
2025-02-24,1414.15594359152
2025-02-25,1413.8720645796955
2025-02-26,1396.3886137904958
2025-02-27,1294.8423825148395
2025-02-28,1234.928505257917
2025-03-01,1131.1932224737031
2025-03-02,1268.9291349025405
2025-03-03,1135.9351649995133
2025-03-04,1239.4253890657901
2025-03-05,1244.0989880369564
2025-03-06,1328.7485277338014
2025-03-07,1255.84467296644
2025-03-08,1311.9378899686762
2025-03-09,1269.155220406943
2025-03-10,1287.8984733644347
2025-03-11,1227.7250554451978
2025-03-12,1329.0719370128688
2025-03-13,1260.3357816302557
2025-03-14,1273.7197951320716
2025-03-15,1333.029019149217
2025-03-16,1307.4705900106403
2025-03-17,1402.9082462810834
2025-03-18,1433.0164614442888
2025-03-19,1392.287238916945
2025-03-20,1470.9324974833032
2025-03-21,1540.9649023290733
2025-03-22,1482.0855570038473
2025-03-23,1475.0184994605377
2025-03-24,1478.1237127156016
2025-03-25,1489.602453202766
2025-03-26,1431.632579742506
2025-03-27,1438.0338061881864
2025-03-28,1478.493591286755
2025-03-29,1498.664635040809
2025-03-30,1460.1831744762019
2025-03-31,1463.6831518439806
2025-04-01,1387.2266817209656
2025-04-02,1272.4601210768676
2025-04-03,1301.1464026059707
2025-04-04,1362.9371728383649
2025-04-05,1393.9709818844492
2025-04-06,1260.0427858613457
2025-04-07,1219.269887072692
2025-04-08,1256.3659195437408
2025-04-09,1194.6296502615974
2025-04-10,1059.3673955752683
2025-04-11,1134.8255867903092
2025-04-12,1244.9750598026951
2025-04-13,1331.6687943677762
2025-04-14,1236.193669188938
2025-04-15,1304.9190282034772
2025-04-16,1297.434989967951
2025-04-17,1255.857029067328
2025-04-18,1251.901947009734
2025-04-19,1281.9521237612632
2025-04-20,1240.595171779318
2025-04-21,1350.528766427221
2025-04-22,1373.927064149671
2025-04-23,1464.8938084732504
2025-04-24,1481.44254818346
2025-04-25,1665.1356386597672
2025-04-26,1714.9929862801632
2025-04-27,1591.7469453551512
2025-04-28,1523.4503568342939
2025-04-29,1563.3640291022002
2025-04-30,1473.1071183206125
2025-05-01,1425.6732233926602
2025-05-02,1267.756983184234
2025-05-03,1175.6979586740722
2025-05-04,1165.2133029299969
2025-05-05,1219.9516918501813
2025-05-06,863.9465461039543
2025-05-07,929.0052530780913
2025-05-08,994.2623257024011
2025-05-09,962.5250187711501
2025-05-10,908.4104236349658
2025-05-11,927.4271380114894
2025-05-12,1067.9103768699645
2025-05-13,1171.6348880261169
2025-05-14,1281.8329972971205
2025-05-15,1156.4347394650172
2025-05-16,1310.0320135079876
2025-05-17,1141.090761162428
2025-05-18,1217.4553864337333
2025-05-19,1322.6759423175688
2025-05-20,1404.2433885745515
2025-05-21,1514.6836248493769
2025-05-22,1801.4830900392785
2025-05-23,1858.6508544481449
2025-05-24,1678.3328258796694
2025-05-25,1719.6328423727368
2025-05-26,1556.3007440785254
2025-05-27,1453.7479444801495
2025-05-28,1274.7806577158046
2025-05-29,1197.0572916839458
2025-05-30,1181.4801256422375
2025-05-31,1285.774918837531
2025-06-01,1289.9496277222495
2025-06-02,1175.4442454933485
2025-06-03,1131.5193988016858
2025-06-04,1163.0904535815714
2025-06-05,1122.5420270373183
2025-06-06,1631.9578520436246
2025-06-07,1575.949481683446
2025-06-08,1635.6713728127713
2025-06-09,1546.902140881939
2025-06-10,1478.5189916720985
2025-06-11,1408.0221878900616
2025-06-12,1254.375751027955
2025-06-13,1147.993776235681
2025-06-14,1195.2357921607418
2025-06-15,1526.5823419591543
2025-06-16,1537.389567028611
2025-06-17,1472.8196029964017
2025-06-18,1740.3579655422445
2025-06-19,1834.7162608272267
2025-06-20,1385.4794157073763
2025-06-21,1532.702218102332
2025-06-22,1749.895079563162
2025-06-23,1754.6366510844705
2025-06-24,1963.1698504959468
2025-06-25,2050.234180458537
2025-06-26,2127.488448213652
2025-06-27,2058.5765625949102
2025-06-28,1819.522784664857
2025-06-29,1842.373341252635
2025-06-30,1851.2035104359095
2025-07-01,1894.0577655587017
2025-07-02,1654.3744089756963
2025-07-03,1662.7148343478673
2025-07-04,1623.8861066258446
2025-07-05,1354.2517257178458
2025-07-06,1651.3148649228615
2025-07-07,1446.3817179583216
2025-07-08,1462.438455993097
2025-07-09,1477.916610452974
2025-07-10,1487.7968053716932
2025-07-11,1455.2953334293986
2025-07-12,1093.6535678240998
2025-07-13,1077.9070233034554
2025-07-14,1075.6485438130496
2025-07-15,1144.3531319700246
2025-07-16,1096.5785619338117
2025-07-17,1199.5114956632924
2025-07-18,1225.571115140449
2025-07-19,1276.951895787305
2025-07-20,1140.3409689698406
2025-07-21,1086.651529062975
2025-07-22,1139.6029035290353
2025-07-23,1038.3704824101374
2025-07-24,891.167366399182
2025-07-25,997.6109047712692
2025-07-26,1138.789824210608
2025-07-27,1092.9770433153374
2025-07-28,858.7142567681168
2025-07-29,897.4609433786152
2025-07-30,911.0871723999904
2025-07-31,761.3565865803795
2025-08-01,865.6746165234777
2025-08-02,1024.5568449673326
2025-08-03,989.8424079690494
2025-08-04,1227.0810459861843
2025-08-05,1545.9213429113333
2025-08-06,1525.3953994792682
2025-08-07,1589.197903561902
2025-08-08,1176.7436061727635
2025-08-09,1399.4936863362377
2025-08-10,1383.5368795776308
2025-08-11,1216.3867553148157
2025-08-12,1152.0353889662179
2025-08-13,1165.8105298997039
2025-08-14,1385.592653935719
2025-08-15,1094.3708901317768
2025-08-16,1081.324508404126
2025-08-17,1110.3212707240639
2025-08-18,957.1378624658312
2025-08-19,1207.993827667555
2025-08-20,1235.5073192054847
2025-08-21,1211.6771627547155
2025-08-22,1068.9330577346022
2025-08-23,962.5025696273906
2025-08-24,1114.7333056609802
2025-08-25,1349.2803225044997
2025-08-26,1132.9419422749654
2025-08-27,1238.4621699803452
2025-08-28,1382.49723809946
2025-08-29,1502.1920550356147
2025-08-30,1417.4702247338273
2025-08-31,1469.715950571501
2025-09-01,1695.7593890963913
2025-09-02,1684.993684943479
2025-09-03,1565.8338323207415
2025-09-04,1554.389868555907
2025-09-05,1479.9855368875776
2025-09-06,1518.3571644930378
2025-09-07,1583.899011589297
2025-09-08,1617.2129593847988
2025-09-09,1497.8805000269217
2025-09-10,1894.2427996253743
2025-09-11,1399.1814761794278
2025-09-12,1550.6206963676718
2025-09-13,1578.9990438738018
2025-09-14,1392.8416137208396
2025-09-15,1433.7534112657333
2025-09-16,1469.165811730666
2025-09-17,1669.6277971108134
2025-09-18,1659.845206771873
2025-09-19,1939.3155665012155
2025-09-20,2342.1923482196316
2025-09-21,2330.2216496886626
2025-09-22,2028.7629053896426
2025-09-23,1855.1379252321879
2025-09-24,2380.437753870932
2025-09-25,2148.3183640387488
2025-09-26,1984.989392614245
2025-09-27,1695.4931787380121
2025-09-28,1602.9229866146225
2025-09-29,1532.5875509153122
2025-09-30,1335.9710702589698
2025-10-01,1421.0013803534946
2025-10-02,1407.7881747181339
2025-10-03,1605.8276310010756
2025-10-04,2727.5709281534764
2025-10-05,3148.0862032530767
2025-10-06,3255.560735033346
2025-10-07,3095.5457477377736
2025-10-08,2993.7938548443626
2025-10-09,2987.6836924564573
2025-10-10,2897.2426387347127
2025-10-11,2580.6548921072913
2025-10-12,2636.2908240572933
2025-10-13,2662.909195513366
2025-10-14,2654.8228684677624
2025-10-15,2667.956434227782
2025-10-16,2654.5828323979963
2025-10-17,2663.290812062724
2025-10-18,2364.371143669831
2025-10-19,2341.976114675092
2025-10-20,2308.66064483456
2025-10-21,2330.903378045142
2025-10-22,2144.3448586375835
2025-10-23,2118.475765057935
2025-10-24,2213.6737345719553
2025-10-25,2181.43778845071
2025-10-26,2235.0529031801652
2025-10-27,1964.3645483048044
2025-10-28,1848.3504439968872
2025-10-29,1553.9205021831224
2025-10-30,1364.9960157638818
2025-10-31,1400.2378780736624
2025-11-01,1671.164824843605
2025-11-02,2152.7834867151573
2025-11-03,1975.878700998148
2025-11-04,2245.176916432088
2025-11-05,2369.4775689335324
2025-11-06,2535.768241041336
2025-11-07,2683.1264582867434
2025-11-08,2629.5760274017894
2025-11-09,2668.1962237646494
2025-11-10,2456.222361431155
2025-11-11,2452.563397286122
2025-11-12,2314.371173139596
2025-11-13,2322.450099814251
2025-11-14,2203.8813436189616
2025-11-15,2295.0834898850735
2025-11-16,2221.4715565920856
2025-11-17,2068.768807192527
2025-11-18,1987.9520504259249
2025-11-19,1933.0600712444227
2025-11-20,1947.5662477188007
2025-11-21,1761.4668894298463
2025-11-22,1732.5494886793315
2025-11-23,1810.634815659593
2025-11-24,1940.561690494012
2025-11-25,1944.5353502387406
2025-11-26,1738.7639837291038
2025-11-27,1740.138530779011
2025-11-28,1579.9842531513987
2025-11-29,1786.7603568793104
2025-11-30,1646.2138736563898
2025-12-01,1372.052957044491
2025-12-02,1459.3030547077472
2025-12-03,1356.378659443663
2025-12-04,1661.972800553672
2025-12-05,1483.6043522916782
2025-12-06,1689.1913602153147
2025-12-07,1434.3021424631695
2025-12-08,1741.5890512236017
2025-12-09,1830.2032333259303
2025-12-10,1888.8699492383357
2025-12-11,1817.1335410002216
2025-12-12,1787.898881780938
2025-12-13,1884.3829421749265
2025-12-14,1626.0725526822002
2025-12-15,1596.8636284201511
2025-12-16,1473.3683049811498
2025-12-17,1560.4808196324832
2025-12-18,1566.5426947977849
2025-12-19,1498.5387793917218
2025-12-20,1520.7149959895585
2025-12-21,1350.4386840475345
2025-12-22,1421.0597416912065
2025-12-23,1369.2993034156586
2025-12-24,1455.695152613098
2025-12-25,1441.5357046044144
2025-12-26,1392.7432223287335
2025-12-27,1513.3321916112209
2025-12-28,1361.0286938915751
2025-12-29,1354.0592182703629
2025-12-30,1201.8441769281512
2025-12-31,1222.6269287360856
2026-01-01,1474.3335125095828
2026-01-02,1650.6579114917502
2026-01-03,1647.4749024996072
2026-01-04,1412.082087778408
2026-01-05,1497.3945590679043
2026-01-06,1293.5447683686205
2026-01-07,1380.615194727534
2026-01-08,1211.749403883097
2026-01-09,1432.4789173526788
2026-01-10,1226.850513408874
2026-01-11,1195.5973867509847
2026-01-12,1399.1756147574947
2026-01-13,1238.543707778942
2026-01-14,1028.5458879850926
2026-01-15,1160.1493322521894
2026-01-16,1348.2083318715393
2026-01-17,1170.2374218695431
2026-01-18,1344.6579611631607
2026-01-19,1297.6852911123872
2026-01-20,1224.5008494991641
2026-01-21,1335.8959663844944
2026-01-22,1468.1762276504842
2026-01-23,1395.9040916798679
2026-01-24,1254.6022818038389
2026-01-25,1227.123036426337
2026-01-26,1231.7853656512034
2026-01-27,1309.2734584927869
2026-01-28,1284.5967356883018
2026-01-29,1149.4977024897257
2026-01-30,1209.589022097048
2026-01-31,1194.9215900532706
2026-02-01,1399.095043759533
2026-02-02,1307.7301854529298
2026-02-03,1269.0245238062375
2026-02-04,1384.4562184069785
2026-02-05,1338.4451479756995
2026-02-06,1362.033355121479
2026-02-07,1290.5783604082997
2026-02-08,1286.015484348042
2026-02-09,1201.48027634517
2026-02-10,1242.5271019222637
2026-02-11,1265.2585223372846
2026-02-12,1297.259189100709
2026-02-13,1312.74220548885
2026-02-14,1351.266432756853
2026-02-15,1463.5817841886462
2026-02-16,1402.8612848121747
2026-02-17,1540.984500373795
2026-02-18,1504.6478701809353
2026-02-19,1565.66517562534
2026-02-20,1474.465966278477
2026-02-21,1372.823337569134
2026-02-22,1361.136783497395
2026-02-23,1231.1987286315498
2026-02-24,1187.9271487561482
2026-02-25,1090.875544479802
2026-02-26,1248.932225944065
2026-02-27,1281.1014296584817
2026-02-28,1152.429032777578
2026-03-01,1218.2452883790534
2026-03-02,1139.2401943548662
2026-03-03,1283.17455386735
2026-03-04,1199.041472692992
2026-03-05,1364.4823030106152
2026-03-06,1185.4687910066095
2026-03-07,1138.786275229009
2026-03-08,1117.921316743155
2026-03-09,1037.3813639597938
2026-03-10,1005.7259483345385
2026-03-11,1084.8193223872318
2026-03-12,1162.9002353236149
2026-03-13,1170.738456398618
2026-03-14,1366.4085042072297
2026-03-15,1415.6336968354049
2026-03-16,1269.9167135828748
2026-03-17,1276.235825266457
2026-03-18,1209.3177741991979
2026-03-19,1183.9512202249919
2026-03-20,1182.4278673735969
2026-03-21,1308.562285796984
2026-03-22,1184.61985333418
2026-03-23,1531.2910418252804
2026-03-24,1549.4116527061713
2026-03-25,1654.869588723073
2026-03-26,1550.7709138525508
2026-03-27,1419.1084594268928
2026-03-28,1268.5191558927374
2026-03-29,1181.2881476156394
2026-03-30,1300.8906640030268
2026-03-31,1500.126263681045
2026-04-01,1334.7305429667254
2026-04-02,1393.4813303966014
2026-04-03,1360.6662153414277
2026-04-04,1328.9897151769692
2026-04-05,1225.7092012429882
2026-04-06,1437.4402288430283
2026-04-07,1348.5377743616048
2026-04-08,1201.8414073812844
2026-04-09,1215.557355189378
2026-04-10,1193.3115467384782
2026-04-11,1172.908540029192
2026-04-12,1158.2645978660046
2026-04-13,1250.1263408851833
2026-04-14,1181.7725308496415
2026-04-15,1469.4997157843206
2026-04-16,1339.9382463723578
2026-04-17,1388.7754067536525
2026-04-18,1266.7343351711004
2026-04-19,1408.2609893395881
2026-04-20,1409.5871469023757
2026-04-21,1350.3889533318584
2026-04-22,1549.1614609644796
2026-04-23,1583.505270303933
2026-04-24,1501.83327349299
2026-04-25,1341.1918094027842
2026-04-26,1242.8817388258815
2026-04-27,1140.0937417589937
2026-04-28,1150.0285186830633
2026-04-29,1593.7102847257318
2026-04-30,1514.2307186824412
2026-05-01,1601.900191689115
2026-05-02,1450.0882861391776
2026-05-03,1529.6480459677773
2026-05-04,1423.612729326152
2026-05-05,1209.3380104942203
2026-05-06,1027.5410852628208
2026-05-07,989.2332594280589
2026-05-08,1125.3650647323616
2026-05-09,1026.6580359519492
2026-05-10,1262.1977336434895
2026-05-11,1099.3523350353792
2026-05-12,1111.5085024654754
2026-05-13,1118.9193459640437
2026-05-14,1272.0500611676096
2026-05-15,1337.9528082419845
2026-05-16,1222.693448482744
2026-05-17,1272.7751582791861
2026-05-18,1262.0274908841493
2026-05-19,1252.1668730205486
2026-05-20,1026.9041877999039
2026-05-21,975.6077652880199
2026-05-22,969.6915210235439
2026-05-23,1068.015417994614
2026-05-24,1185.6429728979572
2026-05-25,1078.073368016262
2026-05-26,1434.2498503379259
2026-05-27,1372.2235391882264
2026-05-28,1458.4931005311666
2026-05-29,1397.9689526309323
2026-05-30,1450.600414077351
2026-05-31,1228.555459433226
2026-06-01,1253.9295495219794
2026-06-02,1464.5019087335222
2026-06-03,1477.1178841664632
2026-06-04,1467.9125256055243
2026-06-05,1878.484900807305
2026-06-06,1924.3096728086716
2026-06-07,2067.437559971642
2026-06-08,2031.243086318808
2026-06-09,2404.1495291834267
2026-06-10,2097.161809565122
2026-06-11,1664.477403534623
2026-06-12,1390.4546844944982
2026-06-13,1465.2012400910119
2026-06-14,1376.410090999057
2026-06-15,1536.579263243067
2026-06-16,1482.075250035317
2026-06-17,1399.5454022274048
2026-06-18,1590.2328212180198
2026-06-19,1556.9557381327322
2026-06-20,1481.1258586110102
2026-06-21,1244.8518857615738
2026-06-22,1287.299641230561
2026-06-23,1230.9696365888374
2026-06-24,1269.7526909771536
2026-06-25,1509.1827430917972
2026-06-26,1513.814910544538
2026-06-27,1559.3957401738405
2026-06-28,1287.6329661488705
2026-06-29,1239.2636276197761
2026-06-30,1322.8371803347045
2026-07-01,1182.3110275960034
2026-07-02,1064.5919191987493
2026-07-03,1078.005606221621
2026-07-04,1116.741897369016
2026-07-05,1056.8797170580435
2026-07-06,938.9086699685712
2026-07-07,1014.2989742482698
2026-07-08,843.1928552600425
2026-07-09,1428.534806907067
2026-07-10,1029.9890369601583
2026-07-11,1380.3411399603813
2026-07-12,1002.8557025910569
2026-07-13,1099.6911667550883
2026-07-14,1273.40267415793
2026-07-15,1136.4951484120766
2026-07-16,1332.5715659236857
2026-07-17,1181.8481956312753
2026-07-18,1395.156541497004
2026-07-19,1119.4267095249322
2026-07-20,1080.7861386891138
2026-07-21,1435.335295842394
2026-07-22,1061.578595906477
2026-07-23,1207.1571988539847
2026-07-24,866.104990149311
2026-07-25,1554.2278159483394
2026-07-26,1437.542088602034
2026-07-27,1577.144849181595
2026-07-28,1145.1929544683437
2026-07-29,1745.230353809156
2026-07-30,2074.545183952692
2026-07-31,1681.6423557894982
2026-08-01,1574.4770974601583
2026-08-02,1324.4306430504669
2026-08-03,1382.0256149546697
2026-08-04,1184.2640440807504
2026-08-05,1055.9532190165587
2026-08-06,979.4166003623378
2026-08-07,1414.6205174985228
2026-08-08,1709.7504015694512
2026-08-09,1250.2908540981934
2026-08-10,1883.7081830619722
2026-08-11,1615.2545322693036
2026-08-12,2052.080479084788
2026-08-13,1718.9976930824853
2026-08-14,1617.546526103066
2026-08-15,1890.961983293559
2026-08-16,1528.5154431358012
2026-08-17,1846.5331040722285
2026-08-18,1885.9110406465904
2026-08-19,1820.0956592561222
2026-08-20,1904.2225736920086
2026-08-21,1619.7099557975794
2026-08-22,1533.4021567203224
2026-08-23,1592.0302676352899
2026-08-24,2129.2653793085046
2026-08-25,1593.3756820814342
2026-08-26,1764.052010733476
2026-08-27,1467.7146583380897
2026-08-28,2234.2849840739573
2026-08-29,1794.7228274929255
2026-08-30,1896.797295827001
2026-08-31,1954.4859015680945
2026-09-01,1735.4230987070837
